checkpoint,dataset,snr,metric,n_trials,n_participants,min_trials,max_trials,est_trial,lo_trial,hi_trial,est_balanced,lo_balanced,hi_balanced,stratified,note,t_est,t_lo,t_hi,clu_trial_lo,clu_trial_hi,clu_bal_lo,clu_bal_hi,cluster_reliable
pre_released,Fitts,10.0,Number_of_submovements_per_second,5420,10,432,652,1.7713057147321802,1.7542058471071782,1.7883413700832782,1.8111402107120824,1.7930796859474816,1.8291217292686837,True,,1.8111402107120824,1.5938805477955458,2.028399873628619,1.608632388412263,1.9556246922322622,1.6316386718782152,1.9931547729480497,False
pre_released,Fitts,10.0,Reconstruction_MASE,5420,10,432,652,0.29242950754612546,0.28832938641877304,0.29656035399095937,0.29766212845990625,0.2933408311570195,0.30207176067875396,True,,0.29766212845990625,0.2696627428134383,0.3256615141063742,0.27094409751569876,0.3176531514675882,0.27496673093780755,0.3216755636472458,False
pre_released,Fitts,10.0,Reconstruction_R2,5420,10,432,652,0.8771527264830811,0.8743057409093828,0.8800158819242817,0.8729022200603653,0.8698941452452579,0.8759266841111578,True,,0.8729022200603653,0.8443890941494069,0.9014153459713238,0.8516109674070427,0.8990286022930624,0.8484029182284732,0.8955101157329063,False
pre_released,Fitts,20.0,Number_of_submovements_per_second,5420,10,432,652,1.7988963959982611,1.7832021575873438,1.8147956278500734,1.842725471817106,1.8262974286386513,1.8596319947489357,True,,1.842725471817106,1.6186295521103076,2.0668213915239044,1.63844617374395,1.9861363034657802,1.6663130237747636,2.026852373256365,False
pre_released,Fitts,20.0,Reconstruction_MASE,5420,10,432,652,0.2663101576597786,0.26273389015500004,0.2699818938537915,0.2714615864012454,0.26768063528609765,0.27533454859772666,True,,0.2714615864012454,0.24314626102795833,0.2997769117745325,0.24438432259417123,0.29095075836601825,0.24872224267275744,0.29509544569051194,False
pre_released,Fitts,20.0,Reconstruction_R2,5420,10,432,652,0.8895332797976877,0.886656444419959,0.8923326326224856,0.8853367523820774,0.8822851434190768,0.8883311840362725,True,,0.8853367523820774,0.8574420785982493,0.9132314261659056,0.8654051806585944,0.9103333823081751,0.8612348079451823,0.9072386348383369,False
pre_released,Fitts,inf,Number_of_submovements_per_second,5420,10,432,652,1.938862110177103,1.9230081066156297,1.954783560986488,1.984567718327663,1.9675618479955823,2.0015353640261573,True,,1.984567718327663,1.7459469225940158,2.2231885140613104,1.7682004837054295,2.147366941672073,1.7944093675416746,2.1890852706654322,False
pre_released,Fitts,inf,Reconstruction_MASE,5420,10,432,652,0.26619497811180814,0.26265525205107937,0.26978779122219554,0.27129400017723765,0.2675974341718742,0.27502999538304385,True,,0.27129400017723765,0.24233558217080842,0.3002524181836669,0.24447317371845617,0.29098042935617496,0.24884768498243773,0.29520191018704983,False
pre_released,Fitts,inf,Reconstruction_R2,5420,10,432,652,0.8879443602918259,0.8851008789285303,0.8906749124429102,0.8838080387410177,0.8808178911854162,0.8867159306533116,True,,0.8838080387410177,0.8554360874535101,0.9121799900285252,0.8634108839150697,0.9090200837930146,0.8598732781728662,0.9057558714425665,False
pre_released,crank,10.0,Number_of_submovements_per_second,1000,5,200,200,3.424900182634592,3.3929107878338547,3.4582994078155607,3.4249001826345924,3.392910787833855,3.458299407815561,True,,3.4249001826345924,3.3527149230408333,3.4970854422283515,3.3875844195485114,3.4756705539319652,3.3875844195485114,3.4756705539319652,False
pre_released,crank,10.0,Reconstruction_MASE,1000,5,200,200,0.144152406628,0.14246707864795,0.14590454322942503,0.144152406628,0.14246707864795002,0.145904543229425,True,,0.144152406628,0.14092821618000315,0.14737659707599685,0.142279232365,0.146361390473,0.142279232365,0.14636139047299998,False
pre_released,crank,10.0,Reconstruction_R2,1000,5,200,200,0.5527717481255532,0.538919927059114,0.5659034405320883,0.5527717481255532,0.5389199270591141,0.5659034405320883,True,,0.5527717481255532,0.5144930084780452,0.5910504877730611,0.5326850224733353,0.5795515931844711,0.5326850224733353,0.579551593184471,False
pre_released,crank,20.0,Number_of_submovements_per_second,1000,5,200,200,4.163168325126171,4.103172097524628,4.224814847867936,4.16316832512617,4.103172097524628,4.224814847867935,True,,4.16316832512617,4.028842480316298,4.2974941699360425,4.084740181937814,4.2457609820365905,4.084740181937813,4.2457609820365905,False
pre_released,crank,20.0,Reconstruction_MASE,1000,5,200,200,0.125428212996,0.12381023803199999,0.12708742625570002,0.125428212996,0.12381023803199999,0.1270874262557,True,,0.125428212996,0.11921916320002789,0.1316372627919721,0.12275524717099998,0.12990934356999997,0.12275524717099998,0.12990934357,False
pre_released,crank,20.0,Reconstruction_R2,1000,5,200,200,0.6426029860973358,0.6294834146767855,0.6555214206606149,0.6426029860973358,0.6294834146767855,0.6555214206606149,True,,0.6426029860973358,0.6266453289386034,0.6585606432560682,0.6335686717629433,0.6535889580249786,0.6335686717629432,0.6535889580249787,False
pre_released,crank,inf,Number_of_submovements_per_second,1000,5,200,200,5.120204067081213,5.027106125190854,5.2126119243409486,5.120204067081213,5.027106125190854,5.2126119243409486,True,,5.120204067081213,4.668263432707512,5.5721447014549135,4.819339739531278,5.390625854730606,4.819339739531278,5.390625854730605,False
pre_released,crank,inf,Reconstruction_MASE,1000,5,200,200,0.120437514395,0.11873434164874999,0.12214347948644999,0.12043751439500001,0.11873434164875,0.12214347948645,True,,0.12043751439500001,0.11525793444109636,0.12561709434890367,0.116969935919,0.12321963208299999,0.116969935919,0.12321963208299999,False
pre_released,crank,inf,Reconstruction_R2,1000,5,200,200,0.6493878804445267,0.6345009859919548,0.6639018469616771,0.6493878804445267,0.6345009859919548,0.6639018469616771,True,,0.6493878804445267,0.6092432911369573,0.689532469752096,0.6255901530981064,0.6731856077909469,0.6255901530981063,0.6731856077909469,False
pre_released,object_moving,10.0,Number_of_submovements_per_second,800,5,160,160,2.410841200291179,2.345420874069678,2.4766983634378996,2.410841200291179,2.345420874069678,2.4766983634378996,True,,2.410841200291179,2.3478537441949676,2.473828656387391,2.3756241221912204,2.455334320664406,2.3756241221912204,2.455334320664406,False
pre_released,object_moving,10.0,Reconstruction_MASE,800,5,160,160,0.16295710700875002,0.15804813488953126,0.16817596379096875,0.16295710700875002,0.15804813488953123,0.16817596379096875,True,,0.16295710700875002,0.15445017234653316,0.17146404167096688,0.1581136568325,0.1682190514875,0.1581136568325,0.1682190514875,False
pre_released,object_moving,10.0,Reconstruction_R2,800,5,160,160,0.9216687340289355,0.9142598794624209,0.9285241486616432,0.9216687340289355,0.9142598794624208,0.9285241486616432,True,,0.9216687340289355,0.9111162135795203,0.9322212544783506,0.9143508550524712,0.9278023344278336,0.9143508550524713,0.9278023344278334,False
pre_released,object_moving,20.0,Number_of_submovements_per_second,800,5,160,160,3.0830149296903984,3.005214327033609,3.1625619473221014,3.0830149296903984,3.005214327033609,3.1625619473221014,True,,3.0830149296903984,2.9879652960422516,3.178064563338545,3.03019930080045,3.150395789486356,3.03019930080045,3.150395789486356,False
pre_released,object_moving,20.0,Reconstruction_MASE,800,5,160,160,0.12191733126999998,0.11811880717528125,0.12589526582018748,0.12191733127000001,0.11811880717528123,0.1258952658201875,True,,0.12191733127000001,0.11374890179709754,0.13008576074290248,0.11677969407250002,0.1270549684675,0.11677969407250002,0.12705496846750003,False
pre_released,object_moving,20.0,Reconstruction_R2,800,5,160,160,0.9534510587155819,0.9487124299518764,0.9577192382682115,0.953451058715582,0.9487124299518765,0.9577192382682116,True,,0.953451058715582,0.9451379549009469,0.9617641625302171,0.9477613530308008,0.9583192289620638,0.9477613530308009,0.9583192289620637,False
pre_released,object_moving,inf,Number_of_submovements_per_second,800,5,160,160,4.949270823877304,4.861835128110834,5.037465452741599,4.949270823877304,4.861835128110834,5.037465452741599,True,,4.949270823877304,4.834098798425155,5.0644428493294535,4.890260336967185,5.033064185315743,4.890260336967185,5.033064185315743,False
pre_released,object_moving,inf,Reconstruction_MASE,800,5,160,160,0.11805041275375,0.11485299481421876,0.12123649069581251,0.11805041275375001,0.11485299481421875,0.1212364906958125,True,,0.11805041275375001,0.11241682602685701,0.12368399948064301,0.11461229775499998,0.1214885277525,0.114612297755,0.1214885277525,False
pre_released,object_moving,inf,Reconstruction_R2,800,5,160,160,0.957412117794156,0.9545423294603824,0.9601070299744606,0.957412117794156,0.9545423294603824,0.9601070299744605,True,,0.957412117794156,0.9523228698237179,0.9625013657645941,0.9542630182951689,0.9605299357324839,0.954263018295169,0.9605299357324839,False
pre_released,pointing,10.0,Number_of_submovements_per_second,683,2,332,351,1.2705437781488302,1.221639650468176,1.3220213077557414,1.267716950488333,1.2189698441858325,1.3188386296296173,True,,1.267716950488333,-0.023449651567930108,2.558883552544596,1.1660999351136208,1.3693339658630455,1.1660999351136208,1.3693339658630455,False
pre_released,pointing,10.0,Reconstruction_MASE,683,2,332,351,0.20317684261786237,0.1987701707316252,0.2076744102418375,0.2030031742932456,0.19859570701563528,0.20749861546213885,True,,0.2030031742932456,0.12367936417432025,0.28232698441217097,0.19676025504518072,0.20924609354131052,0.19676025504518072,0.20924609354131052,False
pre_released,pointing,10.0,Reconstruction_R2,683,2,332,351,0.9679401786575206,0.9655764585074534,0.9701841258156177,0.9679151198126664,0.96557073544104,0.9701478748888843,True,,0.9679151198126664,0.9564693765811411,0.9793608630441918,0.9670143202844873,0.9688159193408455,0.9670143202844873,0.9688159193408455,False
pre_released,pointing,20.0,Number_of_submovements_per_second,683,2,332,351,1.9525817263800525,1.89922868571071,2.0052385505607235,1.9511925483303438,1.8974145311863333,2.004229925451736,True,,1.9511925483303438,1.316679052103245,2.5857060445574427,1.9012552531750266,2.001129843485661,1.9012552531750266,2.001129843485661,False
pre_released,pointing,20.0,Reconstruction_MASE,683,2,332,351,0.16751011137188873,0.1636503436330161,0.17148238115735726,0.1674018226483927,0.1635556104150137,0.17135356513126407,True,,0.1674018226483927,0.11794044758431625,0.21686319771246915,0.16350912800903614,0.1712945172877493,0.16350912800903614,0.1712945172877493,False
pre_released,pointing,20.0,Reconstruction_R2,683,2,332,351,0.9767768243395916,0.9749660140620667,0.9784771528329542,0.9767319179169346,0.9749342576850825,0.9784328210021908,True,,0.9767319179169346,0.9562207017707384,0.9972431340631308,0.975117650197213,0.9783461856366562,0.975117650197213,0.9783461856366562,False
pre_released,pointing,inf,Number_of_submovements_per_second,683,2,332,351,3.915214696912692,3.8376210810791154,3.993511261967983,3.909949220268315,3.8324626055243165,3.987997424360946,True,,3.909949220268315,1.5049184212094073,6.314980019327223,3.7206691914204373,4.099229249116193,3.7206691914204373,4.099229249116193,False
pre_released,pointing,inf,Reconstruction_MASE,683,2,332,351,0.16059586156515374,0.15662113895292823,0.16492146463107615,0.16049440408195173,0.15652986114664824,0.16480542812946444,True,,0.16049440408195173,0.11415322960226576,0.2068355785616377,0.15684727455421688,0.16414153360968659,0.15684727455421688,0.16414153360968659,False
pre_released,pointing,inf,Reconstruction_R2,683,2,332,351,0.975715016899835,0.9736870863907159,0.9776138102414842,0.9756767063541691,0.9736585702040806,0.9775776036644162,True,,0.9756767063541691,0.9581781875157043,0.993175225192634,0.9742995430547071,0.9770538696536312,0.9742995430547071,0.9770538696536312,False
pre_released,steering,10.0,Number_of_submovements_per_second,360,9,40,40,3.5850783437490463,3.561270112854739,3.609563592216,3.5850783437490463,3.561270112854739,3.609563592216,True,,3.5850783437490463,3.3785314686899013,3.7916252188081914,3.431593782315031,3.7610480561076356,3.431593782315031,3.7610480561076356,False
pre_released,steering,10.0,Reconstruction_MASE,360,9,40,40,0.2375572993888889,0.2366968883451389,0.23841355342430556,0.23755729938888892,0.23669688834513888,0.23841355342430554,True,,0.23755729938888892,0.22724263550320944,0.2478719632745684,0.22894130155000003,0.24551295022222222,0.22894130155000003,0.24551295022222222,False
pre_released,steering,10.0,Reconstruction_R2,360,9,40,40,0.9427065092656347,0.9421352742157049,0.943279197882447,0.9427065092656347,0.9421352742157049,0.943279197882447,True,,0.9427065092656347,0.9377954231232701,0.9476175954079993,0.9389875365628136,0.9467914425250556,0.9389875365628136,0.9467914425250556,False
pre_released,steering,20.0,Number_of_submovements_per_second,360,9,40,40,4.289361833284299,4.260125413164496,4.31861818752562,4.289361833284299,4.260125413164496,4.31861818752562,True,,4.289361833284299,4.075696912430228,4.50302675413837,4.119688704687481,4.45563900048534,4.119688704687481,4.45563900048534,False
pre_released,steering,20.0,Reconstruction_MASE,360,9,40,40,0.17096983491666667,0.1701764047625,0.17176813579374997,0.1709698349166667,0.1701764047625,0.17176813579375,True,,0.1709698349166667,0.160041387275277,0.1818982825580564,0.16168512689027775,0.17904862869722218,0.16168512689027778,0.17904862869722224,False
pre_released,steering,20.0,Reconstruction_R2,360,9,40,40,0.9621543524993791,0.9616544724173016,0.962641063556075,0.962154352499379,0.9616544724173015,0.962641063556075,True,,0.962154352499379,0.9569329336940607,0.9673757713046972,0.95826918101973,0.9664165896053116,0.9582691810197299,0.9664165896053115,False
pre_released,steering,inf,Number_of_submovements_per_second,360,9,40,40,5.767438660065333,5.737607596969853,5.797131800527374,5.767438660065333,5.737607596969853,5.797131800527374,True,,5.767438660065333,5.519220906244555,6.015656413886112,5.557478821525971,5.9572056122124195,5.557478821525971,5.9572056122124195,False
pre_released,steering,inf,Reconstruction_MASE,360,9,40,40,0.16043979510833334,0.15967181016736112,0.16122599071277777,0.1604397951083333,0.15967181016736112,0.1612259907127778,True,,0.1604397951083333,0.14915631967532472,0.1717232705413419,0.15097840129097223,0.16898800995902777,0.1509784012909722,0.1689880099590278,False
pre_released,steering,inf,Reconstruction_R2,360,9,40,40,0.9643331156836615,0.9638809998043709,0.9647760563012627,0.9643331156836614,0.9638809998043708,0.9647760563012625,True,,0.9643331156836614,0.958921437829253,0.9697447935380699,0.9601092504171862,0.9687063467130065,0.9601092504171862,0.9687063467130064,False
pre_released,tablet_writing,10.0,Number_of_submovements_per_second,3801,44,5,572,7.471646093972904,7.423670618383224,7.520260102468401,7.345042223150769,7.284313639990599,7.407544161305964,True,,7.345042223150769,7.124683618421426,7.565400827880112,7.309441657035283,7.6245981915547345,7.117584343153787,7.538291403924115,True
pre_released,tablet_writing,10.0,Reconstruction_MASE,3801,44,5,572,0.39067214546435153,0.38805624973151803,0.393327118576493,0.3946808077545993,0.39144283497918314,0.39791452894049956,True,,0.3946808077545993,0.37941972241231187,0.4099418930968867,0.376210255263531,0.4070785905992616,0.3800044754838608,0.40972079666062344,True
pre_released,tablet_writing,10.0,Reconstruction_R2,3801,44,5,572,0.7950958357268777,0.792606003322952,0.7975701802790213,0.7954690694138516,0.7925237335735976,0.79839203042073,True,,0.7954690694138516,0.7826597404729405,0.8082783983547628,0.7815669939508236,0.8063324896879425,0.7829497818130663,0.80790150328268,True
pre_released,tablet_writing,20.0,Number_of_submovements_per_second,3801,44,5,572,8.166543307045993,8.117355426456617,8.214929077554503,8.083514075155753,8.014834678351068,8.151748069300677,True,,8.083514075155753,7.8793441366225485,8.287684013688956,8.018979355159797,8.310206511070229,7.879880558586511,8.267255263630144,True
pre_released,tablet_writing,20.0,Reconstruction_MASE,3801,44,5,572,0.3409877435595896,0.33855055174953963,0.343456908860563,0.3458445866333729,0.34280799215190016,0.34888677998402484,True,,0.3458445866333729,0.331101256985815,0.36058791628093084,0.32776295384834403,0.3567160270323417,0.33210502896391014,0.3601638244619721,True
pre_released,tablet_writing,20.0,Reconstruction_R2,3801,44,5,572,0.8312983551768057,0.8290188954636882,0.8334781901965295,0.8302175255273304,0.8274634151479608,0.8329117672737794,True,,0.8302175255273304,0.8188986149429569,0.8415364361117039,0.819369317384469,0.8407954992613194,0.8192003426612351,0.840577429093168,True
pre_released,tablet_writing,inf,Number_of_submovements_per_second,3801,44,5,572,8.499552155238442,8.45472471391078,8.5442727268464,8.441879980267224,8.383918369474639,8.499365280757658,True,,8.441879980267224,8.2727513199697,8.611008640564748,8.367549154087444,8.633532449277496,8.269402867845121,8.595233035777289,True
pre_released,tablet_writing,inf,Reconstruction_MASE,3801,44,5,572,0.3315941193554328,0.3292104823480795,0.33400178647466455,0.3367569495609883,0.33383948321906826,0.33973953847025884,True,,0.3367569495609883,0.3219077225626926,0.35160617655928394,0.31784993976621984,0.348078478689442,0.32290182969612097,0.35145985257716594,True
pre_released,tablet_writing,inf,Reconstruction_R2,3801,44,5,572,0.8371743785020898,0.8348984469801493,0.8394268557676294,0.8357827332241711,0.8332007997827271,0.8383652194176402,True,,0.8357827332241711,0.8244392234699676,0.8471262429783746,0.8251469359855914,0.8471333509252741,0.8246227682387776,0.846371562794277,True
pre_released,whacamole,10.0,Number_of_submovements_per_second,181,181,1,1,3.5868722642900535,3.4562240064874787,3.714849435184048,3.5868722642900535,3.4562240064874787,3.714849435184048,False,trials = participants; interval includes participant variation,3.5868722642900535,3.45790871858503,3.715835809995077,3.4549710549187758,3.7109280077081936,3.4549710549187758,3.7109280077081936,True
pre_released,whacamole,10.0,Reconstruction_MASE,181,181,1,1,0.35704169325966845,0.34485568245718234,0.3705694806933702,0.35704169325966845,0.34485568245718234,0.3705694806933702,False,trials = participants; interval includes participant variation,0.35704169325966845,0.3441103947349315,0.3699729917844054,0.34486786445303863,0.3703213205124309,0.34486786445303863,0.3703213205124309,True
pre_released,whacamole,10.0,Reconstruction_R2,181,181,1,1,0.8865673449816625,0.8758905107145152,0.8964620267488679,0.8865673449816625,0.8758905107145152,0.8964620267488679,False,trials = participants; interval includes participant variation,0.8865673449816625,0.8761254958887899,0.897009194074535,0.8758057887547582,0.8965731289175992,0.8758057887547582,0.8965731289175992,True
pre_released,whacamole,20.0,Number_of_submovements_per_second,181,181,1,1,4.199529456911166,4.030537489883972,4.363766123365755,4.199529456911166,4.030537489883972,4.363766123365755,False,trials = participants; interval includes participant variation,4.199529456911166,4.0317748089563725,4.367284104865959,4.029229326873442,4.365052327457096,4.029229326873442,4.365052327457096,True
pre_released,whacamole,20.0,Reconstruction_MASE,181,181,1,1,0.28022109425414365,0.26814162622790055,0.29349925902624313,0.28022109425414365,0.26814162622790055,0.29349925902624313,False,trials = participants; interval includes participant variation,0.28022109425414365,0.26740384497528924,0.29303834353299807,0.26812416171132597,0.2937890086781768,0.26812416171132597,0.2937890086781768,True
pre_released,whacamole,20.0,Reconstruction_R2,181,181,1,1,0.9071897992771634,0.8959958156087121,0.9174806267681701,0.9071897992771634,0.8959958156087121,0.9174806267681701,False,trials = participants; interval includes participant variation,0.9071897992771634,0.896329191655717,0.9180504068986097,0.8957386081225306,0.9176018428407322,0.8957386081225306,0.9176018428407322,True
pre_released,whacamole,inf,Number_of_submovements_per_second,181,181,1,1,4.611154366387518,4.4183277626269755,4.793871406522368,4.611154366387518,4.4183277626269755,4.793871406522368,False,trials = participants; interval includes participant variation,4.611154366387518,4.424695138447429,4.797613594327606,4.424103216592284,4.793990477662308,4.424103216592284,4.793990477662308,True
pre_released,whacamole,inf,Reconstruction_MASE,181,181,1,1,0.25890527502762434,0.24683326975138117,0.2723812381243094,0.25890527502762434,0.24683326975138117,0.2723812381243094,False,trials = participants; interval includes participant variation,0.25890527502762434,0.24598205953494773,0.27182849052030095,0.24703878698066298,0.27237744414364634,0.24703878698066298,0.27237744414364634,True
pre_released,whacamole,inf,Reconstruction_R2,181,181,1,1,0.9112293957346711,0.8998696488817093,0.9214170452804197,0.9112293957346711,0.8998696488817093,0.9214170452804197,False,trials = participants; interval includes participant variation,0.9112293957346711,0.9004167699697005,0.9220420214996417,0.9000772771914362,0.9215601237027684,0.9000772771914362,0.9215601237027684,True
pre_rerun,Fitts,10.0,Number_of_submovements_per_second,5420,10,432,652,1.8126164885956066,1.796096689915379,1.8289757382927112,1.8547392160427383,1.8371392116139809,1.8719520167918564,True,,1.8547392160427383,1.6387328758734117,2.070745556212065,1.651896164468112,1.99615510562546,1.6784064336604658,2.0323120194357442,False
pre_rerun,Fitts,10.0,Reconstruction_MASE,5420,10,432,652,0.30028636559594096,0.2954302857997694,0.30531353655202953,0.3063642489609552,0.30120264642906824,0.3116948463596283,True,,0.3063642489609552,0.2750195477441143,0.3377089501777961,0.27650880166496633,0.3276353136588185,0.2810197934089646,0.3326146060131313,False
pre_rerun,Fitts,10.0,Reconstruction_R2,5420,10,432,652,0.8782035046507951,0.8752942455752419,0.8811601806170826,0.8734802046087594,0.8703686842546042,0.8766007314067392,True,,0.8734802046087594,0.8434015566335383,0.9035588525839805,0.8520070022503957,0.9004452160192877,0.8476732740030569,0.8969115985811861,False
pre_rerun,Fitts,20.0,Number_of_submovements_per_second,5420,10,432,652,1.8895485781603991,1.8743752471933388,1.9045285747096121,1.9317245101489136,1.9157302622605044,1.9475706923791813,True,,1.9317245101489136,1.7154336134548116,2.1480154068430153,1.731093205605693,2.0730645894240403,1.7589374964095037,2.1097559278993385,False
pre_rerun,Fitts,20.0,Reconstruction_MASE,5420,10,432,652,0.2754001320387454,0.27105699764681734,0.27985970048643916,0.2808174264034693,0.27618467855203777,0.28552353388028057,True,,0.2808174264034693,0.2497967234621775,0.31183812934476113,0.2518533428748339,0.3032353369193282,0.2558794687747572,0.3080910201431593,False
pre_rerun,Fitts,20.0,Reconstruction_R2,5420,10,432,652,0.8879225812934861,0.8850218026458228,0.8907538064409776,0.8837507599454135,0.8807163828356073,0.8867446490492721,True,,0.8837507599454135,0.8542777042288849,0.9132238156619421,0.862308548912145,0.9095218097907405,0.8586183592424284,0.9064170014871774,False
pre_rerun,Fitts,inf,Number_of_submovements_per_second,5420,10,432,652,2.1116485546662633,2.095836241523189,2.1274422494687717,2.151089233821014,2.134517425296939,2.167966419131301,True,,2.151089233821014,1.9371500499117646,2.3650284177302634,1.953949479464244,2.2885643090210097,1.9825253686468016,2.329459544190898,False
pre_rerun,Fitts,inf,Reconstruction_MASE,5420,10,432,652,0.27677141237453873,0.27252516734317345,0.2810673207139299,0.2819349194380511,0.2775161203436167,0.2863852601269437,True,,0.2819349194380511,0.25158961168590327,0.31228022719019893,0.2531944334696785,0.3037495394049097,0.25766607645385914,0.30776164421012264,False
pre_rerun,Fitts,inf,Reconstruction_R2,5420,10,432,652,0.8833178659316798,0.8803761317325255,0.886116004018766,0.8793072015868916,0.8761793429052798,0.8823190506220769,True,,0.8793072015868916,0.8499467813739621,0.9086676217998211,0.8574331017716191,0.9056715370726947,0.8540760792219848,0.9019556702743675,False
pre_rerun,crank,10.0,Number_of_submovements_per_second,1000,5,200,200,3.7162775433808566,3.6786384231336413,3.754561147134751,3.716277543380856,3.6786384231336413,3.7545611471347513,True,,3.716277543380856,3.6026243814312187,3.8299307053304936,3.648430022969842,3.7905100974440575,3.648430022969842,3.790510097444058,False
pre_rerun,crank,10.0,Reconstruction_MASE,1000,5,200,200,0.15171497551699997,0.15004174454132502,0.1534879336525,0.15171497551700003,0.15004174454132502,0.1534879336525,True,,0.15171497551700003,0.14451868847017535,0.1589112625638247,0.14790960771000003,0.156692329728,0.14790960771,0.15669232972799998,False
pre_rerun,crank,10.0,Reconstruction_R2,1000,5,200,200,0.5045991768240928,0.48802269780039786,0.5214112812653184,0.5045991768240928,0.48802269780039786,0.5214112812653184,True,,0.5045991768240928,0.47622974856494377,0.5329686050832418,0.486700020968914,0.5220200232863427,0.48670002096891407,0.5220200232863427,False
pre_rerun,crank,20.0,Number_of_submovements_per_second,1000,5,200,200,4.349852349534631,4.281519254514948,4.419925076521933,4.349852349534631,4.281519254514948,4.419925076521933,True,,4.349852349534631,4.158256900545942,4.541447798523319,4.23200770162046,4.468490994349122,4.232007701620459,4.468490994349122,False
pre_rerun,crank,20.0,Reconstruction_MASE,1000,5,200,200,0.130658101088,0.12926806611400002,0.13207122964042498,0.130658101088,0.129268066114,0.13207122964042503,True,,0.130658101088,0.12641046561133532,0.13490573656466467,0.12790170639300003,0.132976224903,0.127901706393,0.13297622490300004,False
pre_rerun,crank,20.0,Reconstruction_R2,1000,5,200,200,0.6021254534721374,0.5872030970320106,0.6168465643092991,0.6021254534721374,0.5872030970320107,0.6168465643092991,True,,0.6021254534721374,0.5626058685035625,0.6416450384407123,0.578355852663517,0.6257435960769653,0.5783558526635171,0.6257435960769653,False
pre_rerun,crank,inf,Number_of_submovements_per_second,1000,5,200,200,4.519114001691341,4.42484322672151,4.614533717527985,4.519114001691341,4.42484322672151,4.614533717527985,True,,4.519114001691341,3.9543024273315455,5.083925576051137,4.177093488648534,4.861134514734149,4.177093488648533,4.8611345147341485,False
pre_rerun,crank,inf,Reconstruction_MASE,1000,5,200,200,0.15574806843199998,0.15268025419247502,0.158957457201925,0.155748068432,0.15268025419247502,0.158957457201925,True,,0.155748068432,0.12058033675360741,0.1909158001103926,0.13454589018299998,0.17904852318499997,0.13454589018299998,0.179048523185,False
pre_rerun,crank,inf,Reconstruction_R2,1000,5,200,200,0.2599320073723793,0.19743122862130405,0.31948921274989844,0.2599320073723793,0.19743122862130408,0.3194892127498984,True,,0.2599320073723793,-0.23646781275098805,0.7563318274957467,-0.08076041173934936,0.5480431354045868,-0.08076041173934938,0.5480431354045867,False
pre_rerun,object_moving,10.0,Number_of_submovements_per_second,800,5,160,160,2.472145684529096,2.4058646233880427,2.538366773755406,2.472145684529096,2.4058646233880427,2.538366773755406,True,,2.472145684529096,2.3675756331001723,2.5767157359580195,2.4072436158545316,2.53704775320366,2.4072436158545316,2.53704775320366,False
pre_rerun,object_moving,10.0,Reconstruction_MASE,800,5,160,160,0.15965646866,0.1548766262019375,0.16460094617071874,0.15965646866,0.1548766262019375,0.16460094617071874,True,,0.15965646866,0.1562401337714144,0.16307280354858558,0.1572945518475,0.16161025536874998,0.15729455184750002,0.16161025536875,False
pre_rerun,object_moving,10.0,Reconstruction_R2,800,5,160,160,0.9246885263919831,0.9175316631514578,0.9312041621822864,0.9246885263919828,0.9175316631514577,0.9312041621822863,True,,0.9246885263919828,0.9173369800629516,0.9320400727210141,0.9194478405267,0.92928819835186,0.9194478405266999,0.9292881983518602,False
pre_rerun,object_moving,20.0,Number_of_submovements_per_second,800,5,160,160,3.0900130513357,3.0120245880517174,3.168271042612614,3.0900130513357,3.0120245880517174,3.168271042612614,True,,3.0900130513357,2.9636723171612394,3.2163537855101607,3.013602035259828,3.1730389778735115,3.013602035259828,3.1730389778735115,False
pre_rerun,object_moving,20.0,Reconstruction_MASE,800,5,160,160,0.12032753813625,0.11654331109703127,0.12433053584224998,0.12032753813625001,0.11654331109703124,0.12433053584224998,True,,0.12032753813625001,0.11511821320828969,0.12553686306421033,0.11715862103125002,0.1235605660175,0.11715862103125001,0.12356056601750001,False
pre_rerun,object_moving,20.0,Reconstruction_R2,800,5,160,160,0.9541039652377367,0.9488333919998259,0.958740035302937,0.9541039652377368,0.9488333919998257,0.958740035302937,True,,0.9541039652377368,0.9474543550589746,0.960753575416499,0.949921323955059,0.9582866065204143,0.949921323955059,0.9582866065204143,False
pre_rerun,object_moving,inf,Number_of_submovements_per_second,800,5,160,160,4.760966277332045,4.670082254157169,4.851926105527673,4.760966277332045,4.670082254157169,4.851926105527673,True,,4.760966277332045,4.66337935477216,4.85855319989193,4.700752951414325,4.82065475047566,4.700752951414325,4.82065475047566,False
pre_rerun,object_moving,inf,Reconstruction_MASE,800,5,160,160,0.12221088994125001,0.11866202479568749,0.12596464306625,0.12221088994125,0.11866202479568749,0.12596464306624996,True,,0.12221088994125,0.11945593272165081,0.12496584716084919,0.1204729698775,0.12393142721874999,0.1204729698775,0.12393142721874999,False
pre_rerun,object_moving,inf,Reconstruction_R2,800,5,160,160,0.9527397387474775,0.9487928388733416,0.956603914508596,0.9527397387474774,0.9487928388733416,0.956603914508596,True,,0.9527397387474774,0.9502144900312519,0.9552649874637029,0.9512020383030176,0.9542677412927151,0.9512020383030176,0.954267741292715,False
pre_rerun,pointing,10.0,Number_of_submovements_per_second,683,2,332,351,1.349573783674666,1.2957005457653314,1.4032174796179635,1.3471723212952353,1.2937617327895445,1.400657465221221,True,,1.3471723212952353,0.250293277784591,2.4440513648058797,1.2608460683925413,1.4334985741979291,1.2608460683925413,1.4334985741979291,False
pre_rerun,pointing,10.0,Reconstruction_MASE,683,2,332,351,0.19903293827964863,0.19510307945991945,0.2033136512341142,0.1989615214561494,0.19501121713765662,0.20326468990171606,True,,0.1989615214561494,0.16634155717048427,0.23158148574181453,0.19639427459036146,0.20152876832193733,0.19639427459036146,0.20152876832193733,False
pre_rerun,pointing,10.0,Reconstruction_R2,683,2,332,351,0.9700402202927351,0.9677547738217854,0.9719957310406391,0.9699651702631864,0.9676615861785047,0.9719441759428745,True,,0.9699651702631864,0.9356857223184788,1.004244618207894,0.9672673192009869,0.9726630213253858,0.9672673192009869,0.9726630213253858,False
pre_rerun,pointing,20.0,Number_of_submovements_per_second,683,2,332,351,2.0589354546197947,2.0076549396281558,2.1111302533245606,2.0593642702929604,2.0080019166887917,2.1117823537494287,True,,2.0593642702929604,1.8635007292051453,2.2552278113807755,2.043949475304948,2.074779065280973,2.043949475304948,2.074779065280973,False
pre_rerun,pointing,20.0,Reconstruction_MASE,683,2,332,351,0.16436150620351392,0.160425585031552,0.16862938498843338,0.1642967800146054,0.160363528726138,0.1685470210619865,True,,0.1642967800146054,0.13473279400835725,0.19386076602085356,0.16197004385542169,0.16662351617378915,0.16197004385542169,0.16662351617378915,False
pre_rerun,pointing,20.0,Reconstruction_R2,683,2,332,351,0.9770664056083992,0.9746947540654795,0.9791975209535827,0.9770198400941053,0.9746796291859153,0.979149233509477,True,,0.9770198400941053,0.9557508261728721,0.9982888540153384,0.9753459323960615,0.9786937477921489,0.9753459323960615,0.9786937477921489,False
pre_rerun,pointing,inf,Number_of_submovements_per_second,683,2,332,351,3.6647366708905422,3.5829282468034838,3.7475108779178683,3.6641622608543463,3.5823060972400653,3.746665535374194,True,,3.6641622608543463,3.4017978213852063,3.9265267003234863,3.6435137316584587,3.6848107900502334,3.6435137316584587,3.6848107900502334,False
pre_rerun,pointing,inf,Reconstruction_MASE,683,2,332,351,0.1625200056852123,0.15793619747232798,0.1674340998127013,0.16258589965361875,0.15797590881324788,0.16753037657991918,True,,0.16258589965361875,0.13248852496315153,0.19268327434408597,0.1602171848945869,0.1649546144126506,0.1602171848945869,0.1649546144126506,False
pre_rerun,pointing,inf,Reconstruction_R2,683,2,332,351,0.974808697208304,0.9714727080474835,0.9775750162551727,0.974682497952585,0.9712729229839954,0.9774947229313043,True,,0.974682497952585,0.917040404497135,1.032324591408035,0.9701459668127888,0.9792190290923811,0.9701459668127888,0.9792190290923811,False
pre_rerun,steering,10.0,Number_of_submovements_per_second,360,9,40,40,3.5068387823800244,3.4829897437865536,3.530986793898046,3.5068387823800244,3.4829897437865536,3.530986793898046,True,,3.5068387823800244,3.3214442205684565,3.6922333441915924,3.3701006551117945,3.6605848285059133,3.3701006551117945,3.6605848285059133,False
pre_rerun,steering,10.0,Reconstruction_MASE,360,9,40,40,0.23183063669444448,0.23095093862916666,0.23272966909791667,0.23183063669444445,0.23095093862916663,0.23272966909791667,True,,0.23183063669444445,0.2218137656550276,0.2418475077338613,0.22359667193888894,0.2395997537041667,0.2235966719388889,0.2395997537041667,False
pre_rerun,steering,10.0,Reconstruction_R2,360,9,40,40,0.9475220031208462,0.947045406844053,0.9480092612653971,0.9475220031208463,0.947045406844053,0.9480092612653971,True,,0.9475220031208463,0.9431942760373159,0.9518497302043768,0.9441485925184356,0.9510805985828241,0.9441485925184356,0.9510805985828241,False
pre_rerun,steering,20.0,Number_of_submovements_per_second,360,9,40,40,4.133529818927248,4.105083364248276,4.1625844840426,4.133529818927248,4.105083364248276,4.1625844840426,True,,4.133529818927248,3.929258413807407,4.337801224047089,3.970138281583786,4.29730333504267,3.970138281583786,4.29730333504267,False
pre_rerun,steering,20.0,Reconstruction_MASE,360,9,40,40,0.16139857175,0.16074377574027776,0.1620526115861111,0.16139857175,0.16074377574027776,0.1620526115861111,True,,0.16139857175,0.1510218162625934,0.1717753272374066,0.1526049269048611,0.16917371990416666,0.15260492690486108,0.16917371990416666,False
pre_rerun,steering,20.0,Reconstruction_R2,360,9,40,40,0.9670777708292008,0.9666841330337855,0.9674739083564944,0.9670777708292007,0.9666841330337855,0.9674739083564944,True,,0.9670777708292007,0.9622980280540399,0.9718575136043615,0.9633882516663936,0.971060668606725,0.9633882516663936,0.971060668606725,False
pre_rerun,steering,inf,Number_of_submovements_per_second,360,9,40,40,5.473635119696458,5.447256013005973,5.4999991628030935,5.473635119696458,5.447256013005973,5.4999991628030935,True,,5.473635119696458,5.239180894014472,5.708089345378443,5.279852972210695,5.655144973720113,5.279852972210695,5.655144973720113,False
pre_rerun,steering,inf,Reconstruction_MASE,360,9,40,40,0.15043617122777778,0.14975695294513888,0.15109516175374998,0.15043617122777775,0.1497569529451389,0.15109516175374996,True,,0.15043617122777775,0.14053257065572058,0.1603397717998349,0.1419073939,0.15786786661319446,0.1419073939,0.15786786661319444,False
pre_rerun,steering,inf,Reconstruction_R2,360,9,40,40,0.9688817545771599,0.9685105675086378,0.9692453572485182,0.96888175457716,0.9685105675086377,0.9692453572485183,True,,0.96888175457716,0.9644171872762578,0.9733463218780621,0.9653449798623721,0.9726349957163135,0.9653449798623721,0.9726349957163136,False
pre_rerun,tablet_writing,10.0,Number_of_submovements_per_second,3801,44,5,572,7.598824132169173,7.547495794993397,7.648582189429137,7.509848544992908,7.447195356454467,7.572337909429843,True,,7.509848544992908,7.251957080488161,7.767740009497656,7.378787408746513,7.835963267654416,7.243322171393474,7.74573513047294,True
pre_rerun,tablet_writing,10.0,Reconstruction_MASE,3801,44,5,572,0.38288245342015254,0.3803764467021836,0.38543116645277564,0.3893088023541331,0.3862648507915448,0.39238003933796145,True,,0.3893088023541331,0.37471222974758644,0.4039053749606798,0.36920580417650384,0.3986146811739435,0.3756620399349405,0.4035007382688264,True
pre_rerun,tablet_writing,10.0,Reconstruction_R2,3801,44,5,572,0.801009255548867,0.7985746401112445,0.8033633900226589,0.7995246590343409,0.796728928341593,0.8023179347789913,True,,0.7995246590343409,0.7879659324273133,0.8110833856413685,0.7884044458321195,0.8111259961010012,0.7882939768862848,0.8106010444076119,True
pre_rerun,tablet_writing,20.0,Number_of_submovements_per_second,3801,44,5,572,8.199447069446473,8.146826210470714,8.250855647281824,8.136095026201254,8.061391965160638,8.210873552002584,True,,8.136095026201254,7.898525527869237,8.373664524533272,7.981813757603639,8.432038071262504,7.894726431581637,8.351795286604947,True
pre_rerun,tablet_writing,20.0,Reconstruction_MASE,3801,44,5,572,0.33057339991186535,0.3282042873939753,0.33293087331504867,0.33700026522004384,0.33393719969170654,0.34007271943972367,True,,0.33700026522004384,0.32280123283758255,0.3511992976025051,0.31754641890070096,0.34639488573317045,0.3240257228882,0.35124558604041295,True
pre_rerun,tablet_writing,20.0,Reconstruction_R2,3801,44,5,572,0.8384362548409371,0.8363879271367135,0.8404889537417961,0.8361054919425839,0.8332590873548408,0.838889739231345,True,,0.8361054919425839,0.8258815989187174,0.8463293849664504,0.8273263947756091,0.8473978493779935,0.8263033171249486,0.8455781793010003,True
pre_rerun,tablet_writing,inf,Number_of_submovements_per_second,3801,44,5,572,8.594289684716697,8.546238735081495,8.642373880570654,8.578411812804314,8.505789336023021,8.656086587643413,True,,8.578411812804314,8.362032181745736,8.794791443862891,8.382761946674144,8.819834757136455,8.35809198740239,8.780185455374294,True
pre_rerun,tablet_writing,inf,Reconstruction_MASE,3801,44,5,572,0.3227743944156801,0.320377572164095,0.32515167605046036,0.32853036480741254,0.3254488904466949,0.3315935309553808,True,,0.32853036480741254,0.3143334917899555,0.3427272378248696,0.3093545296117099,0.3387181634306211,0.3153487251610503,0.34228932488757147,True
pre_rerun,tablet_writing,inf,Reconstruction_R2,3801,44,5,572,0.8423422935196551,0.8401632507446094,0.8444580773171454,0.8404127029866143,0.8374549820853302,0.8432485264852123,True,,0.8404127029866143,0.8301131647687532,0.8507122412044754,0.830959506561742,0.851575252023761,0.8302094606350864,0.8501111385953135,True
pre_rerun,whacamole,10.0,Number_of_submovements_per_second,181,181,1,1,3.747288746069808,3.6111993563737084,3.878259538750046,3.747288746069808,3.6111993563737084,3.878259538750046,False,trials = participants; interval includes participant variation,3.747288746069808,3.614010950770473,3.880566541369143,3.6114388845696306,3.8754398876091063,3.6114388845696306,3.8754398876091063,True
pre_rerun,whacamole,10.0,Reconstruction_MASE,181,181,1,1,0.36109846640883975,0.34809319793093924,0.3755422730538674,0.36109846640883975,0.34809319793093924,0.3755422730538674,False,trials = participants; interval includes participant variation,0.36109846640883975,0.3472201564242587,0.3749767763934208,0.347976237679558,0.3752847327279006,0.347976237679558,0.3752847327279006,True
pre_rerun,whacamole,10.0,Reconstruction_R2,181,181,1,1,0.8824143376798261,0.8708305905372399,0.8931743996001739,0.8824143376798261,0.8708305905372399,0.8931743996001739,False,trials = participants; interval includes participant variation,0.8824143376798261,0.8710936526099701,0.8937350227496822,0.8709130581488925,0.8931358774640283,0.8709130581488925,0.8931358774640283,True
pre_rerun,whacamole,20.0,Number_of_submovements_per_second,181,181,1,1,4.225437943077549,4.05623078629251,4.3885419571525235,4.225437943077549,4.05623078629251,4.3885419571525235,False,trials = participants; interval includes participant variation,4.225437943077549,4.0590634617562245,4.391812424398873,4.056874182507478,4.3919697239820055,4.056874182507478,4.3919697239820055,True
pre_rerun,whacamole,20.0,Reconstruction_MASE,181,181,1,1,0.2829132890607735,0.270259060917127,0.29709797851381214,0.2829132890607735,0.270259060917127,0.29709797851381214,False,trials = participants; interval includes participant variation,0.2829132890607735,0.26923281936336946,0.29659375875817756,0.27005900815469613,0.2971204955621547,0.27005900815469613,0.2971204955621547,True
pre_rerun,whacamole,20.0,Reconstruction_R2,181,181,1,1,0.9029572066022546,0.8909261897041653,0.9139506285361823,0.9029572066022546,0.8909261897041653,0.9139506285361823,False,trials = participants; interval includes participant variation,0.9029572066022546,0.8913232723628193,0.91459114084169,0.8909238997002992,0.9139918624119864,0.8909238997002992,0.9139918624119864,True
pre_rerun,whacamole,inf,Number_of_submovements_per_second,181,181,1,1,4.70630583862738,4.518277844733131,4.878823050652831,4.70630583862738,4.518277844733131,4.878823050652831,False,trials = participants; interval includes participant variation,4.70630583862738,4.523616723296787,4.888994953957973,4.523980971194228,4.888528714800326,4.523980971194228,4.888528714800326,True
pre_rerun,whacamole,inf,Reconstruction_MASE,181,181,1,1,0.2651715486187845,0.2520852563618784,0.28011189165193373,0.2651715486187845,0.2520852563618784,0.28011189165193373,False,trials = participants; interval includes participant variation,0.2651715486187845,0.25124645848872096,0.27909663874884805,0.2521342224917127,0.27949448988535913,0.2521342224917127,0.27949448988535913,True
pre_rerun,whacamole,inf,Reconstruction_R2,181,181,1,1,0.9062472815671678,0.8942556992090868,0.91785104152906,0.9062472815671678,0.8942556992090868,0.91785104152906,False,trials = participants; interval includes participant variation,0.9062472815671678,0.8944965730099707,0.917997990124365,0.8941030616589014,0.9173351558861811,0.8941030616589014,0.9173351558861811,True
pre_rerun_s1000,Fitts,10.0,Number_of_submovements_per_second,5420,10,432,652,1.7988933406579497,1.7830539066515687,1.8150005885013474,1.8389212065244618,1.8222162678623819,1.8560940416802794,True,,1.8389212065244618,1.6220167729552004,2.0558256400937234,1.6402556523567626,1.9868972453888543,1.665168660920888,2.0223470374324357,False
pre_rerun_s1000,Fitts,10.0,Reconstruction_MASE,5420,10,432,652,0.29679317204612543,0.29279999200350554,0.30082442566881923,0.30197999106836143,0.29779287618226435,0.306252634769288,True,,0.30197999106836143,0.27210614649683107,0.3318538356398918,0.27304462371565114,0.32289640277168685,0.27752545714544197,0.3265222780595008,False
pre_rerun_s1000,Fitts,10.0,Reconstruction_R2,5420,10,432,652,0.8680647655276794,0.8649752704491255,0.8710865187433263,0.8640242121653643,0.8607643322636391,0.8671567677165496,True,,0.8640242121653643,0.831396032715941,0.8966523916147876,0.8388472179156392,0.8939232043062977,0.836218125892883,0.8898651290619694,False
pre_rerun_s1000,Fitts,20.0,Number_of_submovements_per_second,5420,10,432,652,1.8232062892795873,1.8082050476749463,1.8380977868694448,1.8655657973402273,1.8498521752917385,1.8812855297019713,True,,1.8655657973402273,1.6330509206769475,2.098080674003507,1.6498708713309949,2.0183969674704327,1.6773122851047277,2.057468170574281,False
pre_rerun_s1000,Fitts,20.0,Reconstruction_MASE,5420,10,432,652,0.27766943649741693,0.27393055712835795,0.2813738430884963,0.28244653062513186,0.27849301883652894,0.2863118480514136,True,,0.28244653062513186,0.2506612335357441,0.31423182771451963,0.25150192393388227,0.306070075392054,0.25626300262419516,0.3088140725743478,False
pre_rerun_s1000,Fitts,20.0,Reconstruction_R2,5420,10,432,652,0.873717547606718,0.8705331966039,0.8767528324543991,0.8700998262239104,0.8667248888937098,0.8733192418394364,True,,0.8700998262239104,0.8359552263694472,0.9042444260783735,0.8436917985594958,0.9009715197862395,0.8415956363173599,0.8967474844242078,False
pre_rerun_s1000,Fitts,inf,Number_of_submovements_per_second,5420,10,432,652,1.9848187217743194,1.9693242986441668,2.0000780881546194,2.029384780312644,2.0131771467254524,2.0454365646896053,True,,2.029384780312644,1.7768736852891713,2.281895875336117,1.7988165834139618,2.2003459129294094,1.8271621398540485,2.2458602811192336,False
pre_rerun_s1000,Fitts,inf,Reconstruction_MASE,5420,10,432,652,0.27376094233247233,0.2700760208005166,0.2774339523703874,0.2781564589297444,0.274314929738775,0.28202902103210087,True,,0.2781564589297444,0.24804758001603963,0.30826533784344917,0.2489727805663897,0.2998182487857142,0.2532674458129209,0.303147464430913,False
pre_rerun_s1000,Fitts,inf,Reconstruction_R2,5420,10,432,652,0.8768879007589333,0.8738678038516168,0.8798532667976025,0.873591583373328,0.8704586814664965,0.8766681189487727,True,,0.873591583373328,0.8414566966049346,0.9057264701417214,0.8472774356344505,0.9017576500499314,0.8453406450230259,0.8980320680698002,False
pre_rerun_s1000,crank,10.0,Number_of_submovements_per_second,1000,5,200,200,3.526912823393941,3.494158341111615,3.5597236477229743,3.5269128233939413,3.4941583411116146,3.5597236477229743,True,,3.5269128233939413,3.4535869258374166,3.600238720950466,3.4834140765666963,3.5729875476658344,3.483414076566696,3.5729875476658344,False
pre_rerun_s1000,crank,10.0,Reconstruction_MASE,1000,5,200,200,0.158561593818,0.156580186868725,0.16054336717349998,0.158561593818,0.156580186868725,0.16054336717349998,True,,0.158561593818,0.1554142909113568,0.1617088967246432,0.15629493304199998,0.16005115421800004,0.15629493304199998,0.160051154218,False
pre_rerun_s1000,crank,10.0,Reconstruction_R2,1000,5,200,200,0.4544827883839607,0.4367492952853441,0.47165390818864106,0.4544827883839607,0.4367492952853442,0.471653908188641,True,,0.4544827883839607,0.390331575207661,0.5186340015602604,0.420858338534832,0.49825701814889906,0.420858338534832,0.4982570181488991,False
pre_rerun_s1000,crank,20.0,Number_of_submovements_per_second,1000,5,200,200,4.108782618194819,4.056193029312417,4.162933768965304,4.108782618194818,4.056193029312417,4.162933768965303,True,,4.108782618194818,4.020540245091695,4.1970249912979405,4.066809202954173,4.173556386306882,4.066809202954174,4.173556386306882,False
pre_rerun_s1000,crank,20.0,Reconstruction_MASE,1000,5,200,200,0.129992872146,0.12826395433765,0.131723337864275,0.129992872146,0.12826395433764998,0.13172333786427498,True,,0.129992872146,0.12749479645611034,0.13249094783588966,0.128424353908,0.131561390384,0.128424353908,0.131561390384,False
pre_rerun_s1000,crank,20.0,Reconstruction_R2,1000,5,200,200,0.618052673459053,0.6051027478024363,0.6309397267922758,0.618052673459053,0.6051027478024363,0.630939726792276,True,,0.618052673459053,0.5669074659114326,0.6691978810066734,0.5944961104989052,0.6542789525389672,0.5944961104989052,0.6542789525389671,False
pre_rerun_s1000,crank,inf,Number_of_submovements_per_second,1000,5,200,200,4.5592167806625366,4.49660196397081,4.6251262095551935,4.5592167806625366,4.49660196397081,4.625126209555194,True,,4.5592167806625366,4.295282269587901,4.823151291737172,4.39241808436811,4.718399344459176,4.392418084368109,4.7183993444591765,False
pre_rerun_s1000,crank,inf,Reconstruction_MASE,1000,5,200,200,0.12996202371499999,0.12834404232522503,0.13165605855405,0.129962023715,0.128344042325225,0.13165605855405002,True,,0.129962023715,0.12138723864975905,0.138536808780241,0.12490443414100001,0.135906739693,0.12490443414100001,0.135906739693,False
pre_rerun_s1000,crank,inf,Reconstruction_R2,1000,5,200,200,0.5932671366333961,0.5751613110184669,0.6104394665509462,0.5932671366333963,0.5751613110184669,0.6104394665509462,True,,0.5932671366333963,0.48470394388248306,0.7018303293843094,0.5175476665496827,0.65217848020792,0.5175476665496827,0.6521784802079201,False
pre_rerun_s1000,object_moving,10.0,Number_of_submovements_per_second,800,5,160,160,2.7972024840535594,2.725482566590654,2.8674021782964703,2.7972024840535594,2.725482566590654,2.8674021782964703,True,,2.7972024840535594,2.687382160249845,2.907022807857274,2.737907640100457,2.871144232247025,2.737907640100457,2.871144232247025,False
pre_rerun_s1000,object_moving,10.0,Reconstruction_MASE,800,5,160,160,0.17457016686875002,0.16819330394109375,0.18121440111443748,0.17457016686875,0.16819330394109375,0.18121440111443748,True,,0.17457016686875,0.1614492696485707,0.18769106408892927,0.16596215719249996,0.18234149534875002,0.16596215719250001,0.18234149534875,False
pre_rerun_s1000,object_moving,10.0,Reconstruction_R2,800,5,160,160,0.9014154838770628,0.889932871421799,0.9120932876840233,0.9014154838770627,0.8899328714217991,0.9120932876840233,True,,0.9014154838770627,0.8797949873036632,0.9230359804504622,0.8881323474645615,0.9149612562358379,0.8881323474645615,0.914961256235838,False
pre_rerun_s1000,object_moving,20.0,Number_of_submovements_per_second,800,5,160,160,3.254162501706742,3.177005565926666,3.3307753669732483,3.254162501706742,3.177005565926666,3.3307753669732483,True,,3.254162501706742,3.1860146815768555,3.3223103218366283,3.2078560665948315,3.2945800008717923,3.2078560665948315,3.2945800008717923,False
pre_rerun_s1000,object_moving,20.0,Reconstruction_MASE,800,5,160,160,0.12315107595875001,0.11895590478846876,0.12757712641371874,0.12315107595875,0.11895590478846874,0.12757712641371877,True,,0.12315107595875,0.12048536488526929,0.1258167870322307,0.12156669193000001,0.12471179149125,0.12156669193,0.12471179149125,False
pre_rerun_s1000,object_moving,20.0,Reconstruction_R2,800,5,160,160,0.9497072397172451,0.9431627170275897,0.9554056067373603,0.949707239717245,0.9431627170275896,0.9554056067373602,True,,0.949707239717245,0.9424801463744598,0.9569343330600303,0.944869933128357,0.9540136957913637,0.9448699331283569,0.9540136957913636,False
pre_rerun_s1000,object_moving,inf,Number_of_submovements_per_second,800,5,160,160,4.647245883196592,4.560973274077988,4.7309017324761955,4.647245883196592,4.560973274077988,4.7309017324761955,True,,4.647245883196592,4.577905795678225,4.716585970714959,4.605317911645398,4.6891738547477875,4.605317911645398,4.6891738547477875,False
pre_rerun_s1000,object_moving,inf,Reconstruction_MASE,800,5,160,160,0.12051640388875001,0.11720914431965625,0.12386154270531251,0.12051640388875,0.11720914431965623,0.12386154270531251,True,,0.12051640388875,0.11541289653406063,0.12561991124343935,0.11736275961249999,0.12367004816499999,0.1173627596125,0.123670048165,False
pre_rerun_s1000,object_moving,inf,Reconstruction_R2,800,5,160,160,0.9543849746882915,0.9509836355149747,0.9575073315072805,0.9543849746882916,0.9509836355149747,0.9575073315072804,True,,0.9543849746882916,0.9489774666742867,0.9597924827022966,0.9507737682014704,0.9577909852564335,0.9507737682014703,0.9577909852564334,False
pre_rerun_s1000,pointing,10.0,Number_of_submovements_per_second,683,2,332,351,1.488593506352706,1.4371882919610737,1.5404906097825446,1.4852373979066669,1.4340912374850245,1.536927241328801,True,,1.4852373979066669,-0.04768064975485964,3.018155445568193,1.3645941311358867,1.6058806646774468,1.3645941311358867,1.6058806646774468,False
pre_rerun_s1000,pointing,10.0,Reconstruction_MASE,683,2,332,351,0.1974225353806735,0.19383957951548314,0.20107185395274524,0.19740978092172107,0.19380711922099936,0.20110510489262318,True,,0.19740978092172107,0.1915841228326902,0.20323543901075194,0.196951291686747,0.19786827015669517,0.196951291686747,0.19786827015669517,False
pre_rerun_s1000,pointing,10.0,Reconstruction_R2,683,2,332,351,0.9715055145246916,0.9693811312099676,0.9733374180089502,0.9713901388909816,0.9692224711340532,0.9732534679360716,True,,0.9713901388909816,0.9186917848246052,1.024088492957358,0.9672426884791937,0.9755375893027695,0.9672426884791937,0.9755375893027695,False
pre_rerun_s1000,pointing,20.0,Number_of_submovements_per_second,683,2,332,351,2.121560600685777,2.066364234956977,2.1760586143026774,2.1209359627956763,2.065697733089365,2.1757622353689894,True,,2.1209359627956763,1.8356297188576198,2.406242206733733,2.098481874430485,2.1433900511608672,2.098481874430485,2.1433900511608672,False
pre_rerun_s1000,pointing,20.0,Reconstruction_MASE,683,2,332,351,0.16745176849926793,0.162748714604795,0.17253793083949487,0.1673703121898749,0.1626749018847808,0.17244412839773496,True,,0.1673703121898749,0.13016476631072715,0.20457585806902262,0.16444217222590363,0.17029845215384615,0.16444217222590363,0.17029845215384615,False
pre_rerun_s1000,pointing,20.0,Reconstruction_R2,683,2,332,351,0.9746583321433117,0.9707823619159214,0.977889711498167,0.9746316962832301,0.9707874931113991,0.9778420993622017,True,,0.9746316962832301,0.9624656440562446,0.9867977485102156,0.9736742072076683,0.9755891853587919,0.9736742072076683,0.9755891853587919,False
pre_rerun_s1000,pointing,inf,Number_of_submovements_per_second,683,2,332,351,3.6160481206276405,3.5416943136299923,3.6901231314864225,3.6136353514638193,3.5398087567777594,3.687370414270186,True,,3.6136353514638193,2.511591881912727,4.715678821014912,3.526902649416981,3.700368053510658,3.526902649416981,3.700368053510658,False
pre_rerun_s1000,pointing,inf,Reconstruction_MASE,683,2,332,351,0.15805788635285503,0.15355114143016105,0.16269481563027088,0.15809571603306816,0.15357877960899421,0.16276257800098243,True,,0.15809571603306816,0.14081683471313014,0.17537459735300617,0.15673583858119658,0.15945559348493976,0.15673583858119658,0.15945559348493976,False
pre_rerun_s1000,pointing,inf,Reconstruction_R2,683,2,332,351,0.9745708522475481,0.9716668019859369,0.9771485146871423,0.9745022915724405,0.9715812780993344,0.9770792325950043,True,,0.9745022915724405,0.9431868862683253,1.0058176968765558,0.9720377157251519,0.9769668674197292,0.9720377157251519,0.9769668674197292,False
pre_rerun_s1000,steering,10.0,Number_of_submovements_per_second,360,9,40,40,3.4395213164389133,3.41710074202468,3.4625184502452613,3.4395213164389133,3.41710074202468,3.4625184502452613,True,,3.4395213164389133,3.261668555543454,3.6173740773343726,3.3135309763718395,3.5929319649158664,3.3135309763718395,3.5929319649158664,False
pre_rerun_s1000,steering,10.0,Reconstruction_MASE,360,9,40,40,0.23215013758333333,0.23125686703402779,0.23303899856875,0.23215013758333336,0.23125686703402776,0.23303899856875,True,,0.23215013758333336,0.22214147177718918,0.24215880338947754,0.2238513830166667,0.23986874005694445,0.22385138301666666,0.23986874005694445,False
pre_rerun_s1000,steering,10.0,Reconstruction_R2,360,9,40,40,0.9454802158806059,0.9449581569764349,0.9460042317749725,0.9454802158806059,0.9449581569764349,0.9460042317749725,True,,0.9454802158806059,0.9409702185385727,0.9499902132226392,0.9418811338146528,0.9491399839313494,0.9418811338146527,0.9491399839313492,False
pre_rerun_s1000,steering,20.0,Number_of_submovements_per_second,360,9,40,40,4.153804499655962,4.1255907992366705,4.181877100405593,4.153804499655962,4.1255907992366705,4.181877100405593,True,,4.153804499655962,3.958806909524101,4.348802089787823,3.9976225016483418,4.307062522290895,3.9976225016483418,4.307062522290895,False
pre_rerun_s1000,steering,20.0,Reconstruction_MASE,360,9,40,40,0.16323753075,0.16247919022222224,0.16399741102708335,0.16323753075,0.16247919022222224,0.16399741102708332,True,,0.16323753075,0.1534451042885567,0.1730299572114433,0.15501522938333331,0.17057038605555558,0.15501522938333334,0.17057038605555555,False
pre_rerun_s1000,steering,20.0,Reconstruction_R2,360,9,40,40,0.9648998109830751,0.9644384566239186,0.96537796638906,0.9648998109830751,0.9644384566239186,0.96537796638906,True,,0.9648998109830751,0.9604197080464983,0.9693799139196518,0.9615118137126168,0.9685227339466412,0.9615118137126167,0.9685227339466412,False
pre_rerun_s1000,steering,inf,Number_of_submovements_per_second,360,9,40,40,5.4627875325580435,5.435209564057489,5.490365014473597,5.4627875325580435,5.435209564057489,5.490365014473597,True,,5.4627875325580435,5.22750782968624,5.698067235429847,5.270945693055789,5.637735948556413,5.270945693055789,5.637735948556413,False
pre_rerun_s1000,steering,inf,Reconstruction_MASE,360,9,40,40,0.1500044010111111,0.1492840112798611,0.15069937217458335,0.15000440101111112,0.1492840112798611,0.15069937217458335,True,,0.15000440101111112,0.13923156657368427,0.16077723544853798,0.14080540427222224,0.15798438841666665,0.1408054042722222,0.15798438841666665,False
pre_rerun_s1000,steering,inf,Reconstruction_R2,360,9,40,40,0.9672135568327374,0.9668035237035818,0.9676222279502286,0.9672135568327374,0.9668035237035818,0.9676222279502287,True,,0.9672135568327374,0.9620178530137838,0.9724092606516909,0.9631613333109352,0.9714027798051635,0.9631613333109352,0.9714027798051637,False
pre_rerun_s1000,tablet_writing,10.0,Number_of_submovements_per_second,3801,44,5,572,7.82990348365837,7.77568098973452,7.88456095731321,7.703412150024451,7.639530437572419,7.765795339730055,True,,7.703412150024451,7.435811209491752,7.9710130905571495,7.619646806766723,8.053937819012534,7.427073937592267,7.946911285718754,True
pre_rerun_s1000,tablet_writing,10.0,Reconstruction_MASE,3801,44,5,572,0.38890521838463554,0.3863745338758221,0.39148846825769534,0.3940840678619501,0.391025366019869,0.3971919424738913,True,,0.3940840678619501,0.37885490105667063,0.4093132346672296,0.37470935058552673,0.4061230862049455,0.3795343207309818,0.4092601169399897,True
pre_rerun_s1000,tablet_writing,10.0,Reconstruction_R2,3801,44,5,572,0.794874088869569,0.7924064419150227,0.7973292072672838,0.7944764243074768,0.7914829079756478,0.7973708073503188,True,,0.7944764243074768,0.7818792058086743,0.8070736428062792,0.7811455877289737,0.8058242717358097,0.7822481137571365,0.8065187186389258,True
pre_rerun_s1000,tablet_writing,20.0,Number_of_submovements_per_second,3801,44,5,572,8.474636924421471,8.421788287502306,8.528707540474228,8.4037846558862,8.338076403398876,8.47291636916965,True,,8.4037846558862,8.15574050272621,8.65182880904619,8.26999844413692,8.698218352808336,8.155691624719188,8.62680875893589,True
pre_rerun_s1000,tablet_writing,20.0,Reconstruction_MASE,3801,44,5,572,0.3412148287671665,0.3387355040395817,0.3436713972272165,0.3449260905832119,0.34190081176089815,0.34797038681949194,True,,0.3449260905832119,0.32985938309437884,0.35999279807204493,0.32715950732667537,0.35812330531218534,0.33064502648671434,0.35955330083503184,True
pre_rerun_s1000,tablet_writing,20.0,Reconstruction_R2,3801,44,5,572,0.8286501580211747,0.8263678030112611,0.8309133914290243,0.8285524560740682,0.8254004833932779,0.8314534971680982,True,,0.8285524560740682,0.8170702699119731,0.8400346422361634,0.8159691968227334,0.8391108451503668,0.81753768608243,0.8393678547109716,True
pre_rerun_s1000,tablet_writing,inf,Number_of_submovements_per_second,3801,44,5,572,8.78651529209484,8.73468176845348,8.837338154154942,8.734366666830873,8.666163014033256,8.802455238513206,True,,8.734366666830873,8.512523750801636,8.95620958286011,8.596338552733274,8.998598214234544,8.514528947111907,8.940853332559515,True
pre_rerun_s1000,tablet_writing,inf,Reconstruction_MASE,3801,44,5,572,0.33389859875585376,0.3314671949447974,0.3363866244003815,0.3374716849227067,0.33450201820266295,0.340466857545176,True,,0.3374716849227067,0.3223614552345869,0.35258191461082644,0.3202065838114551,0.35026481823935396,0.3230904874573137,0.3525386695050636,True
pre_rerun_s1000,tablet_writing,inf,Reconstruction_R2,3801,44,5,572,0.8331179687990009,0.8308585713848068,0.8353338406850275,0.8332942257190169,0.8306049088618592,0.8358833926870292,True,,0.8332942257190169,0.8216985211328496,0.8448899303051842,0.8209868794604841,0.8430334707944772,0.8219886769518646,0.8443030435416039,True
pre_rerun_s1000,whacamole,10.0,Number_of_submovements_per_second,181,181,1,1,3.4552395671029776,3.3319603917163216,3.574071284306354,3.4552395671029776,3.3319603917163216,3.574071284306354,False,trials = participants; interval includes participant variation,3.4552395671029776,3.333440880518784,3.577038253687171,3.3310066517082286,3.5742072571295402,3.3310066517082286,3.5742072571295402,True
pre_rerun_s1000,whacamole,10.0,Reconstruction_MASE,181,181,1,1,0.3488040399447514,0.3372768075248619,0.3618045259447514,0.3488040399447514,0.3372768075248619,0.3618045259447514,False,trials = participants; interval includes participant variation,0.3488040399447514,0.33649348388939776,0.36111459600010504,0.3370582716906077,0.36169802320718225,0.3370582716906077,0.36169802320718225,True
pre_rerun_s1000,whacamole,10.0,Reconstruction_R2,181,181,1,1,0.8883479892878242,0.8781548860158709,0.8980918165234572,0.8883479892878242,0.8781548860158709,0.8980918165234572,False,trials = participants; interval includes participant variation,0.8883479892878242,0.878360844828273,0.8983351337473754,0.8781143182302048,0.897915248136494,0.8781143182302048,0.897915248136494,True
pre_rerun_s1000,whacamole,20.0,Number_of_submovements_per_second,181,181,1,1,3.948922358988398,3.7917708882094665,4.1045797945190605,3.948922358988398,3.7917708882094665,4.1045797945190605,False,trials = participants; interval includes participant variation,3.948922358988398,3.7913444875023004,4.106500230474496,3.789565755851896,4.1057948344155575,3.789565755851896,4.1057948344155575,True
pre_rerun_s1000,whacamole,20.0,Reconstruction_MASE,181,181,1,1,0.2746722170718232,0.26295619001381215,0.28787658892955803,0.2746722170718232,0.26295619001381215,0.28787658892955803,False,trials = participants; interval includes participant variation,0.2746722170718232,0.26201373453622095,0.28733069960742547,0.26246845090331494,0.28754887270580104,0.26246845090331494,0.28754887270580104,True
pre_rerun_s1000,whacamole,20.0,Reconstruction_R2,181,181,1,1,0.9084613257350184,0.8976179229702739,0.9182730245162111,0.9084613257350184,0.8976179229702739,0.9182730245162111,False,trials = participants; interval includes participant variation,0.9084613257350184,0.8980389967403389,0.9188836547296978,0.8981025849916658,0.9182830208161259,0.8981025849916658,0.9182830208161259,True
pre_rerun_s1000,whacamole,inf,Number_of_submovements_per_second,181,181,1,1,4.381187754112054,4.204086775850319,4.550205862767047,4.381187754112054,4.204086775850319,4.550205862767047,False,trials = participants; interval includes participant variation,4.381187754112054,4.204758662691064,4.557616845533045,4.204695331256898,4.553338266610687,4.204695331256898,4.553338266610687,True
pre_rerun_s1000,whacamole,inf,Reconstruction_MASE,181,181,1,1,0.25574984745856355,0.243728347313536,0.26929173610773477,0.25574984745856355,0.243728347313536,0.26929173610773477,False,trials = participants; interval includes participant variation,0.25574984745856355,0.24291270533362927,0.2685869895834978,0.24370063353314916,0.2695042677803868,0.24370063353314916,0.2695042677803868,True
pre_rerun_s1000,whacamole,inf,Reconstruction_R2,181,181,1,1,0.9117832786470487,0.9012196564048693,0.9217182239939494,0.9117832786470487,0.9012196564048693,0.9217182239939494,False,trials = participants; interval includes participant variation,0.9117832786470487,0.9012828749006779,0.9222836823934194,0.9009577060931295,0.9217036632543111,0.9009577060931295,0.9217036632543111,True
ft_released,Fitts,10.0,Number_of_submovements_per_second,5420,10,432,652,1.4034984382883238,1.3885216800809574,1.4183477352115557,1.4419867277408798,1.4256833025930873,1.45814584820997,True,,1.4419867277408798,1.2358612906020014,1.648112164879758,1.2558351903670795,1.5708174962059318,1.275985380866448,1.6071531390956681,False
ft_released,Fitts,10.0,Reconstruction_MASE,5420,10,432,652,0.29744035966605165,0.2932599410462177,0.30165376082647605,0.3032807287339262,0.2988547401458087,0.30772959280877177,True,,0.3032807287339262,0.27288563007955935,0.33367582738829304,0.27401044183167916,0.3230259839905482,0.2787586415759651,0.32822158239371835,False
ft_released,Fitts,10.0,Reconstruction_R2,5420,10,432,652,0.8732856480287889,0.8703988494168678,0.8760802422752569,0.868548220402413,0.8654808510032267,0.8714992951024748,True,,0.868548220402413,0.8380558101846187,0.8990406306202072,0.8468610396400501,0.8958140184826802,0.8425283966215447,0.892199414983556,False
ft_released,Fitts,20.0,Number_of_submovements_per_second,5420,10,432,652,1.63184470001426,1.6158562638175482,1.6473500914644876,1.6707947573943407,1.6539668272235846,1.687192039969175,True,,1.6707947573943407,1.4530206601820883,1.888568854606593,1.4779975524242022,1.8201486424421491,1.4988949199786474,1.8549891299721382,False
ft_released,Fitts,20.0,Reconstruction_MASE,5420,10,432,652,0.268537182200369,0.26501600950523063,0.2722604381456919,0.27348651003954566,0.2697160674608034,0.2774179201127808,True,,0.27348651003954566,0.24460679110637398,0.30236622897271737,0.24627465506733004,0.293626633692929,0.2504346197237856,0.2972406185065318,False
ft_released,Fitts,20.0,Reconstruction_R2,5420,10,432,652,0.8863112473289905,0.8834512164298018,0.8892074063414798,0.882300722432869,0.8792817065416713,0.8853587370155538,True,,0.882300722432869,0.8537657754467465,0.9108356694189914,0.8608744076246705,0.9077175405046171,0.8575825869535848,0.9041172409155033,False
ft_released,Fitts,inf,Number_of_submovements_per_second,5420,10,432,652,1.815615418894608,1.7990639819664367,1.8319253653890153,1.8577476785110765,1.8402724239751365,1.8747800696353651,True,,1.8577476785110765,1.6311502367430508,2.084345120279102,1.6552849454802046,2.003474681225724,1.6812387564092952,2.0457642442414894,False
ft_released,Fitts,inf,Reconstruction_MASE,5420,10,432,652,0.2646454472848708,0.2611958563563746,0.26815404226701567,0.2695275015226297,0.2659477162447568,0.27320642180191385,True,,0.2695275015226297,0.24093601710310386,0.2981189859421556,0.24258797147299904,0.28947776959949706,0.24693442644123612,0.2933425415126246,False
ft_released,Fitts,inf,Reconstruction_R2,5420,10,432,652,0.8866315907327891,0.88369093270017,0.8894741684214875,0.8826060267088488,0.8795449423204313,0.8856104834781264,True,,0.8826060267088488,0.8540287171407834,0.9111833362769142,0.8617134781474604,0.9075699952773169,0.8579839655591576,0.9041572802372649,False
ft_released,crank,10.0,Number_of_submovements_per_second,1000,5,200,200,5.291741723120213,5.260663986705244,5.321667160430923,5.291741723120213,5.260663986705244,5.321667160430924,True,,5.291741723120213,5.180835708890118,5.402647737350307,5.210150274261832,5.3507716673612595,5.210150274261832,5.3507716673612595,False
ft_released,crank,10.0,Reconstruction_MASE,1000,5,200,200,0.07157216250899999,0.06950229677362499,0.07367740163412499,0.071572162509,0.069502296773625,0.07367740163412499,True,,0.071572162509,0.06249157188615143,0.08065275313184857,0.066272055526,0.07788701474700001,0.06627205552599999,0.07788701474700001,False
ft_released,crank,10.0,Reconstruction_R2,1000,5,200,200,0.8883003858327866,0.8840107649669051,0.8926028361737728,0.8883003858327866,0.8840107649669052,0.8926028361737728,True,,0.8883003858327866,0.875881461676891,0.9007193099886822,0.8810142186284066,0.8965419057011604,0.8810142186284065,0.8965419057011603,False
ft_released,crank,20.0,Number_of_submovements_per_second,1000,5,200,200,5.665949387177825,5.6343112948872145,5.697383870529011,5.665949387177825,5.6343112948872145,5.697383870529011,True,,5.665949387177825,5.619682590307664,5.712216184047986,5.638342320397496,5.695768610090017,5.638342320397497,5.695768610090018,False
ft_released,crank,20.0,Reconstruction_MASE,1000,5,200,200,0.052183519667,0.050859137610474996,0.053526230414425,0.052183519667,0.050859137610474996,0.053526230414425,True,,0.052183519667,0.04614548983626705,0.058221549497732956,0.048584417736999994,0.056082758208,0.048584417737,0.056082758207999996,False
ft_released,crank,20.0,Reconstruction_R2,1000,5,200,200,0.923442193031311,0.9190568547546863,0.9276679516762495,0.9234421930313109,0.9190568547546862,0.9276679516762496,True,,0.9234421930313109,0.9166788832277168,0.930205502834905,0.9191566417217255,0.9275230391025543,0.9191566417217254,0.9275230391025543,False
ft_released,crank,inf,Number_of_submovements_per_second,1000,5,200,200,5.981606886237859,5.940758972480893,6.021525066342205,5.98160688623786,5.940758972480893,6.021525066342204,True,,5.98160688623786,5.894337795337104,6.0688759771386165,5.926550683826208,6.036663088649512,5.926550683826209,6.036663088649511,False
ft_released,crank,inf,Reconstruction_MASE,1000,5,200,200,0.06614329407,0.06470743173652499,0.06759743695007499,0.06614329407,0.064707431736525,0.067597436950075,True,,0.06614329407,0.062094735327075684,0.07019185281292431,0.064000907639,0.069073283887,0.064000907639,0.069073283887,False
ft_released,crank,inf,Reconstruction_R2,1000,5,200,200,0.8865282506942749,0.881282198227942,0.8914810507014393,0.886528250694275,0.8812821982279421,0.8914810507014393,True,,0.886528250694275,0.8798507852032802,0.8932057161852698,0.8823615698218346,0.890532742857933,0.8823615698218346,0.890532742857933,False
ft_released,object_moving,10.0,Number_of_submovements_per_second,800,5,160,160,2.2403013043804094,2.1770541213825343,2.3053078351618024,2.2403013043804094,2.1770541213825343,2.3053078351618024,True,,2.2403013043804094,2.1463950441654864,2.3342075645953324,2.1801319951191545,2.3004706136416644,2.1801319951191545,2.3004706136416644,False
ft_released,object_moving,10.0,Reconstruction_MASE,800,5,160,160,0.16386146453625003,0.15850181418509376,0.1693738307263125,0.16386146453624997,0.15850181418509374,0.16937383072631249,True,,0.16386146453624997,0.158491990062388,0.16923093901011194,0.16043343469875002,0.16728949437375001,0.16043343469875,0.16728949437375,False
ft_released,object_moving,10.0,Reconstruction_R2,800,5,160,160,0.9198083309829235,0.9123321425430476,0.9264866832867265,0.9198083309829235,0.9123321425430477,0.9264866832867265,True,,0.9198083309829235,0.9141047602711334,0.9255119016947135,0.9165151545405388,0.9232412103563548,0.9165151545405387,0.9232412103563548,False
ft_released,object_moving,20.0,Number_of_submovements_per_second,800,5,160,160,3.320093015162274,3.2602877737081144,3.380655603708001,3.320093015162274,3.2602877737081144,3.380655603708001,True,,3.320093015162274,3.218977839436448,3.4212081908881,3.2570219930727036,3.383164037251845,3.2570219930727036,3.383164037251845,False
ft_released,object_moving,20.0,Reconstruction_MASE,800,5,160,160,0.09310537873375001,0.09067245892850001,0.095659085705875,0.09310537873375,0.0906724589285,0.095659085705875,True,,0.09310537873375,0.08989241989756351,0.09631833756993648,0.09083046459374998,0.09483782163225,0.09083046459375,0.09483782163225,False
ft_released,object_moving,20.0,Reconstruction_R2,800,5,160,160,0.9748051395267248,0.9725366867184638,0.9767781184911728,0.9748051395267249,0.9725366867184638,0.9767781184911729,True,,0.9748051395267249,0.9721796103124628,0.9774306687409869,0.9730603020638228,0.9762995890527963,0.9730603020638228,0.9762995890527965,False
ft_released,object_moving,inf,Number_of_submovements_per_second,800,5,160,160,4.039743694011122,3.9728221049986314,4.107974386657588,4.039743694011122,3.9728221049986314,4.107974386657588,True,,4.039743694011122,3.9297524721198442,4.1497349159024,3.9685499916784464,4.110582716809586,3.9685499916784464,4.110582716809586,False
ft_released,object_moving,inf,Reconstruction_MASE,800,5,160,160,0.09764641101125,0.094985226589625,0.10029154923903125,0.09764641101125,0.09498522658962501,0.10029154923903126,True,,0.09764641101125,0.09138418009450269,0.10390864192799731,0.09374139798125,0.10155142404125,0.09374139798125,0.10155142404125002,False
ft_released,object_moving,inf,Reconstruction_R2,800,5,160,160,0.9710281798243523,0.9686357671692968,0.9731805364098399,0.9710281798243521,0.9686357671692968,0.9731805364098398,True,,0.9710281798243521,0.9661083893402322,0.9759479703084719,0.967826258316636,0.9739765555411577,0.9678262583166359,0.9739765555411577,False
ft_released,pointing,10.0,Number_of_submovements_per_second,683,2,332,351,0.8553438430916556,0.8209980514649122,0.8908736139936795,0.8541887345752435,0.8200754265834976,0.8893299206337546,True,,0.8541887345752435,0.3265875797599601,1.381789889390527,0.8126656231694821,0.895711845981005,0.8126656231694821,0.895711845981005,False
ft_released,pointing,10.0,Reconstruction_MASE,683,2,332,351,0.20194087177306003,0.19771265983839675,0.20616287325223281,0.2018363474459891,0.19759998883807187,0.2060696449657709,True,,0.2018363474459891,0.15409437785146646,0.24957831704051175,0.19807897295180724,0.20559372194017095,0.19807897295180724,0.20559372194017095,False
ft_released,pointing,10.0,Reconstruction_R2,683,2,332,351,0.9683303635780145,0.9660444302121682,0.9704310652146751,0.968272896431305,0.9659808181771947,0.9703917365844388,True,,0.968272896431305,0.9420245115071904,0.9945212813554196,0.9662071037364294,0.9703386891261805,0.9662071037364294,0.9703386891261805,False
ft_released,pointing,20.0,Number_of_submovements_per_second,683,2,332,351,1.5937448655136508,1.5544115512820689,1.6338730084472561,1.58921428504516,1.549819912197646,1.6293042460308378,True,,1.58921428504516,-0.4801492883305838,3.658577858420904,1.4263518397830965,1.7520767303072236,1.4263518397830965,1.7520767303072236,False
ft_released,pointing,20.0,Reconstruction_MASE,683,2,332,351,0.15486619982137628,0.1510903773906662,0.1587628312127379,0.15483063522260837,0.15103252122894462,0.15873695408528518,True,,0.15483063522260837,0.13858634032400557,0.17107493012121117,0.1535521814879518,0.15610908895726497,0.1535521814879518,0.15610908895726497,False
ft_released,pointing,20.0,Reconstruction_R2,683,2,332,351,0.9809063233184256,0.9789632335850644,0.9826449123452557,0.9808329775708489,0.9788526387941284,0.9825923272073169,True,,0.9808329775708489,0.9473319682955639,1.0143339868461339,0.97819639096059,0.9834695641811078,0.97819639096059,0.9834695641811078,False
ft_released,pointing,inf,Number_of_submovements_per_second,683,2,332,351,2.7594764850280993,2.6992792585942387,2.8190755558269722,2.752182756610742,2.6922866991657703,2.811741793684175,True,,2.752182756610742,-0.5792614161495528,6.083626929371037,2.489992414028889,3.014373099192595,2.489992414028889,3.014373099192595,False
ft_released,pointing,inf,Reconstruction_MASE,683,2,332,351,0.13776639617862374,0.13427263514040996,0.14120546026357977,0.1377905343225509,0.13429397205654808,0.141232141521388,True,,0.1377905343225509,0.12676532549573963,0.14881574314936216,0.13692283156980056,0.1386582370753012,0.13692283156980056,0.1386582370753012,False
ft_released,pointing,inf,Reconstruction_R2,683,2,332,351,0.9827660008021365,0.9812219077353073,0.9842038093186577,0.9827153747327495,0.9811650034103253,0.9841549283571451,True,,0.9827153747327495,0.9595916835013444,1.0058390659641547,0.9808955007647894,0.9845352487007097,0.9808955007647894,0.9845352487007097,False
ft_released,steering,10.0,Number_of_submovements_per_second,360,9,40,40,2.917143125087023,2.896350520461177,2.938095055862019,2.917143125087023,2.896350520461177,2.938095055862019,True,,2.917143125087023,2.741224190896093,3.0930620592779525,2.788381130807102,3.069222610599051,2.788381130807102,3.069222610599051,False
ft_released,steering,10.0,Reconstruction_MASE,360,9,40,40,0.23852459197222223,0.23766159999375,0.23940647235069445,0.2385245919722222,0.23766159999375003,0.23940647235069445,True,,0.2385245919722222,0.22817143169098494,0.24887775225345946,0.2299593218333333,0.24663527240902774,0.22995932183333334,0.24663527240902777,False
ft_released,steering,10.0,Reconstruction_R2,360,9,40,40,0.9435918346047402,0.9431016201650103,0.9440756683838036,0.94359183460474,0.9431016201650104,0.9440756683838036,True,,0.94359183460474,0.9393344212570673,0.9478492479524128,0.9403434622660279,0.9472056131230461,0.940343462266028,0.9472056131230461,False
ft_released,steering,20.0,Number_of_submovements_per_second,360,9,40,40,4.054346933960915,4.0285332661587745,4.0804058913141485,4.054346933960915,4.0285332661587745,4.0804058913141485,True,,4.054346933960915,3.869926428754992,4.238767439166837,3.9078373567356417,4.203396572420995,3.9078373567356417,4.203396572420995,False
ft_released,steering,20.0,Reconstruction_MASE,360,9,40,40,0.14743876130555555,0.14675370921638886,0.148142539605,0.14743876130555555,0.1467537092163889,0.148142539605,True,,0.14743876130555555,0.13747508182571305,0.15740244078539806,0.13904453121944443,0.15485674928124998,0.13904453121944446,0.15485674928125,False
ft_released,steering,20.0,Reconstruction_R2,360,9,40,40,0.9704385644859738,0.9700315593721138,0.9708558795311385,0.9704385644859737,0.9700315593721139,0.9708558795311384,True,,0.9704385644859737,0.9658605462657062,0.9750165827062411,0.9669021306766403,0.9740989655256271,0.9669021306766404,0.9740989655256271,False
ft_released,steering,inf,Number_of_submovements_per_second,360,9,40,40,5.500642930467923,5.47049328746895,5.531260951484243,5.500642930467923,5.47049328746895,5.531260951484243,True,,5.500642930467923,5.244072424777037,5.75721343615881,5.285925373621285,5.697341165753702,5.285925373621285,5.697341165753702,False
ft_released,steering,inf,Reconstruction_MASE,360,9,40,40,0.13328624634722222,0.13266322378493053,0.1339229276829167,0.13328624634722222,0.13266322378493053,0.13392292768291666,True,,0.13328624634722222,0.12400753634571295,0.14256495634873148,0.1256483759138889,0.14037540325402778,0.1256483759138889,0.14037540325402775,False
ft_released,steering,inf,Reconstruction_R2,360,9,40,40,0.9727971616718504,0.9724528511158295,0.9731431562329332,0.9727971616718504,0.9724528511158294,0.9731431562329331,True,,0.9727971616718504,0.9684064077726783,0.9771879155710225,0.9694136994332075,0.9764064717499746,0.9694136994332074,0.9764064717499746,False
ft_released,tablet_writing,10.0,Number_of_submovements_per_second,3801,44,5,572,7.055767299019347,7.003505977368844,7.1085627549241535,6.972969373339601,6.910384985587063,7.035073771649352,True,,6.972969373339601,6.7221282732790515,7.2238104734001505,6.836923700264617,7.305195360184793,6.72263123806302,7.2035292622210125,True
ft_released,tablet_writing,10.0,Reconstruction_MASE,3801,44,5,572,0.37734641913706923,0.3748668363612207,0.37989780753374114,0.3816402166718168,0.3786608211585975,0.3846318796511173,True,,0.3816402166718168,0.3679865769235437,0.3952938564200899,0.36492185928591414,0.3921215736122303,0.36878623866185944,0.39476014732501374,True
ft_released,tablet_writing,10.0,Reconstruction_R2,3801,44,5,572,0.8085301097083549,0.8061927404263496,0.8108060325322669,0.8092991018985682,0.806454211463343,0.8120896943215761,True,,0.8092991018985682,0.798495203273575,0.8201030005235614,0.7975200714943268,0.8176033186046809,0.7988680960907811,0.8193250581075087,True
ft_released,tablet_writing,20.0,Number_of_submovements_per_second,3801,44,5,572,8.568208221163845,8.51323905565365,8.621898069024386,8.573963223094385,8.5039065525649,8.647152722709873,True,,8.573963223094385,8.341953365029555,8.805973081159214,8.340962278471938,8.815003358894627,8.338153106448008,8.783911773762867,True
ft_released,tablet_writing,20.0,Reconstruction_MASE,3801,44,5,572,0.31000229659721124,0.3077112029678177,0.31230425656857413,0.3129027050861242,0.30986002620786046,0.3159439912019692,True,,0.3129027050861242,0.29973337177264403,0.3260720383996044,0.2985388328819992,0.32422012837430686,0.3005595871424776,0.3258880982691219,True
ft_released,tablet_writing,20.0,Reconstruction_R2,3801,44,5,572,0.8561899472587644,0.8542511311648583,0.8581734357104274,0.8567514640519107,0.854226537810998,0.8592588188497118,True,,0.8567514640519107,0.8472435229259653,0.8662594051778562,0.8463643293335242,0.8640103389207211,0.8473957293281219,0.8658416917386309,True
ft_released,tablet_writing,inf,Number_of_submovements_per_second,3801,44,5,572,9.067922234755736,9.017325065480566,9.118614040749204,9.08928057657662,9.02434160190733,9.153352002078496,True,,9.08928057657662,8.900919142508261,9.277642010644978,8.873124305745753,9.283489261883073,8.903016901073105,9.264748913768646,True
ft_released,tablet_writing,inf,Reconstruction_MASE,3801,44,5,572,0.29716338583767427,0.2949187505625296,0.29940754715117074,0.2998918094271033,0.29701836338793874,0.30278918685321055,True,,0.2998918094271033,0.2865521626040942,0.3132314562501124,0.2850070201953639,0.31178284793258876,0.2872602188842836,0.31294323641725463,True
ft_released,tablet_writing,inf,Reconstruction_R2,3801,44,5,572,0.8638302107855885,0.8618974318926317,0.865696134717566,0.8641826426432018,0.8618441262636627,0.866522659946553,True,,0.8641826426432018,0.8544977394326287,0.8738675458537748,0.8535795580945518,0.8720398040407363,0.8548388786424105,0.8733255580265966,True
ft_released,whacamole,10.0,Number_of_submovements_per_second,181,181,1,1,3.2805310173258597,3.153263175160269,3.4032165579117053,3.2805310173258597,3.153263175160269,3.4032165579117053,False,trials = participants; interval includes participant variation,3.2805310173258597,3.1560721051598137,3.4049899294919057,3.154000222394809,3.4020597370320838,3.154000222394809,3.4020597370320838,True
ft_released,whacamole,10.0,Reconstruction_MASE,181,181,1,1,0.3278465278453039,0.31608203898895026,0.3407681525055248,0.3278465278453039,0.31608203898895026,0.3407681525055248,False,trials = participants; interval includes participant variation,0.3278465278453039,0.3153079134993806,0.3403851421912272,0.31607863245441986,0.3408953566450276,0.31607863245441986,0.3408953566450276,True
ft_released,whacamole,10.0,Reconstruction_R2,181,181,1,1,0.9007553155250971,0.8901386169109555,0.910340281777619,0.9007553155250971,0.8901386169109555,0.910340281777619,False,trials = participants; interval includes participant variation,0.9007553155250971,0.8905684066777534,0.9109422243724409,0.889970153545477,0.910262145497193,0.889970153545477,0.910262145497193,True
ft_released,whacamole,20.0,Number_of_submovements_per_second,181,181,1,1,4.644629783434433,4.452560132986851,4.829247754478817,4.644629783434433,4.452560132986851,4.829247754478817,False,trials = participants; interval includes participant variation,4.644629783434433,4.4538921996818965,4.8353673671869695,4.451032853783083,4.829976764085667,4.451032853783083,4.829976764085667,True
ft_released,whacamole,20.0,Reconstruction_MASE,181,181,1,1,0.23639983292817685,0.22453533894337022,0.25000788513397787,0.23639983292817685,0.22453533894337022,0.25000788513397787,False,trials = participants; interval includes participant variation,0.23639983292817685,0.22349859704958264,0.24930106880677105,0.22415497788397792,0.2497907110870166,0.22415497788397792,0.2497907110870166,True
ft_released,whacamole,20.0,Reconstruction_R2,181,181,1,1,0.925622118112132,0.9147958516827605,0.9354809514066791,0.925622118112132,0.9147958516827605,0.9354809514066791,False,trials = participants; interval includes participant variation,0.925622118112132,0.9151254888663649,0.9361187473578991,0.9149513727887559,0.9356524849711861,0.9149513727887559,0.9356524849711861,True
ft_released,whacamole,inf,Number_of_submovements_per_second,181,181,1,1,5.168810037083059,4.950240516278749,5.379687386878781,5.168810037083059,4.950240516278749,5.379687386878781,False,trials = participants; interval includes participant variation,5.168810037083059,4.952641753774922,5.384978320391196,4.956958250477087,5.377339010466486,4.956958250477087,5.377339010466486,True
ft_released,whacamole,inf,Reconstruction_MASE,181,181,1,1,0.21632805069060773,0.20440919903245852,0.22978623936809395,0.21632805069060773,0.20440919903245852,0.22978623936809395,False,trials = participants; interval includes participant variation,0.21632805069060773,0.20338717746246443,0.22926892391875103,0.20421878386878453,0.22974299453453037,0.20421878386878453,0.22974299453453037,True
ft_released,whacamole,inf,Reconstruction_R2,181,181,1,1,0.9291476999198535,0.9185626631448282,0.9391151661701623,0.9291476999198535,0.9185626631448282,0.9391151661701623,False,trials = participants; interval includes participant variation,0.9291476999198535,0.9186363288586447,0.9396590709810623,0.9182459001218417,0.9390018504874482,0.9182459001218417,0.9390018504874482,True
ft_A,Fitts,10.0,Number_of_submovements_per_second,5420,10,432,652,1.4852124901326902,1.4683407660752854,1.5019802838757228,1.5301569620354365,1.5119511606712794,1.5483049251944412,True,,1.5301569620354365,1.280728141074491,1.779585782996382,1.30325691586691,1.6957382630786673,1.3259252689632268,1.738500058307987,False
ft_A,Fitts,10.0,Reconstruction_MASE,5420,10,432,652,0.2973255848321033,0.29333006491416047,0.3013496296840406,0.3031797209615479,0.29891469036900753,0.30744631327286703,True,,0.3031797209615479,0.2725719344500237,0.33378750747307206,0.27373383302782045,0.3235648463300675,0.2781096878365775,0.32863898176588935,False
ft_A,Fitts,10.0,Reconstruction_R2,5420,10,432,652,0.8726230459789508,0.8697546502972551,0.8754191464694334,0.8678009928504968,0.8647638503200675,0.8707908034985982,True,,0.8678009928504968,0.8367422893044579,0.8988596963965357,0.844956145607954,0.8960188508676911,0.841197951014614,0.8919068881031549,False
ft_A,Fitts,20.0,Number_of_submovements_per_second,5420,10,432,652,1.7086967135284687,1.6911222268237023,1.7260898048672018,1.753124601374934,1.7343530349133107,1.7717482075627908,True,,1.753124601374934,1.5062117149867704,2.0000374877630978,1.5282024612221916,1.9127534367183479,1.5518484747059467,1.952453637928132,False
ft_A,Fitts,20.0,Reconstruction_MASE,5420,10,432,652,0.26844233525202954,0.2649403448458026,0.27208504576468634,0.27362326129897496,0.2699101872956114,0.27745264770329225,True,,0.27362326129897496,0.24411575903532992,0.30313076356262003,0.24551617990549535,0.2940679132800775,0.2496758353555665,0.2983294143763937,False
ft_A,Fitts,20.0,Reconstruction_R2,5420,10,432,652,0.8862299417657605,0.8833781934378332,0.8890511334758953,0.8820581622585444,0.8790291641194897,0.8850408882916933,True,,0.8820581622585444,0.853250405457692,0.9108659190593967,0.8612942154458376,0.9076701294224607,0.8574333166693475,0.9043538234890027,False
ft_A,Fitts,inf,Number_of_submovements_per_second,5420,10,432,652,1.9008821870554307,1.8828069613464657,1.91896114214607,1.946943117739649,1.9279850618108547,1.9664109949947406,True,,1.946943117739649,1.6997378444348843,2.194148391044414,1.7244759439977573,2.1077392259620096,1.750177147415931,2.153199000968885,False
ft_A,Fitts,inf,Reconstruction_MASE,5420,10,432,652,0.2651315677154982,0.2618155574513468,0.2685993558175369,0.27014070610653707,0.2666311854274284,0.27375297002601656,True,,0.27014070610653707,0.240541994191621,0.29973941802145315,0.2422566163102857,0.2910501155852642,0.24655541480283177,0.2951897680918908,False
ft_A,Fitts,inf,Reconstruction_R2,5420,10,432,652,0.8855649361751177,0.8827115336222733,0.8884159212059091,0.8813854604465886,0.8783335929390583,0.8844093282443326,True,,0.8813854604465886,0.8515061162433805,0.9112648046497968,0.8594908438218781,0.9080114032765784,0.8557552765903341,0.9046580548052479,False
ft_A,crank,10.0,Number_of_submovements_per_second,1000,5,200,200,5.873016241416335,5.833484903650358,5.912291456954553,5.873016241416336,5.833484903650358,5.912291456954553,True,,5.873016241416336,5.750813503148578,5.995218979684093,5.799685023576021,5.953376238495111,5.799685023576021,5.953376238495111,False
ft_A,crank,10.0,Reconstruction_MASE,1000,5,200,200,0.08937530936299999,0.087119349575375,0.09177178112535,0.089375309363,0.087119349575375,0.09177178112534999,True,,0.089375309363,0.07969602778106832,0.09905459094493169,0.084228002888,0.09622525824,0.084228002888,0.09622525824000001,False
ft_A,crank,10.0,Reconstruction_R2,1000,5,200,200,0.8283487649559975,0.8225767743334175,0.8336946153372526,0.8283487649559975,0.8225767743334174,0.8336946153372526,True,,0.8283487649559975,0.8247654694264862,0.8319320604855088,0.8258250110149383,0.830414515197277,0.8258250110149383,0.8304145151972773,False
ft_A,crank,20.0,Number_of_submovements_per_second,1000,5,200,200,5.633239294365048,5.605631932564079,5.660476186411455,5.633239294365049,5.605631932564078,5.660476186411455,True,,5.633239294365049,5.584155788422526,5.682322800307572,5.609729780852795,5.667317004427314,5.609729780852795,5.667317004427314,False
ft_A,crank,20.0,Reconstruction_MASE,1000,5,200,200,0.054034987864,0.052685916620999994,0.05542298042705,0.054034987864,0.052685916620999994,0.05542298042705001,True,,0.054034987864,0.047906156230256805,0.0601638194977432,0.050407922499,0.05806553285800001,0.050407922499,0.058065532858,False
ft_A,crank,20.0,Reconstruction_R2,1000,5,200,200,0.9212847328782081,0.9170606560394168,0.9253353165715933,0.9212847328782082,0.9170606560394167,0.9253353165715934,True,,0.9212847328782082,0.913261926635696,0.9293075391207204,0.9164329432249069,0.9261849901080131,0.9164329432249069,0.9261849901080133,False
ft_A,crank,inf,Number_of_submovements_per_second,1000,5,200,200,5.82853727504611,5.791722724188119,5.865164356905967,5.82853727504611,5.791722724188119,5.865164356905968,True,,5.82853727504611,5.717845894963813,5.9392286551284075,5.758858934640885,5.898215615451336,5.758858934640885,5.898215615451336,False
ft_A,crank,inf,Reconstruction_MASE,1000,5,200,200,0.068462428989,0.067107976577975,0.0698426843554,0.06846242898899998,0.067107976577975,0.0698426843554,True,,0.06846242898899998,0.06344600869034069,0.07347884928765928,0.065500945918,0.071505268215,0.06550094591799999,0.071505268215,False
ft_A,crank,inf,Reconstruction_R2,1000,5,200,200,0.8800751007199288,0.8749207796618342,0.8852364593923092,0.8800751007199288,0.8749207796618342,0.8852364593923092,True,,0.8800751007199288,0.8678179363139651,0.8923322651258925,0.8721669467687607,0.8873150197863579,0.8721669467687606,0.8873150197863579,False
ft_A,object_moving,10.0,Number_of_submovements_per_second,800,5,160,160,2.5539627275196835,2.475645288155065,2.632474972772179,2.5539627275196835,2.475645288155065,2.632474972772179,True,,2.5539627275196835,2.49783483160045,2.610090623438917,2.512395316315815,2.582387537159957,2.512395316315815,2.582387537159957,False
ft_A,object_moving,10.0,Reconstruction_MASE,800,5,160,160,0.16550167138125002,0.16027826085862495,0.1708992868930625,0.16550167138125,0.16027826085862498,0.17089928689306247,True,,0.16550167138125,0.16168116962648907,0.16932217313601092,0.163054060414625,0.16770745802249998,0.163054060414625,0.16770745802249998,False
ft_A,object_moving,10.0,Reconstruction_R2,800,5,160,160,0.9168447604775429,0.9093429376017302,0.9238333083670587,0.9168447604775428,0.9093429376017302,0.9238333083670587,True,,0.9168447604775428,0.9114282204852889,0.9222613004697967,0.9134699772298336,0.9202740057557821,0.9134699772298335,0.920274005755782,False
ft_A,object_moving,20.0,Number_of_submovements_per_second,800,5,160,160,3.3414943086449056,3.282416283331113,3.401976627940312,3.3414943086449056,3.282416283331113,3.401976627940312,True,,3.3414943086449056,3.230808299900792,3.4521803173890193,3.2655971867032347,3.4069304819684474,3.2655971867032347,3.4069304819684474,False
ft_A,object_moving,20.0,Reconstruction_MASE,800,5,160,160,0.09420705808374999,0.09147285155843751,0.09708966345118752,0.09420705808374999,0.09147285155843751,0.09708966345118751,True,,0.09420705808374999,0.08907965513244656,0.09933446103505342,0.09106794525999998,0.09737523030749999,0.09106794525999998,0.09737523030749999,False
ft_A,object_moving,20.0,Reconstruction_R2,800,5,160,160,0.9737435484677553,0.9709859383609146,0.9761011889316142,0.9737435484677552,0.9709859383609146,0.9761011889316142,True,,0.9737435484677552,0.9693529776748688,0.9781341192606416,0.9707799097895622,0.9761856830120087,0.9707799097895622,0.9761856830120086,False
ft_A,object_moving,inf,Number_of_submovements_per_second,800,5,160,160,4.03321239631623,3.9625036795518827,4.104510618278291,4.03321239631623,3.9625036795518827,4.104510618278291,True,,4.03321239631623,3.988306401821647,4.078118390810814,4.007623911090195,4.0648999902885405,4.007623911090195,4.0648999902885405,False
ft_A,object_moving,inf,Reconstruction_MASE,800,5,160,160,0.09985646024125,0.097123067092,0.10270792784525001,0.09985646024125001,0.097123067092,0.10270792784524999,True,,0.09985646024125001,0.09225865150834614,0.10745426897415389,0.09500858403375002,0.10470433644875002,0.09500858403375001,0.10470433644875002,False
ft_A,object_moving,inf,Reconstruction_R2,800,5,160,160,0.9691218075156212,0.9664285804219545,0.9716242836453021,0.9691218075156212,0.9664285804219543,0.9716242836453021,True,,0.9691218075156212,0.9631032576305777,0.9751403574006646,0.9654046853631735,0.9728389296680688,0.9654046853631735,0.9728389296680688,False
ft_A,pointing,10.0,Number_of_submovements_per_second,683,2,332,351,0.9051908499330806,0.8679120132558479,0.9434791355404735,0.9045695656340487,0.8675072494360238,0.942732453471344,True,,0.9045695656340487,0.6207950899198277,1.1883440413482695,0.8822360300425306,0.9269031012255666,0.8822360300425306,0.9269031012255666,False
ft_A,pointing,10.0,Reconstruction_MASE,683,2,332,351,0.20135546634699852,0.19701640449253294,0.20577329273081993,0.20122443391395067,0.19689202193821007,0.20565679872985854,True,,0.20122443391395067,0.14137476437031102,0.26107410345759036,0.19651416276807226,0.20593470505982908,0.19651416276807226,0.20593470505982908,False
ft_A,pointing,10.0,Reconstruction_R2,683,2,332,351,0.9683916648170784,0.9662001760799225,0.9704278078164748,0.9683533650277405,0.9661439417137936,0.9703945304752094,True,,0.9683533650277405,0.9508597591917618,0.9858469708637192,0.9669765883899597,0.9697301416655212,0.9669765883899597,0.9697301416655212,False
ft_A,pointing,20.0,Number_of_submovements_per_second,683,2,332,351,1.5972764181357701,1.55629752330737,1.6386085263229115,1.59302212116742,1.5522831287371806,1.63445430483117,True,,1.59302212116742,-0.3501476862897783,3.5361919286246186,1.4400913406735711,1.7459529016612687,1.4400913406735711,1.7459529016612687,False
ft_A,pointing,20.0,Reconstruction_MASE,683,2,332,351,0.15570116510102489,0.15170285880618595,0.15982640499154466,0.1555132397302887,0.1515472663493134,0.1596062414002821,True,,0.1555132397302887,0.06967745788748266,0.24134902157309474,0.1487578171927711,0.16226866226780626,0.1487578171927711,0.16226866226780626,False
ft_A,pointing,20.0,Reconstruction_R2,683,2,332,351,0.9804255870739502,0.9782932347643951,0.9822822220263508,0.9804491837426594,0.9783428999157031,0.9822858917523671,True,,0.9804491837426594,0.9696712962248173,0.9912270712605016,0.9796009455990587,0.9812974218862602,0.9796009455990587,0.9812974218862602,False
ft_A,pointing,inf,Number_of_submovements_per_second,683,2,332,351,2.6195364834612582,2.559594073388071,2.681125091508134,2.6151231767283356,2.555209401179305,2.6765103141071593,True,,2.6151231767283356,0.5993249242173362,4.630921429239335,2.4564764136448503,2.7737699398118205,2.4564764136448503,2.7737699398118205,False
ft_A,pointing,inf,Reconstruction_MASE,683,2,332,351,0.14473139769253293,0.14017287833825037,0.14949020614769398,0.14463581257750235,0.14010773644886962,0.14934504780776559,True,,0.14463581257750235,0.10097686940742356,0.18829475574758114,0.14119977923192772,0.14807184592307696,0.14119977923192772,0.14807184592307696,False
ft_A,pointing,inf,Reconstruction_R2,683,2,332,351,0.9789190222543295,0.9759991814874626,0.9814612414049718,0.9789380091823829,0.9760566508921926,0.9814487548136708,True,,0.9789380091823829,0.9702656420194031,0.9876103763453628,0.9782554790844605,0.9796205392803055,0.9782554790844605,0.9796205392803055,False
ft_A,steering,10.0,Number_of_submovements_per_second,360,9,40,40,2.9664631063739457,2.945438815311839,2.9880742942448704,2.9664631063739457,2.945438815311839,2.9880742942448704,True,,2.9664631063739457,2.791025624866194,3.1419005878816972,2.838888609502465,3.1187903942074624,2.838888609502465,3.1187903942074624,False
ft_A,steering,10.0,Reconstruction_MASE,360,9,40,40,0.24178886225,0.24094361706736112,0.24263838257777778,0.24178886225000001,0.24094361706736112,0.24263838257777778,True,,0.24178886225000001,0.23114673585787876,0.25243098864212127,0.2330278999145833,0.24999204314305554,0.23302789991458334,0.24999204314305556,False
ft_A,steering,10.0,Reconstruction_R2,360,9,40,40,0.9422660655445523,0.9417817255606254,0.9427490450607405,0.9422660655445524,0.9417817255606253,0.9427490450607406,True,,0.9422660655445524,0.9377810031795731,0.9467511279095316,0.9388268315460947,0.9459315130694045,0.9388268315460947,0.9459315130694046,False
ft_A,steering,20.0,Number_of_submovements_per_second,360,9,40,40,4.091478339706858,4.065640976497282,4.11786653730087,4.091478339706858,4.065640976497282,4.11786653730087,True,,4.091478339706858,3.9016027383785827,4.281353941035133,3.941255798827236,4.245088793632264,3.941255798827236,4.245088793632264,False
ft_A,steering,20.0,Reconstruction_MASE,360,9,40,40,0.14736903763055556,0.14664911501430553,0.14810100436284723,0.14736903763055553,0.14664911501430555,0.1481010043628472,True,,0.14736903763055553,0.13729285413314152,0.15744522112796955,0.1388984644176389,0.15475532379652776,0.13889846441763887,0.1547553237965278,False
ft_A,steering,20.0,Reconstruction_R2,360,9,40,40,0.9704315101106962,0.9700258810859588,0.9708374933650096,0.9704315101106962,0.9700258810859589,0.9708374933650096,True,,0.9704315101106962,0.9658294611730548,0.9750335590483376,0.9669409343227744,0.9742087229465445,0.9669409343227744,0.9742087229465445,False
ft_A,steering,inf,Number_of_submovements_per_second,360,9,40,40,5.54918273165822,5.5189813909431304,5.579798875624935,5.54918273165822,5.5189813909431304,5.579798875624935,True,,5.54918273165822,5.291353926746423,5.807011536570018,5.3341577341159185,5.7463300466847915,5.3341577341159185,5.7463300466847915,False
ft_A,steering,inf,Reconstruction_MASE,360,9,40,40,0.1340126337888889,0.13334982520180555,0.13467112110048612,0.1340126337888889,0.13334982520180555,0.13467112110048612,True,,0.1340126337888889,0.12455155633968808,0.14347371123808972,0.1259851873611111,0.14097827681833333,0.12598518736111108,0.14097827681833336,False
ft_A,steering,inf,Reconstruction_R2,360,9,40,40,0.9726617001824909,0.9723023469414976,0.9730204782841935,0.9726617001824908,0.9723023469414978,0.9730204782841934,True,,0.9726617001824908,0.9681868666982453,0.9771365336667363,0.9692098233972987,0.9762892661823167,0.9692098233972987,0.9762892661823166,False
ft_A,tablet_writing,10.0,Number_of_submovements_per_second,3801,44,5,572,7.13925335499669,7.085797526113227,7.192590009205186,7.079322872657892,7.012700681021414,7.146888580389701,True,,7.079322872657892,6.830944848050645,7.327700897265139,6.911671546450128,7.39320637548598,6.827191451565055,7.310019977647837,True
ft_A,tablet_writing,10.0,Reconstruction_MASE,3801,44,5,572,0.377701405801105,0.3752579372252039,0.3800822290803736,0.38159609245140164,0.37867958974972593,0.38447122123720734,True,,0.38159609245140164,0.36787321812155394,0.39531896678124934,0.3651630252940424,0.39261611605170194,0.36875614359850684,0.3950716015316116,True
ft_A,tablet_writing,10.0,Reconstruction_R2,3801,44,5,572,0.8087332065373275,0.8064526228983444,0.8109952957657286,0.8097172152944797,0.8069843002028542,0.812434419163195,True,,0.8097172152944797,0.7990198187392085,0.820414611849751,0.797618778042353,0.8179971178763059,0.799308238004075,0.8198659651350377,True
ft_A,tablet_writing,20.0,Number_of_submovements_per_second,3801,44,5,572,8.617168792186051,8.561534033515642,8.672451803415878,8.628144354523199,8.555752816530104,8.701920998779729,True,,8.628144354523199,8.399517567011092,8.856771142035306,8.38468702405645,8.86938788264216,8.398538992935686,8.842745896829676,True
ft_A,tablet_writing,20.0,Reconstruction_MASE,3801,44,5,572,0.31016418723257033,0.30787975535309126,0.31246960588079453,0.31334573783282954,0.3104154225918728,0.3162300528878962,True,,0.31334573783282954,0.2997752332464627,0.32691624241919637,0.2982975981194502,0.3246252443051488,0.30020128899144954,0.3266317178914572,True
ft_A,tablet_writing,20.0,Reconstruction_R2,3801,44,5,572,0.8567602182181061,0.8548105435551264,0.8586892730580196,0.8574446810066747,0.8551193613330367,0.8597406733736538,True,,0.8574446810066747,0.8474678067063003,0.8674215553070491,0.8463470732817312,0.8650010589218404,0.8477180479417977,0.8669773736407566,True
ft_A,tablet_writing,inf,Number_of_submovements_per_second,3801,44,5,572,9.129934511276074,9.079888362046434,9.17910933209842,9.153738710336382,9.090376177384695,9.216845316231456,True,,9.153738710336382,8.962765844559673,9.344711576113092,8.933235155082158,9.347705202663454,8.966555689278163,9.333643842676558,True
ft_A,tablet_writing,inf,Reconstruction_MASE,3801,44,5,572,0.2978478007840042,0.29557884454953304,0.30017993306254276,0.30078964585050366,0.2979357534779137,0.3036367381501976,True,,0.30078964585050366,0.2872159096473986,0.3143633820536087,0.2858033751077376,0.3131104038740498,0.2882857899903561,0.3142470024797471,True
ft_A,tablet_writing,inf,Reconstruction_R2,3801,44,5,572,0.8634630471460131,0.8615195273274937,0.865307932801229,0.8636412807637753,0.8613485997661788,0.8659245497575424,True,,0.8636412807637753,0.8537973310355795,0.8734852304919711,0.8534212238938246,0.8718175625190003,0.8541561445207011,0.8729922195902242,True
ft_A,whacamole,10.0,Number_of_submovements_per_second,181,181,1,1,3.338741594256617,3.214175127477524,3.4644878382655633,3.338741594256617,3.214175127477524,3.4644878382655633,False,trials = participants; interval includes participant variation,3.338741594256617,3.212573640313116,3.4649095482001178,3.213142697467824,3.461809677200505,3.213142697467824,3.461809677200505,True
ft_A,whacamole,10.0,Reconstruction_MASE,181,181,1,1,0.328507976519337,0.31672248964779004,0.34129022708287293,0.328507976519337,0.31672248964779004,0.34129022708287293,False,trials = participants; interval includes participant variation,0.328507976519337,0.31597014413300933,0.34104580890566466,0.3166567892458564,0.3414313295939227,0.3166567892458564,0.3414313295939227,True
ft_A,whacamole,10.0,Reconstruction_R2,181,181,1,1,0.9009013683097797,0.8905225807378964,0.9103057472333723,0.9009013683097797,0.8905225807378964,0.9103057472333723,False,trials = participants; interval includes participant variation,0.9009013683097797,0.890827771193301,0.9109749654262584,0.8905980385963429,0.9104531762761306,0.8905980385963429,0.9104531762761306,True
ft_A,whacamole,20.0,Number_of_submovements_per_second,181,181,1,1,4.674209097390017,4.484672599029599,4.862134294033833,4.674209097390017,4.484672599029599,4.862134294033833,False,trials = participants; interval includes participant variation,4.674209097390017,4.4821499534333284,4.866268241346706,4.475564257041114,4.859729651279377,4.475564257041114,4.859729651279377,True
ft_A,whacamole,20.0,Reconstruction_MASE,181,181,1,1,0.23638876734806633,0.22452311051381216,0.24963962192541433,0.23638876734806633,0.22452311051381216,0.24963962192541433,False,trials = participants; interval includes participant variation,0.23638876734806633,0.22354655332569048,0.24923098137044217,0.22436969721823208,0.24956070426933705,0.22436969721823208,0.24956070426933705,True
ft_A,whacamole,20.0,Reconstruction_R2,181,181,1,1,0.9256901289876653,0.9149137882814223,0.9356204005483105,0.9256901289876653,0.9149137882814223,0.9356204005483105,False,trials = participants; interval includes participant variation,0.9256901289876653,0.9152820220858626,0.936098235889468,0.9150269105454176,0.9355481260800889,0.9150269105454176,0.9355481260800889,True
ft_A,whacamole,inf,Number_of_submovements_per_second,181,181,1,1,5.193569581976253,4.972433816867968,5.405381251018474,5.193569581976253,4.972433816867968,5.405381251018474,False,trials = participants; interval includes participant variation,5.193569581976253,4.97636681103662,5.410772352915886,4.973981786081928,5.40521437995321,4.973981786081928,5.40521437995321,True
ft_A,whacamole,inf,Reconstruction_MASE,181,181,1,1,0.21633212878453037,0.20424658724585637,0.22974778544060775,0.21633212878453037,0.20424658724585637,0.22974778544060775,False,trials = participants; interval includes participant variation,0.21633212878453037,0.20343124491227943,0.2292330126567813,0.2042507606809392,0.2298134922071823,0.2042507606809392,0.2298134922071823,True
ft_A,whacamole,inf,Reconstruction_R2,181,181,1,1,0.9292827867671271,0.9183831986719074,0.9391729473656054,0.9292827867671271,0.9183831986719074,0.9391729473656054,False,trials = participants; interval includes participant variation,0.9292827867671271,0.9188204649708452,0.9397451085634089,0.9186619624083873,0.9392770148196273,0.9186619624083873,0.9392770148196273,True
ft_B,Fitts,10.0,Number_of_submovements_per_second,5420,10,432,652,1.5387392679841096,1.5226213874793235,1.5549291388600348,1.577670626978604,1.560574179166142,1.5947304428324147,True,,1.577670626978604,1.3473914559382303,1.8079497980189778,1.3639216808673584,1.7331293454100871,1.388512512012075,1.7646914397710134,False
ft_B,Fitts,10.0,Reconstruction_MASE,5420,10,432,652,0.30914486839298894,0.30353266210571955,0.31485671680119925,0.3153644649478978,0.30945275217502105,0.32139528946034646,True,,0.3153644649478978,0.2825256835515584,0.34820324634423727,0.284599678692345,0.33730611350969913,0.28952274627730706,0.342504864967253,False
ft_B,Fitts,10.0,Reconstruction_R2,5420,10,432,652,0.8713551101759351,0.8681276839157751,0.8745176264269766,0.8665416173466107,0.8631522553172863,0.8698795849726947,True,,0.8665416173466107,0.8358397622592126,0.8972434724340088,0.8440123531313621,0.8943814443551463,0.8397216798200897,0.8903630373694095,False
ft_B,Fitts,20.0,Number_of_submovements_per_second,5420,10,432,652,1.7389331716456453,1.7232032923870273,1.7548053491185334,1.7748462064887665,1.7582283236307523,1.7918871218657995,True,,1.7748462064887665,1.5731187828004367,1.9765736301770962,1.5873920809729474,1.9138671437524664,1.609927548365658,1.9458733117184601,False
ft_B,Fitts,20.0,Reconstruction_MASE,5420,10,432,652,0.28084367591494463,0.2759064003280028,0.2858883729464253,0.286384874524911,0.28117737008691573,0.29165303768951345,True,,0.286384874524911,0.2544017670358358,0.31836798201398625,0.2559847452725077,0.3091304284458209,0.2606547686029317,0.31396789533720076,False
ft_B,Fitts,20.0,Reconstruction_R2,5420,10,432,652,0.8842732254429497,0.8811435636484864,0.8874263625971396,0.8800330641791485,0.8766804396678576,0.8833641729632756,True,,0.8800330641791485,0.8503022246871613,0.9097639036711357,0.8578603333894438,0.9061845283019284,0.853954429728842,0.9029908220412711,False
ft_B,Fitts,inf,Number_of_submovements_per_second,5420,10,432,652,2.0404764313123627,2.0240152686904356,2.057501263197853,2.076766589681788,2.0595833532002517,2.094475486354066,True,,2.076766589681788,1.8734097621865442,2.2801234171770317,1.893059536735125,2.213447293428121,1.914898773051438,2.2480517094343164,False
ft_B,Fitts,inf,Reconstruction_MASE,5420,10,432,652,0.27871398003708486,0.27401223190101015,0.28354228381421126,0.2840320053822615,0.2791125748746309,0.2891132342276889,True,,0.2840320053822615,0.25202047033610003,0.3160435404284229,0.25347204205380913,0.30638288554500975,0.25771254835175184,0.31103092041267033,False
ft_B,Fitts,inf,Reconstruction_R2,5420,10,432,652,0.8825219383208954,0.8794057354303524,0.8855523885475863,0.8784434076967326,0.8751365785673897,0.8816882340862875,True,,0.8784434076967326,0.8477319130195153,0.9091549023739498,0.8562531504108168,0.9056527281989253,0.8525042209630832,0.9021936516079229,False
ft_B,crank,10.0,Number_of_submovements_per_second,1000,5,200,200,4.931689866296947,4.897811001252383,4.9655796584738425,4.9316898662969475,4.897811001252383,4.965579658473842,True,,4.9316898662969475,4.8044055773994705,5.0589741551944245,4.840887542696669,4.992061134651303,4.840887542696669,4.992061134651303,False
ft_B,crank,10.0,Reconstruction_MASE,1000,5,200,200,0.073583733578,0.071541311875675,0.07564089176279999,0.073583733578,0.071541311875675,0.07564089176279999,True,,0.073583733578,0.06289568756272103,0.08427177959327896,0.06783487525300001,0.08076746945699999,0.067834875253,0.080767469457,False
ft_B,crank,10.0,Reconstruction_R2,1000,5,200,200,0.884372459590435,0.8791960960552097,0.8891545209988952,0.884372459590435,0.8791960960552095,0.8891545209988952,True,,0.884372459590435,0.870406928662085,0.8983379905187849,0.8756341056823731,0.893110813498497,0.8756341056823731,0.8931108134984969,False
ft_B,crank,20.0,Number_of_submovements_per_second,1000,5,200,200,5.48680295303464,5.451323866115883,5.522496682036668,5.486802953034639,5.4513238661158825,5.522496682036668,True,,5.486802953034639,5.417406537785955,5.556199368283322,5.442702316492796,5.532485308796168,5.442702316492795,5.532485308796167,False
ft_B,crank,20.0,Reconstruction_MASE,1000,5,200,200,0.054283724319,0.052847866142250004,0.05573486132949999,0.054283724319000005,0.052847866142250004,0.0557348613295,True,,0.054283724319000005,0.04747029334289473,0.06109715529510528,0.050245467296000004,0.058889490997,0.050245467296000004,0.05888949099699999,False
ft_B,crank,20.0,Reconstruction_R2,1000,5,200,200,0.916919153869152,0.9118699361413717,0.9217098573863506,0.9169191538691521,0.9118699361413718,0.9217098573863505,True,,0.9169191538691521,0.907783861281817,0.9260544464564873,0.9115075908899307,0.9228970739245415,0.9115075908899307,0.9228970739245416,False
ft_B,crank,inf,Number_of_submovements_per_second,1000,5,200,200,5.698131511285901,5.659233946463093,5.736201482355595,5.698131511285901,5.659233946463094,5.736201482355595,True,,5.698131511285901,5.60503153925447,5.791231483317332,5.64069189235568,5.755571130216122,5.64069189235568,5.755571130216122,False
ft_B,crank,inf,Reconstruction_MASE,1000,5,200,200,0.062090257105999996,0.060730247785250005,0.0635046740492,0.062090257106,0.06073024778524999,0.0635046740492,True,,0.062090257106,0.05681936000257478,0.06736115420942523,0.059231118591,0.065757590241,0.059231118591,0.065757590241,False
ft_B,crank,inf,Reconstruction_R2,1000,5,200,200,0.8963753764629364,0.8913512409105897,0.9011123866215349,0.8963753764629363,0.8913512409105897,0.9011123866215348,True,,0.8963753764629363,0.8849394932763934,0.9078112596494792,0.8886416938900947,0.9031033769845963,0.8886416938900948,0.9031033769845964,False
ft_B,object_moving,10.0,Number_of_submovements_per_second,800,5,160,160,2.1699074735864996,2.1097873922256984,2.230593236788991,2.1699074735864996,2.1097873922256984,2.230593236788991,True,,2.1699074735864996,2.107195781148724,2.2326191660242753,2.13475851835683,2.2125620539532975,2.13475851835683,2.2125620539532975,False
ft_B,object_moving,10.0,Reconstruction_MASE,800,5,160,160,0.1541982797675,0.14957144268140626,0.1589196386436875,0.1541982797675,0.14957144268140624,0.1589196386436875,True,,0.1541982797675,0.15021934081829855,0.15817721871670146,0.15182385611,0.1570327563575,0.15182385611,0.15703275635749997,False
ft_B,object_moving,10.0,Reconstruction_R2,800,5,160,160,0.9305745908617973,0.9247484219297767,0.9359321995805949,0.9305745908617974,0.9247484219297768,0.9359321995805949,True,,0.9305745908617974,0.9239418102354039,0.9372073714881909,0.9261279027909041,0.9344767513871193,0.9261279027909041,0.9344767513871194,False
ft_B,object_moving,20.0,Number_of_submovements_per_second,800,5,160,160,3.1786981919081883,3.117730863107136,3.239433191700373,3.1786981919081883,3.117730863107136,3.239433191700373,True,,3.1786981919081883,3.1186038556428985,3.238792528173478,3.1410682315472513,3.216328152269125,3.1410682315472513,3.216328152269125,False
ft_B,object_moving,20.0,Reconstruction_MASE,800,5,160,160,0.09303976226125,0.09045602368403126,0.09585812937140625,0.09303976226124999,0.09045602368403126,0.09585812937140624,True,,0.09303976226124999,0.0913398937966297,0.09473963072587029,0.09199108514125001,0.09408843938125001,0.09199108514125,0.09408843938125,False
ft_B,object_moving,20.0,Reconstruction_R2,800,5,160,160,0.9741115874052048,0.971472022915259,0.9764988258108497,0.9741115874052048,0.971472022915259,0.9764988258108497,True,,0.9741115874052048,0.97201057880549,0.9762125960049195,0.9727838464081288,0.9754393284022808,0.9727838464081288,0.9754393284022808,False
ft_B,object_moving,inf,Number_of_submovements_per_second,800,5,160,160,3.8806522716768086,3.807941122142365,3.953002002784051,3.8806522716768086,3.807941122142365,3.953002002784051,True,,3.8806522716768086,3.817586471336907,3.94371807201671,3.8472565380390735,3.9256693007424475,3.8472565380390735,3.9256693007424475,False
ft_B,object_moving,inf,Reconstruction_MASE,800,5,160,160,0.09996264522000001,0.09706007321656249,0.10301745441890625,0.09996264522,0.09706007321656249,0.10301745441890622,True,,0.09996264522,0.09837554856023073,0.10154974187976926,0.09892673013125002,0.10101842928249999,0.09892673013125002,0.1010184292825,False
ft_B,object_moving,inf,Reconstruction_R2,800,5,160,160,0.9693752710521221,0.9667613904234023,0.9717795855421573,0.9693752710521221,0.9667613904234021,0.9717795855421573,True,,0.9693752710521221,0.9677563608999035,0.9709941812043407,0.9684102346748114,0.9704673047363758,0.9684102346748114,0.9704673047363759,False
ft_B,pointing,10.0,Number_of_submovements_per_second,683,2,332,351,0.9031212134736741,0.86508174631356,0.9419190599641042,0.900904730683618,0.8629295395772291,0.9397038161933073,True,,0.900904730683618,-0.11148403023916353,1.9132934916063995,0.8212280072305486,0.9805814541366875,0.8212280072305486,0.9805814541366875,False
ft_B,pointing,10.0,Reconstruction_MASE,683,2,332,351,0.20345600798682284,0.19977150161852122,0.2072719841648975,0.20338248072373255,0.19968293327129802,0.2072069765432701,True,,0.20338248072373255,0.1697985633985044,0.2369663980489607,0.20073936910843376,0.20602559233903134,0.20073936910843376,0.20602559233903134,False
ft_B,pointing,10.0,Reconstruction_R2,683,2,332,351,0.968720408868301,0.9669057804093004,0.9704055394840974,0.96864029889932,0.9668197476747536,0.9703343806418713,True,,0.96864029889932,0.9320497002274019,1.005230897571238,0.9657605563301638,0.9715200414684763,0.9657605563301638,0.9715200414684763,False
ft_B,pointing,20.0,Number_of_submovements_per_second,683,2,332,351,1.6802358017800756,1.6388355539757131,1.7199548343561268,1.6772420610796157,1.6358679613359477,1.7171205929950002,True,,1.6772420610796157,0.30983715639911624,3.044646965760115,1.5696249611630857,1.7848591609961457,1.5696249611630857,1.7848591609961457,False
ft_B,pointing,20.0,Reconstruction_MASE,683,2,332,351,0.15375558890483162,0.1502568759406296,0.1573232685046852,0.1536307670827455,0.15012525478720606,0.15720355112263046,True,,0.1536307670827455,0.09661782280687978,0.21064371135861124,0.1491437510572289,0.1581177831082621,0.1491437510572289,0.1581177831082621,False
ft_B,pointing,20.0,Reconstruction_R2,683,2,332,351,0.9818556458848811,0.9803979515636648,0.9832154797687364,0.9818240001813532,0.9803632945310589,0.9831890635889169,True,,0.9818240001813532,0.9673696788002732,0.9962783215624331,0.9806864204176937,0.9829615799450128,0.9806864204176937,0.9829615799450128,False
ft_B,pointing,inf,Number_of_submovements_per_second,683,2,332,351,2.5834157660952597,2.5247586595124973,2.6406945018384107,2.5802127881729024,2.521559204457371,2.6374721472184866,True,,2.5802127881729024,1.1172378151092335,4.043187761236571,2.465074160753424,2.695351415592381,2.465074160753424,2.695351415592381,False
ft_B,pointing,inf,Reconstruction_MASE,683,2,332,351,0.1435624527847731,0.13935997372829428,0.1480026911321742,0.14357809240201402,0.13938918510516768,0.1479904288723832,True,,0.14357809240201402,0.13643462492690653,0.15072155987712152,0.14301588931908832,0.14414029548493976,0.14301588931908832,0.14414029548493976,False
ft_B,pointing,inf,Reconstruction_R2,683,2,332,351,0.9802379290495575,0.9775072553627313,0.9825121174117831,0.9801894553023341,0.977449162809655,0.982463472596865,True,,0.9801894553023341,0.9580488471690847,1.0023300634355836,0.9784469516521477,0.9819319589525206,0.9784469516521477,0.9819319589525206,False
ft_B,steering,10.0,Number_of_submovements_per_second,360,9,40,40,3.0699072250475488,3.0461512153812995,3.093496157166858,3.0699072250475488,3.0461512153812995,3.093496157166858,True,,3.0699072250475488,2.862077151789193,3.2777372983059045,2.9202435786525407,3.249358847364783,2.9202435786525407,3.249358847364783,False
ft_B,steering,10.0,Reconstruction_MASE,360,9,40,40,0.24516553888888887,0.24423495124513886,0.2461184646388889,0.2451655388888889,0.2442349512451389,0.2461184646388889,True,,0.2451655388888889,0.2353699749017867,0.2549611028759911,0.2369422675,0.25257094520624995,0.23694226750000003,0.25257094520625,False
ft_B,steering,10.0,Reconstruction_R2,360,9,40,40,0.9406880668467945,0.9401564386611183,0.9412128263463576,0.9406880668467945,0.9401564386611183,0.9412128263463575,True,,0.9406880668467945,0.9365926795038112,0.9447834541897778,0.9375255822555887,0.9440242471007837,0.9375255822555887,0.9440242471007837,False
ft_B,steering,20.0,Number_of_submovements_per_second,360,9,40,40,4.044013037656744,4.0164844796682395,4.072081627805407,4.044013037656744,4.0164844796682395,4.072081627805407,True,,4.044013037656744,3.8433692427676305,4.244656832545858,3.889058808175226,4.20691118009078,3.889058808175226,4.20691118009078,False
ft_B,steering,20.0,Reconstruction_MASE,360,9,40,40,0.1484199980611111,0.14769733714562502,0.14911628598895835,0.1484199980611111,0.147697337145625,0.14911628598895835,True,,0.1484199980611111,0.13816149222615312,0.1586785038960691,0.1398728119,0.15625664883333334,0.1398728119,0.15625664883333334,False
ft_B,steering,20.0,Reconstruction_R2,360,9,40,40,0.9704383929570516,0.9700687304553058,0.9708207286273439,0.9704383929570517,0.9700687304553057,0.9708207286273438,True,,0.9704383929570517,0.9658830333637843,0.9749937525503191,0.9669202013148201,0.9742440740433005,0.9669202013148203,0.9742440740433004,False
ft_B,steering,inf,Number_of_submovements_per_second,360,9,40,40,5.177838863184054,5.149386273821195,5.20609008812656,5.177838863184054,5.149386273821195,5.20609008812656,True,,5.177838863184054,4.937806129533501,5.417871596834607,4.9825848278899985,5.360770744706194,4.9825848278899985,5.360770744706194,False
ft_B,steering,inf,Reconstruction_MASE,360,9,40,40,0.129978237725,0.12926312486416666,0.13067061067708333,0.129978237725,0.12926312486416663,0.1306706106770833,True,,0.129978237725,0.12038855844719594,0.13956791700280408,0.12189772938451389,0.13716109187881945,0.12189772938451389,0.13716109187881942,False
ft_B,steering,inf,Reconstruction_R2,360,9,40,40,0.9738987454109722,0.9735137529547016,0.9742735076198975,0.9738987454109722,0.9735137529547014,0.9742735076198975,True,,0.9738987454109722,0.9696653969429871,0.9781320938789573,0.9706531806331542,0.9773883296839064,0.9706531806331541,0.9773883296839064,False
ft_B,tablet_writing,10.0,Number_of_submovements_per_second,3801,44,5,572,7.740110908256404,7.681417015571538,7.799593403425668,7.665710302827014,7.5930637397452765,7.735930964502891,True,,7.665710302827014,7.358664947480577,7.972755658173451,7.462933279955471,8.055503241322084,7.353729179897621,7.949764385274354,True
ft_B,tablet_writing,10.0,Reconstruction_MASE,3801,44,5,572,0.37319442134701397,0.3707871958145226,0.3756303375709682,0.3770149097182656,0.3740980917436723,0.37996033139797875,True,,0.3770149097182656,0.36436997828102885,0.3896598411555024,0.3629745098228664,0.3856167606617732,0.36530110014058514,0.38938557209369207,True
ft_B,tablet_writing,10.0,Reconstruction_R2,3801,44,5,572,0.8130673782758354,0.8108039735661812,0.8152821003418476,0.8136323475427448,0.8107511884419335,0.8164427472194103,True,,0.8136323475427448,0.8039209180703041,0.8233437770151856,0.8042512760524209,0.8204111390930678,0.8043204406316098,0.8226762915329214,True
ft_B,tablet_writing,20.0,Number_of_submovements_per_second,3801,44,5,572,8.776730448610333,8.718845831405963,8.835931534228747,8.793558942316558,8.717680731032212,8.866455866486737,True,,8.793558942316558,8.510134108573752,9.076983776059365,8.48266539170496,9.106585944570167,8.515874269239786,9.058154354455601,True
ft_B,tablet_writing,20.0,Reconstruction_MASE,3801,44,5,572,0.307952614026572,0.3057262081100632,0.3101974716447448,0.31053984716322625,0.30765291331646655,0.3134080741866184,True,,0.31053984716322625,0.29762506398085287,0.3234546303455996,0.2980042062632422,0.32019519785160894,0.2982379062555573,0.32345294316187656,True
ft_B,tablet_writing,20.0,Reconstruction_R2,3801,44,5,572,0.8580200201867286,0.8560882683271986,0.8599137221949881,0.8586265683456201,0.8563160516136166,0.860941581223474,True,,0.8586265683456201,0.8492857677458009,0.8679673689454394,0.8496674861403082,0.8647640976609996,0.8496067324416018,0.8675931347867057,True
ft_B,tablet_writing,inf,Number_of_submovements_per_second,3801,44,5,572,9.159437300109591,9.10704767277601,9.212718624702486,9.205951243953558,9.134854423702134,9.274249573555963,True,,9.205951243953558,8.958763372375069,9.453139115532048,8.874297611339848,9.462538942986281,8.955947760848211,9.437675683650683,True
ft_B,tablet_writing,inf,Reconstruction_MASE,3801,44,5,572,0.2958868809994738,0.29369625088694423,0.2981320631343396,0.2978183047798257,0.2950398742183611,0.3006004271057918,True,,0.2978183047798257,0.28494828130279215,0.3106883282568592,0.28621270149758565,0.3081717218309704,0.2856454307448236,0.31043016467524265,True
ft_B,tablet_writing,inf,Reconstruction_R2,3801,44,5,572,0.8646963820335771,0.862883247077167,0.8665284857788986,0.8655798169374121,0.8633814492477587,0.8678220813509877,True,,0.8655798169374121,0.8564877507771824,0.8746718830976419,0.8563675667657776,0.8714243528058042,0.8566830827263902,0.8741246443830364,True
ft_B,whacamole,10.0,Number_of_submovements_per_second,181,181,1,1,3.521920214947416,3.3886346427764926,3.6535791872707275,3.521920214947416,3.3886346427764926,3.6535791872707275,False,trials = participants; interval includes participant variation,3.521920214947416,3.389287991334825,3.654552438560007,3.3896536725156463,3.651164619463048,3.3896536725156463,3.651164619463048,True
ft_B,whacamole,10.0,Reconstruction_MASE,181,181,1,1,0.3370934740883978,0.3236405391063536,0.35214578410359115,0.3370934740883978,0.3236405391063536,0.35214578410359115,False,trials = participants; interval includes participant variation,0.3370934740883978,0.32266862324539514,0.35151832493140045,0.3237192481698895,0.3522786689585635,0.3237192481698895,0.3522786689585635,True
ft_B,whacamole,10.0,Reconstruction_R2,181,181,1,1,0.8937224268254654,0.8812610504294627,0.9047005977090551,0.8937224268254654,0.8812610504294627,0.9047005977090551,False,trials = participants; interval includes participant variation,0.8937224268254654,0.8820822056569378,0.905362647993993,0.881796499074164,0.9048301500921749,0.881796499074164,0.9048301500921749,True
ft_B,whacamole,20.0,Number_of_submovements_per_second,181,181,1,1,4.820718952140756,4.625135221636921,4.999601129746034,4.820718952140756,4.625135221636921,4.999601129746034,False,trials = participants; interval includes participant variation,4.820718952140756,4.6293539037704985,5.012084000511013,4.631800472880431,5.010703454025665,4.631800472880431,5.010703454025665,True
ft_B,whacamole,20.0,Reconstruction_MASE,181,181,1,1,0.24234920381215477,0.22820117389502761,0.25776382905801104,0.24234920381215477,0.22820117389502761,0.25776382905801104,False,trials = participants; interval includes participant variation,0.24234920381215477,0.22747269615805554,0.257225711466254,0.22849144527900553,0.25806542579005526,0.22849144527900553,0.25806542579005526,True
ft_B,whacamole,20.0,Reconstruction_R2,181,181,1,1,0.9195495754974323,0.9074279470585328,0.9310701617960772,0.9195495754974323,0.9074279470585328,0.9310701617960772,False,trials = participants; interval includes participant variation,0.9195495754974323,0.9076087054773356,0.931490445517529,0.9074347182861349,0.9310728155282321,0.9074347182861349,0.9310728155282321,True
ft_B,whacamole,inf,Number_of_submovements_per_second,181,181,1,1,5.251709139643453,5.042132532836365,5.455070008060674,5.251709139643453,5.042132532836365,5.455070008060674,False,trials = participants; interval includes participant variation,5.251709139643453,5.041392600702727,5.46202567858418,5.039305864390789,5.457388288994932,5.039305864390789,5.457388288994932,True
ft_B,whacamole,inf,Reconstruction_MASE,181,181,1,1,0.2228773783093923,0.20901220698784528,0.23891787955939223,0.2228773783093923,0.20901220698784528,0.23891787955939223,False,trials = participants; interval includes participant variation,0.2228773783093923,0.20795820496757036,0.23779655165121424,0.20925323195165746,0.23844253382679556,0.20925323195165746,0.23844253382679556,True
ft_B,whacamole,inf,Reconstruction_R2,181,181,1,1,0.9231188178721054,0.9108261862347797,0.9344944225737403,0.9231188178721054,0.9108261862347797,0.9344944225737403,False,trials = participants; interval includes participant variation,0.9231188178721054,0.9111678109111981,0.9350698248330126,0.9106229220635325,0.934563212574187,0.9106229220635325,0.934563212574187,True
ft_A2,Fitts,10.0,Number_of_submovements_per_second,5420,10,432,652,1.574805806854884,1.5562988157934816,1.593477869847303,1.6199409164071554,1.5998627885705579,1.6395694752054464,True,,1.6199409164071554,1.355168487308383,1.884713345505928,1.3757676500248646,1.7976767861570877,1.3996024702703025,1.837325336392514,False
ft_A2,Fitts,10.0,Reconstruction_MASE,5420,10,432,652,0.29770878064944656,0.2936161228025831,0.30188487290309035,0.30344581472489657,0.29907570695492636,0.3079148764954803,True,,0.30344581472489657,0.2732457833688896,0.33364584608090353,0.27413036072919067,0.323558947504373,0.2787903938784871,0.32854927605619727,False
ft_A2,Fitts,10.0,Reconstruction_R2,5420,10,432,652,0.8730774683266108,0.8701961740909138,0.8758686789053722,0.8684830389472683,0.865488782127865,0.8714329834814657,True,,0.8684830389472683,0.8383882765487942,0.8985778013457424,0.8468710375207184,0.8962583291394596,0.8427738326959543,0.892762983633329,False
ft_A2,Fitts,20.0,Number_of_submovements_per_second,5420,10,432,652,1.8289443604902422,1.8096607607595598,1.8477024881690276,1.8694631500275019,1.8491669812512679,1.889286252818753,True,,1.8694631500275019,1.6178572491632153,2.1210690508917884,1.6398067654556707,2.046361653344648,1.6679767736560556,2.079504978114797,False
ft_A2,Fitts,20.0,Reconstruction_MASE,5420,10,432,652,0.26863917830202955,0.26509524788898525,0.27236335976375003,0.2736163494250874,0.26988314666068264,0.27754833954798575,True,,0.2736163494250874,0.2446019610999599,0.3026307377502149,0.2457669475355618,0.29410678574034294,0.2499890139527937,0.29817799372733433,False
ft_A2,Fitts,20.0,Reconstruction_R2,5420,10,432,652,0.8861552039635577,0.8832993191112232,0.8890138852073918,0.8820681266547309,0.8790538333588265,0.8850830810796677,True,,0.8820681266547309,0.8531351359722655,0.9110011173371962,0.8612113049945718,0.9082862377255384,0.8577410204170063,0.9047801236128921,False
ft_A2,Fitts,inf,Number_of_submovements_per_second,5420,10,432,652,2.000050245538505,1.9801346026875193,2.0198448858737628,2.042246798665118,2.0213888040076946,2.062931519869274,True,,2.042246798665118,1.8003232399459927,2.2841703573842436,1.8180573011235313,2.203192052839908,1.8454276520759494,2.242421277600906,False
ft_A2,Fitts,inf,Reconstruction_MASE,5420,10,432,652,0.266387175599631,0.26289409867236163,0.2700117609679151,0.27111925359394456,0.267472359951392,0.2749101431057037,True,,0.27111925359394456,0.24209514960188228,0.30014335758600685,0.24329646125640142,0.29175468919626474,0.24765493244319103,0.2957180583241439,False
ft_A2,Fitts,inf,Reconstruction_R2,5420,10,432,652,0.8859538455840846,0.8830343642784111,0.88876710203246,0.8821688526447996,0.8790770147373892,0.8851068653406415,True,,0.8821688526447996,0.8535949195932111,0.9107427856963881,0.8607111913906454,0.907724041580423,0.857528861743709,0.9042312458157589,False
ft_A2,crank,10.0,Number_of_submovements_per_second,1000,5,200,200,5.435737825781107,5.407638258833438,5.46388631461747,5.435737825781107,5.407638258833439,5.463886314617469,True,,5.435737825781107,5.353706851478218,5.517768800083997,5.38365501768887,5.48633534386754,5.383655017688871,5.48633534386754,False
ft_A2,crank,10.0,Reconstruction_MASE,1000,5,200,200,0.07157033259900002,0.069453051510525,0.07374870028665,0.07157033259899999,0.069453051510525,0.07374870028665,True,,0.07157033259899999,0.060591023713486555,0.08254964148451342,0.06541891154199998,0.07879087345299998,0.065418911542,0.07879087345299998,False
ft_A2,crank,10.0,Reconstruction_R2,1000,5,200,200,0.8852566508054733,0.8801463670402765,0.890174874816835,0.8852566508054732,0.8801463670402765,0.8901748748168349,True,,0.8852566508054732,0.8663692585158691,0.9041440430950773,0.8734379200935364,0.8968516749739647,0.8734379200935363,0.8968516749739648,False
ft_A2,crank,20.0,Number_of_submovements_per_second,1000,5,200,200,5.62376059256494,5.592040628330782,5.654767266534269,5.62376059256494,5.592040628330782,5.654767266534269,True,,5.62376059256494,5.566713461786318,5.6808077233435625,5.588067323192954,5.659453861936927,5.588067323192954,5.659453861936926,False
ft_A2,crank,20.0,Reconstruction_MASE,1000,5,200,200,0.051296452986999995,0.049963813716699994,0.05266376442732499,0.05129645298700001,0.0499638137167,0.052663764427325,True,,0.05129645298700001,0.04446810353243014,0.05812480244156988,0.047252701594,0.055797244547000004,0.04725270159400001,0.055797244547000004,False
ft_A2,crank,20.0,Reconstruction_R2,1000,5,200,200,0.9264842547774315,0.9222770894482732,0.9305344294071198,0.9264842547774315,0.9222770894482734,0.9305344294071197,True,,0.9264842547774315,0.9171343510120273,0.9358341585428356,0.9201212351918221,0.9320277550816536,0.9201212351918221,0.9320277550816536,False
ft_A2,crank,inf,Number_of_submovements_per_second,1000,5,200,200,5.844328157231212,5.806756610345095,5.883676847001538,5.844328157231212,5.806756610345096,5.883676847001538,True,,5.844328157231212,5.765584003620599,5.923072310841825,5.796148597821594,5.896541675850749,5.796148597821594,5.896541675850749,False
ft_A2,crank,inf,Reconstruction_MASE,1000,5,200,200,0.062667209147,0.061240590234525,0.06415020637129999,0.062667209147,0.061240590234525,0.06415020637129999,True,,0.062667209147,0.05781725873067817,0.06751715956332183,0.060542981304,0.06622155684200001,0.060542981304,0.06622155684200001,False
ft_A2,crank,inf,Reconstruction_R2,1000,5,200,200,0.8988686146736145,0.8940843266308308,0.9034016109243035,0.8988686146736147,0.8940843266308306,0.9034016109243036,True,,0.8988686146736147,0.8924288776697836,0.9053083516774457,0.8944893761873245,0.9025627031326294,0.8944893761873246,0.9025627031326294,False
ft_A2,object_moving,10.0,Number_of_submovements_per_second,800,5,160,160,2.6247062881244347,2.5431311039387947,2.7075649257434997,2.6247062881244347,2.5431311039387947,2.7075649257434997,True,,2.6247062881244347,2.460382186016983,2.7890303902318863,2.546569293946959,2.7433863145066426,2.546569293946959,2.7433863145066426,False
ft_A2,object_moving,10.0,Reconstruction_MASE,800,5,160,160,0.16259363275250002,0.15767335798659374,0.16761473121962503,0.1625936327525,0.15767335798659377,0.167614731219625,True,,0.1625936327525,0.15493128600052083,0.17025597950447915,0.15828837851625,0.16786106378875001,0.15828837851625002,0.16786106378875001,False
ft_A2,object_moving,10.0,Reconstruction_R2,800,5,160,160,0.9240636436641216,0.9181813462153078,0.9294847836662083,0.9240636436641216,0.9181813462153077,0.9294847836662085,True,,0.9240636436641216,0.9176463156081826,0.9304809717200607,0.919820224493742,0.928134226500988,0.919820224493742,0.928134226500988,False
ft_A2,object_moving,20.0,Number_of_submovements_per_second,800,5,160,160,3.38725822144188,3.325836288946448,3.448682607428636,3.38725822144188,3.325836288946448,3.448682607428636,True,,3.38725822144188,3.292695427724231,3.4818210151595292,3.331278113974258,3.452119567617774,3.331278113974258,3.452119567617774,False
ft_A2,object_moving,20.0,Reconstruction_MASE,800,5,160,160,0.09280921882374998,0.09034297259278125,0.095517036530375,0.09280921882375001,0.09034297259278126,0.09551703653037502,True,,0.09280921882375001,0.0893900988931901,0.09622833875430992,0.09064643483625001,0.0947794365075,0.09064643483625001,0.09477943650750001,False
ft_A2,object_moving,20.0,Reconstruction_R2,800,5,160,160,0.9753253615647555,0.9729787981789559,0.9772900371197611,0.9753253615647555,0.9729787981789559,0.9772900371197611,True,,0.9753253615647555,0.9730617748803674,0.9775889482491436,0.9738964736461639,0.9766948258876801,0.9738964736461639,0.97669482588768,False
ft_A2,object_moving,inf,Number_of_submovements_per_second,800,5,160,160,3.924295441713184,3.855073422360001,3.9942651793488766,3.924295441713184,3.855073422360001,3.9942651793488766,True,,3.924295441713184,3.8351264039144874,4.013464479511881,3.8724783414043484,3.983416958665475,3.8724783414043484,3.983416958665475,False
ft_A2,object_moving,inf,Reconstruction_MASE,800,5,160,160,0.09942505227624998,0.09660980339643749,0.10231300551650001,0.09942505227625001,0.09660980339643749,0.10231300551650001,True,,0.09942505227625001,0.0935267174965274,0.10532338705597262,0.0958865924925,0.10319410392999999,0.09588659249249999,0.10319410392999999,False
ft_A2,object_moving,inf,Reconstruction_R2,800,5,160,160,0.9695322836190462,0.9668614453468471,0.971937976611778,0.9695322836190463,0.9668614453468473,0.9719379766117782,True,,0.9695322836190463,0.9650427987162633,0.9740217685218293,0.9667463098466397,0.9722362726926803,0.9667463098466396,0.9722362726926803,False
ft_A2,pointing,10.0,Number_of_submovements_per_second,683,2,332,351,0.879994531722513,0.8460177881428412,0.9159106847633761,0.8791304941140907,0.8452789147760545,0.9149301792166121,True,,0.8791304941140907,0.4844773221130868,1.2737836661150945,0.8480706158744912,0.9101903723536903,0.8480706158744912,0.9101903723536903,False
ft_A2,pointing,10.0,Reconstruction_MASE,683,2,332,351,0.20149297399414348,0.19741968164893847,0.20574682731383603,0.20131838062500856,0.19726759033521826,0.20554886234800518,True,,0.20131838062500856,0.12157205214602936,0.2810647091039878,0.19504220846084336,0.20759455278917377,0.19504220846084336,0.20759455278917377,False
ft_A2,pointing,10.0,Reconstruction_R2,683,2,332,351,0.9686655759113251,0.9662052394814058,0.9708248153983412,0.9686531077979486,0.9661940224286106,0.9708035441382815,True,,0.9686531077979486,0.9629582393744647,0.9743479762214324,0.9682049119328878,0.9691013036630093,0.9682049119328878,0.9691013036630093,False
ft_A2,pointing,20.0,Number_of_submovements_per_second,683,2,332,351,1.6166894939233103,1.5719575018149503,1.6620052784717456,1.6127699086695633,1.568150833905692,1.6581106567605013,True,,1.6127699086695633,-0.17751877580597797,3.4030585931451043,1.4718711334953916,1.753668683843735,1.4718711334953916,1.753668683843735,False
ft_A2,pointing,20.0,Reconstruction_MASE,683,2,332,351,0.15484153969692532,0.15123993336196925,0.15850684370450221,0.1546796449663998,0.15108867461143044,0.1583707446301931,True,,0.1546796449663998,0.08073347837670476,0.22862581155609485,0.1488599554427711,0.16049933449002848,0.1488599554427711,0.16049933449002848,False
ft_A2,pointing,20.0,Reconstruction_R2,683,2,332,351,0.9812512321842188,0.9795365324961144,0.9827623404878822,0.9812317907485928,0.9794866043405784,0.9827631782973016,True,,0.9812317907485928,0.9723518251507324,0.9901117563464532,0.9805329222995115,0.9819306591976742,0.9805329222995115,0.9819306591976742,False
ft_A2,pointing,inf,Number_of_submovements_per_second,683,2,332,351,2.6885897737394577,2.6279246708123205,2.7500495720037024,2.683179513003444,2.6225852642776735,2.7445218363313852,True,,2.683179513003444,0.21201791076808352,5.154341115238805,2.488694877072002,2.877664148934886,2.488694877072002,2.877664148934886,False
ft_A2,pointing,inf,Reconstruction_MASE,683,2,332,351,0.14818560819912152,0.14336617006350658,0.15338589080995607,0.1480299100095982,0.1432525689239373,0.15318374131495993,True,,0.1480299100095982,0.07691404216862803,0.21914577785056838,0.14243296982831324,0.15362685019088318,0.14243296982831324,0.15362685019088318,False
ft_A2,pointing,inf,Reconstruction_R2,683,2,332,351,0.9772712798628241,0.9736474930847372,0.9803578962256934,0.9773154798390666,0.9737397421222497,0.9803561033007726,True,,0.9773154798390666,0.9571269363585225,0.9975040233196107,0.9757266070088769,0.9789043526692562,0.9757266070088769,0.9789043526692562,False
ft_A2,steering,10.0,Number_of_submovements_per_second,360,9,40,40,2.9768125719080367,2.956033679237589,2.9971329546843966,2.9768125719080367,2.956033679237589,2.9971329546843966,True,,2.9768125719080367,2.804671917963808,3.1489532258522654,2.855967869174977,3.1255948208272457,2.855967869174977,3.1255948208272457,False
ft_A2,steering,10.0,Reconstruction_MASE,360,9,40,40,0.23932558124999997,0.23847668557847224,0.24017728635486113,0.23932558125,0.2384766855784723,0.24017728635486107,True,,0.23932558125,0.22906768613359768,0.24958347636640232,0.23107016167777777,0.24726235384930556,0.23107016167777777,0.24726235384930556,False
ft_A2,steering,10.0,Reconstruction_R2,360,9,40,40,0.9433780608905686,0.9428961885720492,0.9438790977456504,0.9433780608905686,0.9428961885720489,0.9438790977456504,True,,0.9433780608905686,0.9392761092243868,0.9474800125567505,0.9402638560243778,0.946783935572538,0.9402638560243778,0.946783935572538,False
ft_A2,steering,20.0,Number_of_submovements_per_second,360,9,40,40,4.073426963761449,4.048146235042561,4.099297757896905,4.073426963761449,4.048146235042561,4.099297757896905,True,,4.073426963761449,3.891174277976785,4.255679649546113,3.928871119705339,4.2212793820848065,3.928871119705339,4.2212793820848065,False
ft_A2,steering,20.0,Reconstruction_MASE,360,9,40,40,0.1470151674388889,0.14632299417916667,0.14769664266326388,0.1470151674388889,0.14632299417916667,0.14769664266326388,True,,0.1470151674388889,0.13733708649832582,0.15669324837945198,0.1390222481492361,0.15429828069444443,0.1390222481492361,0.15429828069444446,False
ft_A2,steering,20.0,Reconstruction_R2,360,9,40,40,0.9706018267406358,0.9702356813061568,0.9709763621911406,0.9706018267406358,0.9702356813061568,0.9709763621911406,True,,0.9706018267406358,0.9661615615411232,0.9750420919401483,0.9671608023593823,0.9742012301170164,0.9671608023593823,0.9742012301170165,False
ft_A2,steering,inf,Number_of_submovements_per_second,360,9,40,40,5.4991165560980635,5.469418363987158,5.528323345351964,5.4991165560980635,5.469418363987158,5.528323345351964,True,,5.4991165560980635,5.246215203053187,5.75201790914294,5.291167668129007,5.69295453208809,5.291167668129007,5.69295453208809,False
ft_A2,steering,inf,Reconstruction_MASE,360,9,40,40,0.13275571255000002,0.1320923799195139,0.13340579796111113,0.13275571255,0.1320923799195139,0.1334057979611111,True,,0.13275571255,0.12369675790920268,0.1418146671907973,0.12525309061965278,0.13962858881666668,0.12525309061965276,0.1396285888166667,False
ft_A2,steering,inf,Reconstruction_R2,360,9,40,40,0.9729168997870551,0.9725476239663031,0.9732767155890664,0.972916899787055,0.9725476239663031,0.9732767155890665,True,,0.972916899787055,0.9685805950015839,0.9772532045725261,0.96954282456802,0.9764468761492107,0.96954282456802,0.9764468761492108,False
ft_A2,tablet_writing,10.0,Number_of_submovements_per_second,3801,44,5,572,6.867726917055912,6.818009820724849,6.917385486291424,6.77922752915424,6.720035258279087,6.839280155403381,True,,6.77922752915424,6.545115727475996,7.013339330832484,6.658328769276168,7.102087435998179,6.548245583808921,6.995163886691925,True
ft_A2,tablet_writing,10.0,Reconstruction_MASE,3801,44,5,572,0.37691428556432516,0.374539071812352,0.37932682481406205,0.38150477387382975,0.3785928773889027,0.38443414971798007,True,,0.38150477387382975,0.367588346934144,0.3954212008135155,0.3640398359550407,0.392222857733102,0.36840291007774456,0.3953616747513322,True
ft_A2,tablet_writing,10.0,Reconstruction_R2,3801,44,5,572,0.809066221137575,0.8068055184777082,0.8113472125587323,0.8092305427520554,0.8063976710792624,0.8120344932470174,True,,0.8092305427520554,0.7983450764604899,0.8201160090436209,0.7973378948038329,0.818426140909749,0.7987093639550661,0.8195337568030545,True
ft_A2,tablet_writing,20.0,Number_of_submovements_per_second,3801,44,5,572,8.336309532619477,8.283983571400857,8.387215654800874,8.349233133478243,8.284422838523174,8.41319945507965,True,,8.349233133478243,8.131008461523308,8.567457805433179,8.116948861180251,8.58787591502203,8.13579818332575,8.553272036217589,True
ft_A2,tablet_writing,20.0,Reconstruction_MASE,3801,44,5,572,0.30916667164903977,0.30689348884035783,0.3114530944080637,0.3125448146155273,0.30967160567932567,0.315369176401949,True,,0.3125448146155273,0.298883409743213,0.3262062194878416,0.29726904081035427,0.3234773043000722,0.2997023118433511,0.3258528237390714,True
ft_A2,tablet_writing,20.0,Reconstruction_R2,3801,44,5,572,0.8571194259469931,0.8551554087148595,0.8590559696310667,0.8572543382733333,0.8549001608706005,0.8596205316365972,True,,0.8572543382733333,0.8473408622485561,0.8671678142981105,0.8469615485007894,0.865310071479941,0.8475842793451603,0.8667957223450282,True
ft_A2,tablet_writing,inf,Number_of_submovements_per_second,3801,44,5,572,8.831445954375457,8.782408230228317,8.87907041090922,8.862865288826017,8.802433035444048,8.922381430711038,True,,8.862865288826017,8.677208496278093,9.04852208137394,8.63405774572951,9.044332048098555,8.680842721822021,9.035906768001302,True
ft_A2,tablet_writing,inf,Reconstruction_MASE,3801,44,5,572,0.2975688259218627,0.2953289344156735,0.2998459832509274,0.3005784370720134,0.29790026136915343,0.3033295822157771,True,,0.3005784370720134,0.2867424048761801,0.3144144692678468,0.2854967937043427,0.3123867898987641,0.2877718997130654,0.3140728211584005,True
ft_A2,tablet_writing,inf,Reconstruction_R2,3801,44,5,572,0.8633108499237688,0.8613954131962657,0.8652570873996798,0.8633182255797592,0.8609635648685681,0.8656960021949511,True,,0.8633182255797592,0.853349971513699,0.8732864796458195,0.8530602034640383,0.871542018448085,0.8535522258664181,0.8726663293263256,True
ft_A2,whacamole,10.0,Number_of_submovements_per_second,181,181,1,1,3.283362642177561,3.158002773634266,3.403353639507862,3.283362642177561,3.158002773634266,3.403353639507862,False,trials = participants; interval includes participant variation,3.283362642177561,3.158960727100167,3.4077645572549544,3.1594885624327715,3.404618004017937,3.1594885624327715,3.404618004017937,True
ft_A2,whacamole,10.0,Reconstruction_MASE,181,181,1,1,0.32834940745856356,0.3164901628950276,0.34116151675414363,0.32834940745856356,0.3164901628950276,0.34116151675414363,False,trials = participants; interval includes participant variation,0.32834940745856356,0.31570534217030954,0.34099347274681757,0.3164782304447514,0.34131133495580107,0.3164782304447514,0.34131133495580107,True
ft_A2,whacamole,10.0,Reconstruction_R2,181,181,1,1,0.8998375146428524,0.8887364887894846,0.9097534998510424,0.8998375146428524,0.8887364887894846,0.9097534998510424,False,trials = participants; interval includes participant variation,0.8998375146428524,0.8894446770474403,0.9102303522382645,0.8889120753792769,0.9096113875508308,0.8889120753792769,0.9096113875508308,True
ft_A2,whacamole,20.0,Number_of_submovements_per_second,181,181,1,1,4.621754347742921,4.428324135596664,4.808481498328115,4.621754347742921,4.428324135596664,4.808481498328115,False,trials = participants; interval includes participant variation,4.621754347742921,4.432481348326493,4.8110273471593485,4.430393762788761,4.805094732727999,4.430393762788761,4.805094732727999,True
ft_A2,whacamole,20.0,Reconstruction_MASE,181,181,1,1,0.23757758629834255,0.22513996794337016,0.2512103670138121,0.23757758629834255,0.22513996794337016,0.2512103670138121,False,trials = participants; interval includes participant variation,0.23757758629834255,0.2244805653413221,0.250674607255363,0.22506442632734805,0.2513662774088397,0.22506442632734805,0.2513662774088397,True
ft_A2,whacamole,20.0,Reconstruction_R2,181,181,1,1,0.9246158879764831,0.9136226505123449,0.9346648697283386,0.9246158879764831,0.9136226505123449,0.9346648697283386,False,trials = participants; interval includes participant variation,0.9246158879764831,0.9139181001802281,0.935313675772738,0.9135708110273214,0.934788880987062,0.9135708110273214,0.934788880987062,True
ft_A2,whacamole,inf,Number_of_submovements_per_second,181,181,1,1,5.130765791262053,4.911007990319673,5.341444572042776,5.130765791262053,4.911007990319673,5.341444572042776,False,trials = participants; interval includes participant variation,5.130765791262053,4.916547559907869,5.344984022616236,4.914140533614719,5.340324548181167,4.914140533614719,5.340324548181167,True
ft_A2,whacamole,inf,Reconstruction_MASE,181,181,1,1,0.2180313537569061,0.20592584420441984,0.23198325995441987,0.2180313537569061,0.20592584420441984,0.23198325995441987,False,trials = participants; interval includes participant variation,0.2180313537569061,0.20487289987185664,0.23118980764195557,0.2057758544198895,0.23170001185497235,0.2057758544198895,0.23170001185497235,True
ft_A2,whacamole,inf,Reconstruction_R2,181,181,1,1,0.9282115918496696,0.9171870321529346,0.9383421959304019,0.9282115918496696,0.9171870321529346,0.9383421959304019,False,trials = participants; interval includes participant variation,0.9282115918496696,0.9175442482987506,0.9388789354005886,0.9172014800883129,0.938416627732759,0.9172014800883129,0.938416627732759,True
ft_B2,Fitts,10.0,Number_of_submovements_per_second,5420,10,432,652,1.5294093984081256,1.5131405022668452,1.5458128805205051,1.5702909940335856,1.5526626420667105,1.5877357600601159,True,,1.5702909940335856,1.335746848849292,1.8048351392178792,1.3593928650654497,1.7271168439356503,1.3843760771028975,1.761763722851105,False
ft_B2,Fitts,10.0,Reconstruction_MASE,5420,10,432,652,0.3070021435387454,0.3018646680228782,0.3121354478465867,0.31313669922139625,0.3076989108166832,0.3185149419377865,True,,0.31313669922139625,0.28098014107458225,0.34529325736821026,0.28217828330203176,0.33484372703450344,0.28707366601522577,0.3393810780583895,False
ft_B2,Fitts,10.0,Reconstruction_R2,5420,10,432,652,0.8696431995757832,0.8665019339314796,0.8727659076248808,0.8647580341929972,0.8614624154469884,0.8680414157660664,True,,0.8647580341929972,0.83338487461311,0.8961311937728845,0.8425255534108254,0.8932007740381142,0.8381851117309854,0.8895236055048565,False
ft_B2,Fitts,20.0,Number_of_submovements_per_second,5420,10,432,652,1.713888064660888,1.6984834054869435,1.729464440880046,1.750873671311308,1.7344813301129571,1.7675242155606672,True,,1.750873671311308,1.5493776755761401,1.9523696670464759,1.5688431437580215,1.886722612027077,1.5920799562169465,1.9210826853795144,False
ft_B2,Fitts,20.0,Reconstruction_MASE,5420,10,432,652,0.2732714183627306,0.26902175508765686,0.2776576643698616,0.27885319005266646,0.2744016270547335,0.2834651953135833,True,,0.27885319005266646,0.24784043128517202,0.3098659488201609,0.2500295011109177,0.30028517595868426,0.2544651233056665,0.30514400904096084,False
ft_B2,Fitts,20.0,Reconstruction_R2,5420,10,432,652,0.8861983252847326,0.8831959652463559,0.8891447983033323,0.8818652453196526,0.8787036278280299,0.8849755502125166,True,,0.8818652453196526,0.8527409232841592,0.910989567355146,0.8606303918727057,0.908020838203641,0.8565578160240502,0.9047111411207133,False
ft_B2,Fitts,inf,Number_of_submovements_per_second,5420,10,432,652,1.9988052051521261,1.9822868787729082,2.0160607608987147,2.032273220357763,2.0145610270072103,2.050346271474943,True,,2.032273220357763,1.8345600917348666,2.2299863489806597,1.8505782465489764,2.162073849703016,1.8729819792263371,2.195758461719478,False
ft_B2,Fitts,inf,Reconstruction_MASE,5420,10,432,652,0.2702616359042435,0.2661977184212408,0.27429516250454794,0.27543481489272714,0.27115733637677497,0.27969093383767973,True,,0.27543481489272714,0.24538818874538432,0.30548144104006997,0.24737835009675546,0.2969102780450477,0.2517019427662509,0.30138105796638737,False
ft_B2,Fitts,inf,Reconstruction_R2,5420,10,432,652,0.884634370392539,0.8816248732406605,0.8875718707808489,0.8804525446076088,0.8772361156504186,0.8835531099025319,True,,0.8804525446076088,0.8503622034036092,0.9105428858116084,0.8585194030009736,0.9070526799185504,0.8545241082044017,0.9035958670860146,False
ft_B2,crank,10.0,Number_of_submovements_per_second,1000,5,200,200,4.683627668023109,4.654792323779314,4.712326924301683,4.683627668023109,4.654792323779314,4.712326924301684,True,,4.683627668023109,4.6044382788182086,4.76281705722801,4.625550783723593,4.718704752400518,4.625550783723592,4.718704752400518,False
ft_B2,crank,10.0,Reconstruction_MASE,1000,5,200,200,0.07372950900099999,0.07169158176205,0.07590469872690002,0.07372950900099999,0.07169158176205,0.0759046987269,True,,0.07372950900099999,0.06230811276447405,0.08515090523752593,0.067746466627,0.081865651015,0.067746466627,0.08186565101500001,False
ft_B2,crank,10.0,Reconstruction_R2,1000,5,200,200,0.8845030319094658,0.8801650396987796,0.8887064518421889,0.884503031909466,0.8801650396987795,0.888706451842189,True,,0.884503031909466,0.8712289609008076,0.8977771029181244,0.8759908730387688,0.892630154967308,0.8759908730387688,0.8926301549673081,False
ft_B2,crank,20.0,Number_of_submovements_per_second,1000,5,200,200,5.15154014468193,5.1185339407995345,5.1834858038797975,5.151540144681931,5.118533940799535,5.1834858038797975,True,,5.151540144681931,5.065106562777353,5.237973726586509,5.101794294118881,5.210026942044497,5.101794294118881,5.210026942044496,False
ft_B2,crank,20.0,Reconstruction_MASE,1000,5,200,200,0.053267890006000004,0.051933085673924996,0.0546276965455,0.053267890006,0.051933085673924996,0.05462769654550001,True,,0.053267890006,0.046344590753518315,0.06019118925848168,0.049183500836999995,0.057987739015000005,0.049183500837,0.057987739015,False
ft_B2,crank,20.0,Reconstruction_R2,1000,5,200,200,0.9209648131728172,0.9164095169752836,0.9253283028185368,0.9209648131728173,0.9164095169752836,0.9253283028185367,True,,0.9209648131728173,0.9113187282813935,0.9306108980642411,0.9154719079211355,0.9273338787555695,0.9154719079211354,0.9273338787555694,False
ft_B2,crank,inf,Number_of_submovements_per_second,1000,5,200,200,5.326240036413074,5.288734172796831,5.363073963269591,5.326240036413074,5.288734172796831,5.36307396326959,True,,5.326240036413074,5.218329857330511,5.434150215495636,5.260503726527094,5.394664599448443,5.260503726527095,5.394664599448442,False
ft_B2,crank,inf,Reconstruction_MASE,1000,5,200,200,0.060674011447000006,0.059338036898175,0.062034040839724996,0.060674011447,0.059338036898174996,0.062034040839725,True,,0.060674011447,0.05557789065210861,0.06577013224189139,0.057728667721,0.06401900363299999,0.05772866772100001,0.06401900363299999,False
ft_B2,crank,inf,Reconstruction_R2,1000,5,200,200,0.8989746124148369,0.8939279530972243,0.9038717005372048,0.8989746124148368,0.8939279530972243,0.9038717005372048,True,,0.8989746124148368,0.8838715639104876,0.914077660919186,0.8890875069499016,0.9075942903161048,0.8890875069499016,0.907594290316105,False
ft_B2,object_moving,10.0,Number_of_submovements_per_second,800,5,160,160,2.1979877701727673,2.13530409821542,2.2612767610471924,2.1979877701727673,2.13530409821542,2.2612767610471924,True,,2.1979877701727673,2.134721399905664,2.2612541404398705,2.160224329470657,2.238751791184768,2.160224329470657,2.238751791184768,False
ft_B2,object_moving,10.0,Reconstruction_MASE,800,5,160,160,0.16346535012375,0.1578665727606875,0.1692754270526875,0.16346535012375002,0.15786657276068747,0.16927542705268747,True,,0.16346535012375002,0.15818770916988442,0.16874299107761562,0.16016759183875004,0.16676310840875005,0.16016759183875,0.16676310840875003,False
ft_B2,object_moving,10.0,Reconstruction_R2,800,5,160,160,0.9177866372466087,0.9087957999873906,0.9256442695371806,0.9177866372466088,0.9087957999873906,0.9256442695371806,True,,0.9177866372466088,0.9106828495866193,0.9248904249065983,0.9140789230167866,0.9229064518213272,0.9140789230167865,0.9229064518213272,False
ft_B2,object_moving,20.0,Number_of_submovements_per_second,800,5,160,160,3.0461186822270974,2.9860793243598893,3.110256456948118,3.0461186822270974,2.9860793243598893,3.110256456948118,True,,3.0461186822270974,3.0294734145564983,3.0627639498976964,3.035965202981606,3.0570497217820956,3.035965202981606,3.0570497217820956,False
ft_B2,object_moving,20.0,Reconstruction_MASE,800,5,160,160,0.09850963690875,0.09547126880846875,0.10166310142081249,0.09850963690875,0.09547126880846876,0.1016631014208125,True,,0.09850963690875,0.09585246413628284,0.10116680968121716,0.09678549751625001,0.10009313694500001,0.09678549751625001,0.10009313694500002,False
ft_B2,object_moving,20.0,Reconstruction_R2,800,5,160,160,0.96988107226789,0.9666729016099126,0.9726775140929967,0.96988107226789,0.9666729016099126,0.9726775140929969,True,,0.96988107226789,0.9670246206721159,0.9727375238636641,0.9685393887758255,0.9719505263119936,0.9685393887758256,0.9719505263119936,False
ft_B2,object_moving,inf,Number_of_submovements_per_second,800,5,160,160,3.7101907705888153,3.6401892018830404,3.77897460461827,3.7101907705888153,3.6401892018830404,3.77897460461827,True,,3.7101907705888153,3.6652237133598873,3.7551578278177433,3.6798656147439033,3.736667552171275,3.6798656147439033,3.736667552171275,False
ft_B2,object_moving,inf,Reconstruction_MASE,800,5,160,160,0.101213236145,0.09805386007878125,0.10445501479965626,0.101213236145,0.09805386007878125,0.10445501479965626,True,,0.101213236145,0.09609660074821835,0.10632987154178164,0.09798439861250001,0.1044420736775,0.0979843986125,0.1044420736775,False
ft_B2,object_moving,inf,Reconstruction_R2,800,5,160,160,0.9673938670754433,0.9633466071598232,0.9707199919428676,0.9673938670754433,0.9633466071598232,0.9707199919428677,True,,0.9673938670754433,0.964612779866401,0.9701749542844855,0.9654594438523054,0.9690017002820969,0.9654594438523054,0.9690017002820968,False
ft_B2,pointing,10.0,Number_of_submovements_per_second,683,2,332,351,0.8638615555935819,0.827869031228545,0.9011911580599518,0.8623992883558194,0.8265314165156525,0.899578500089458,True,,0.8623992883558194,0.1945019676015315,1.5302966091101071,0.809834629229932,0.9149639474817066,0.809834629229932,0.9149639474817066,False
ft_B2,pointing,10.0,Reconstruction_MASE,683,2,332,351,0.20916590237188873,0.20500666266837483,0.21340588053587115,0.2089898975322229,0.20481396546537003,0.21326152802156917,True,,0.2089898975322229,0.12859887336317033,0.2893809217012755,0.2026629867168675,0.21531680834757835,0.2026629867168675,0.21531680834757835,False
ft_B2,pointing,10.0,Reconstruction_R2,683,2,332,351,0.9655820255223689,0.9628850891073486,0.9679308567419757,0.9655434548521338,0.9628157770064117,0.9679073969961904,True,,0.9655434548521338,0.9479261229141461,0.9831607867901214,0.9641569407589464,0.9669299689453212,0.9641569407589464,0.9669299689453212,False
ft_B2,pointing,20.0,Number_of_submovements_per_second,683,2,332,351,1.6422130091124014,1.5984726142016201,1.6857359575709032,1.6382777293564872,1.5943053914011454,1.681938150894808,True,,1.6382777293564872,-0.15917949153794142,3.435734950250916,1.496814778130726,1.7797406805822482,1.496814778130726,1.7797406805822482,False
ft_B2,pointing,20.0,Reconstruction_MASE,683,2,332,351,0.1616735973250366,0.157251892268265,0.1663641596430454,0.16147983564012888,0.15710423628233972,0.16612036741616704,True,,0.16147983564012888,0.07297829031883016,0.2499813809614276,0.15451461296686744,0.16844505831339032,0.15451461296686744,0.16844505831339032,False
ft_B2,pointing,20.0,Reconstruction_R2,683,2,332,351,0.9777869091725105,0.9744102200708662,0.9805988910955706,0.9778155047835604,0.974512637419477,0.9805850571586183,True,,0.9778155047835604,0.9647543272420775,0.9908766823250432,0.9767875678179271,0.9788434417491936,0.9767875678179271,0.9788434417491936,False
ft_B2,pointing,inf,Number_of_submovements_per_second,683,2,332,351,2.6041346771498026,2.5475452777569623,2.661484557235311,2.599854270200704,2.54305656714614,2.657411634290201,True,,2.599854270200704,0.64475860833319,4.554949932068219,2.445984904609441,2.753723635791968,2.445984904609441,2.753723635791968,False
ft_B2,pointing,inf,Reconstruction_MASE,683,2,332,351,0.14776049210395314,0.14327493620263546,0.1524084297752562,0.14773927984745822,0.1432467254989798,0.15242189204835527,True,,0.14773927984745822,0.13805048363138467,0.15742807606353176,0.14697675504819277,0.14850180464672366,0.14697675504819277,0.14850180464672366,False
ft_B2,pointing,inf,Reconstruction_R2,683,2,332,351,0.9784166981325666,0.975733087143123,0.9808208108253744,0.978355801112302,0.9756343265605822,0.9807771391712349,True,,0.978355801112302,0.9505408055860007,1.0061707966386033,0.9761667134891073,0.9805448887354967,0.9761667134891073,0.9805448887354967,False
ft_B2,steering,10.0,Number_of_submovements_per_second,360,9,40,40,3.073906863729159,3.0512211536057294,3.0974273879081013,3.073906863729159,3.0512211536057294,3.0974273879081013,True,,3.073906863729159,2.8649789244784247,3.282834802979893,2.9230871570762247,3.258228082706531,2.9230871570762247,3.258228082706531,False
ft_B2,steering,10.0,Reconstruction_MASE,360,9,40,40,0.2477786184722222,0.24682859031249998,0.24877669329236113,0.2477786184722222,0.24682859031249998,0.24877669329236113,True,,0.2477786184722222,0.2378345453210477,0.2577226916233967,0.23949931348125,0.25531439201944445,0.23949931348125003,0.25531439201944445,False
ft_B2,steering,10.0,Reconstruction_R2,360,9,40,40,0.9389567588766415,0.9383643495788176,0.9395366542620791,0.9389567588766415,0.9383643495788176,0.9395366542620791,True,,0.9389567588766415,0.934820771440879,0.943092746312404,0.9356982366285391,0.942338866132001,0.9356982366285391,0.9423388661320011,False
ft_B2,steering,20.0,Number_of_submovements_per_second,360,9,40,40,4.103076369812091,4.0740989228089655,4.131319522857666,4.103076369812091,4.0740989228089655,4.131319522857666,True,,4.103076369812091,3.8983998253513876,4.307752914272794,3.943735114019364,4.268858170757691,3.943735114019364,4.268858170757691,False
ft_B2,steering,20.0,Reconstruction_MASE,360,9,40,40,0.1493710304861111,0.1486833837540278,0.15008142169722224,0.1493710304861111,0.1486833837540278,0.15008142169722222,True,,0.1493710304861111,0.139218267951661,0.15952379302056122,0.14103844665347223,0.15693529720826388,0.14103844665347223,0.15693529720826388,False
ft_B2,steering,20.0,Reconstruction_R2,360,9,40,40,0.9699049802290068,0.9695323545320167,0.9702760001354748,0.969904980229007,0.9695323545320167,0.9702760001354747,True,,0.969904980229007,0.9653146745262898,0.9744952859317241,0.9663486214023498,0.9737529505540927,0.9663486214023498,0.9737529505540927,False
ft_B2,steering,inf,Number_of_submovements_per_second,360,9,40,40,5.242062913874785,5.2129950487986205,5.271342246048153,5.242062913874785,5.2129950487986205,5.271342246048153,True,,5.242062913874785,4.99489524811949,5.489230579630081,5.041279453287522,5.4351735567674035,5.041279453287522,5.4351735567674035,False
ft_B2,steering,inf,Reconstruction_MASE,360,9,40,40,0.13075247748333332,0.13007487955819444,0.13140749352944445,0.13075247748333335,0.13007487955819444,0.13140749352944442,True,,0.13075247748333335,0.12110049205645056,0.14040446291021613,0.12269441782972222,0.13814047766479165,0.12269441782972222,0.13814047766479168,False
ft_B2,steering,inf,Reconstruction_R2,360,9,40,40,0.9736567576726277,0.9733002075759901,0.9740078218074308,0.9736567576726277,0.9733002075759901,0.9740078218074308,True,,0.9736567576726277,0.9692781067040998,0.9780354086411557,0.9702975447641479,0.9771603257954121,0.9702975447641479,0.9771603257954121,False
ft_B2,tablet_writing,10.0,Number_of_submovements_per_second,3801,44,5,572,7.712913863596102,7.6547765413746856,7.76999961166189,7.6155973579941705,7.544784964591554,7.684788267513761,True,,7.6155973579941705,7.320099052219567,7.911095663768774,7.437483325042939,8.028032719855089,7.31470037649826,7.892536637746314,True
ft_B2,tablet_writing,10.0,Reconstruction_MASE,3801,44,5,572,0.37358901479215995,0.3712311699108787,0.3759326163944028,0.37907974362833835,0.3761095883502322,0.3821079131801636,True,,0.37907974362833835,0.36605974146786224,0.39209974578881446,0.3624690418029638,0.38685148937212743,0.3669215197879781,0.391907829152315,True
ft_B2,tablet_writing,10.0,Reconstruction_R2,3801,44,5,572,0.813916590520502,0.8117338417839358,0.8160726639408088,0.8134986294061235,0.8108966425886801,0.8161068812076671,True,,0.8134986294061235,0.8034043288958939,0.8235929299163531,0.8040174214603514,0.8219495563450104,0.8036453826901943,0.8231526645384093,True
ft_B2,tablet_writing,20.0,Number_of_submovements_per_second,3801,44,5,572,8.777748343079764,8.722012424281406,8.833955242095666,8.770495285283546,8.694008848522367,8.847898765877448,True,,8.770495285283546,8.493783093229057,9.047207477338036,8.500597938052001,9.081659446663657,8.497011903026864,9.029397536124652,True
ft_B2,tablet_writing,20.0,Reconstruction_MASE,3801,44,5,572,0.30846305042252037,0.30618909540860956,0.31071222918524727,0.311462108618684,0.3085571629720266,0.314363882114423,True,,0.311462108618684,0.29850908015365285,0.32441513708371517,0.298157811577461,0.32123035987793047,0.2992677401582358,0.32431967690643815,True
ft_B2,tablet_writing,20.0,Reconstruction_R2,3801,44,5,572,0.85859821909699,0.8567553448601792,0.8604516130470973,0.8586346169359154,0.856318929129778,0.8609204238778314,True,,0.8586346169359154,0.8493630375675245,0.8679061963043062,0.8502834828576288,0.865312285744189,0.8497908573643547,0.8674728337781308,True
ft_B2,tablet_writing,inf,Number_of_submovements_per_second,3801,44,5,572,9.162187371917522,9.109990314794404,9.213369358985904,9.201487554787496,9.129165363465162,9.275906234052224,True,,9.201487554787496,8.956792954876109,9.446182154698883,8.898963398134565,9.457458632126084,8.967948243090765,9.437844210970985,True
ft_B2,tablet_writing,inf,Reconstruction_MASE,3801,44,5,572,0.29612273317337545,0.293885111153828,0.29832739313292556,0.2989596728865489,0.2961965207266004,0.30178692288352066,True,,0.2989596728865489,0.2861630188682017,0.3117563269048961,0.28572697341682723,0.3089314056359935,0.2867531483628695,0.311547458664557,True
ft_B2,tablet_writing,inf,Reconstruction_R2,3801,44,5,572,0.8654678249101957,0.8636856843090879,0.8672582776655934,0.8655283645650379,0.8633344529885815,0.8677139854954771,True,,0.8655283645650379,0.856603203021071,0.8744535261090048,0.8569671821482436,0.8724098715639871,0.8569164557784055,0.8741096740342843,True
ft_B2,whacamole,10.0,Number_of_submovements_per_second,181,181,1,1,3.4136414764582783,3.2847262595507485,3.5394199137364963,3.4136414764582783,3.2847262595507485,3.5394199137364963,False,trials = participants; interval includes participant variation,3.4136414764582783,3.285068774367291,3.5422141785492656,3.286861089583054,3.5427575394953728,3.286861089583054,3.5427575394953728,True
ft_B2,whacamole,10.0,Reconstruction_MASE,181,181,1,1,0.33706437944751383,0.3241661544005525,0.35145775942265195,0.33706437944751383,0.3241661544005525,0.35145775942265195,False,trials = participants; interval includes participant variation,0.33706437944751383,0.32307883048020997,0.3510499284148177,0.32417739134116025,0.35132662996823205,0.32417739134116025,0.35132662996823205,True
ft_B2,whacamole,10.0,Reconstruction_R2,181,181,1,1,0.8955299587539547,0.8842856482165294,0.9060495226422727,0.8955299587539547,0.8842856482165294,0.9060495226422727,False,trials = participants; interval includes participant variation,0.8955299587539547,0.8845597832941964,0.906500134213713,0.8844504722738793,0.9058395417767335,0.8844504722738793,0.9058395417767335,True
ft_B2,whacamole,20.0,Number_of_submovements_per_second,181,181,1,1,4.815056995998101,4.62009980148785,5.003344248393704,4.815056995998101,4.62009980148785,5.003344248393704,False,trials = participants; interval includes participant variation,4.815056995998101,4.623278554680175,5.0068354373160275,4.627352758007155,4.998502342184769,4.627352758007155,4.998502342184769,True
ft_B2,whacamole,20.0,Reconstruction_MASE,181,181,1,1,0.24250443513812156,0.22941966662016572,0.25757470378453035,0.24250443513812156,0.22941966662016572,0.25757470378453035,False,trials = participants; interval includes participant variation,0.24250443513812156,0.22811571109543186,0.25689315918081124,0.2290941809447514,0.25752471170856356,0.2290941809447514,0.25752471170856356,True
ft_B2,whacamole,20.0,Reconstruction_R2,181,181,1,1,0.9209759307829715,0.909324997136606,0.931766284154265,0.9209759307829715,0.909324997136606,0.931766284154265,False,trials = participants; interval includes participant variation,0.9209759307829715,0.9096343606634013,0.9323175009025416,0.9096948640616559,0.9316380186140207,0.9096948640616559,0.9316380186140207,True
ft_B2,whacamole,inf,Number_of_submovements_per_second,181,181,1,1,5.2305511599252235,5.0183047031808785,5.431728477533187,5.2305511599252235,5.0183047031808785,5.431728477533187,False,trials = participants; interval includes participant variation,5.2305511599252235,5.02071941307279,5.440382906777657,5.0212945025568585,5.433529321603395,5.0212945025568585,5.433529321603395,True
ft_B2,whacamole,inf,Reconstruction_MASE,181,181,1,1,0.22337663946961325,0.20976276831767957,0.23822504696408836,0.22337663946961325,0.20976276831767957,0.23822504696408836,False,trials = participants; interval includes participant variation,0.22337663946961325,0.2088714470007157,0.2378818319385108,0.20992318221933698,0.23847886839917126,0.20992318221933698,0.23847886839917126,True
ft_B2,whacamole,inf,Reconstruction_R2,181,181,1,1,0.9246832507749947,0.9134170702560831,0.9353548575666069,0.9246832507749947,0.9134170702560831,0.9353548575666069,False,trials = participants; interval includes participant variation,0.9246832507749947,0.9134000831876345,0.9359664183623548,0.9127058704831323,0.9355101342935588,0.9127058704831323,0.9355101342935588,True
