checkpoint,dataset,snr,metric,n_participants,median,q25,q75,min_estimate,max_estimate,envelope_lo,envelope_hi,mixture_lo,mixture_hi
pre_released,Fitts,10.0,Number_of_submovements_per_second,10,1.7799978000983208,1.5890110991272888,2.052036325735066,1.4092146072456717,2.276602131767302,1.3700674427562518,2.3520642543218044,1.3912872129355205,2.3009143477700285
pre_released,Fitts,10.0,Reconstruction_MASE,10,0.30458837137854156,0.2798099593066177,0.31366534528342277,0.2297789731029186,0.3729676587037037,0.2215519531950845,0.39205731772337965,0.2271549449477727,0.3796768104895833
pre_released,Fitts,10.0,Reconstruction_R2,10,0.876161206086602,0.8553674998175766,0.8997545436563695,0.7920720123306468,0.9344377367544101,0.7806771797576436,0.941076700529012,0.7882778787812977,0.9368080296892725
pre_released,Fitts,20.0,Number_of_submovements_per_second,10,1.7781310496020468,1.6502259856986938,2.0948876079799246,1.4319208710585818,2.383242304656758,1.3945816459174931,2.4548858739047623,1.4164392380404538,2.4072798092723438
pre_released,Fitts,20.0,Reconstruction_MASE,10,0.27564677980948116,0.2467692540693506,0.2882862814995172,0.20499907878648232,0.3505383600694444,0.19758125640975424,0.3677061871047454,0.2021791894516129,0.3557110026967592
pre_released,Fitts,20.0,Reconstruction_R2,10,0.8885580739758261,0.8700725247186643,0.9108825818938346,0.8024719814183535,0.941572159940746,0.7906127481721341,0.9482239606262352,0.7988026330213028,0.943975630601705
pre_released,Fitts,inf,Number_of_submovements_per_second,10,1.89615750649466,1.7993194235400027,2.219653830769756,1.4938347103457006,2.6159735186956823,1.4566823883761333,2.693774797219602,1.4806542634368343,2.6426643669999774
pre_released,Fitts,inf,Reconstruction_MASE,10,0.2766655741949351,0.2467607535857376,0.28971268189814814,0.20082884100768048,0.3520858474537037,0.19365871681728108,0.3680403626452547,0.19822637016390174,0.35755590572800927
pre_released,Fitts,inf,Reconstruction_R2,10,0.8863713554421226,0.8711928790780129,0.9091392593241177,0.7997256735408748,0.942068270732364,0.7883759646883441,0.9487702560749838,0.7959126281689991,0.9445308406644154
pre_released,crank,10.0,Number_of_submovements_per_second,5,3.398374278098345,3.392052100226283,3.43439273647964,3.3777218095958235,3.521959988772869,3.301040582153946,3.5955338043440133,3.3271704678889362,3.563729844409972
pre_released,crank,10.0,Reconstruction_MASE,5,0.14356138569500002,0.142540733845,0.145240433605,0.14137665422,0.148042825775,0.13769981021625002,0.151729281786,0.13872102809474998,0.15024111934849999
pre_released,crank,10.0,Reconstruction_R2,5,0.5509299769997597,0.5364171108603477,0.5533144724369049,0.520521719455719,0.6026754608750343,0.4848901387453079,0.6300550425052642,0.4986361975222826,0.619735673263669
pre_released,crank,20.0,Number_of_submovements_per_second,5,4.1801202144473795,4.080771835148335,4.196880057826638,4.04101851247251,4.317051005735993,3.942994592199102,4.488145404271782,3.9754769582580773,4.412694159569218
pre_released,crank,20.0,Reconstruction_MASE,5,0.12336669358,0.12319633738499998,0.124213311935,0.12209361185,0.13427111023,0.118623226676875,0.138835852229375,0.11967570046575002,0.13698481918437497
pre_released,crank,20.0,Reconstruction_R2,5,0.6395337191224099,0.6328325581550598,0.6463672742247581,0.6313222616910934,0.6629591172933579,0.5912791495546699,0.6892851576954125,0.6046543729677796,0.679531756721437
pre_released,crank,inf,Number_of_submovements_per_second,5,5.312272591888904,4.821061551198364,5.333863592147827,4.647257851436734,5.486564748734236,4.463661332214252,5.69618089031428,4.5420981329027565,5.613400805331767
pre_released,crank,inf,Reconstruction_MASE,5,0.12113396577999999,0.12015257966,0.12304178503499999,0.11355797626000001,0.12430126524,0.11091732773249999,0.128294676211375,0.11198531310837499,0.126992620602
pre_released,crank,inf,Reconstruction_R2,5,0.6378605246543885,0.63755704164505,0.6785888925194741,0.6074880787730217,0.6854448646306992,0.5696736770719291,0.717718326061964,0.585715232104063,0.7071568706631661
pre_released,object_moving,10.0,Number_of_submovements_per_second,5,2.4054846565704793,2.3825578708201647,2.4088139495579526,2.3622495968593284,2.4950999276479706,2.2303989558422472,2.6570896430901483,2.250776806261274,2.5981623482191933
pre_released,object_moving,10.0,Reconstruction_MASE,5,0.16448441664375,0.15947428574375003,0.1646300377,0.15386648362500002,0.17233031133125,0.14297740241703125,0.18677804695953124,0.1474491111978125,0.18053783472812499
pre_released,object_moving,10.0,Reconstruction_R2,5,0.924245785176754,0.918003049120307,0.927615549042821,0.9087118923664093,0.929767394438386,0.8856880528945476,0.9410228606592864,0.895074465079233,0.938607248077169
pre_released,object_moving,20.0,Number_of_submovements_per_second,5,3.076608676230535,3.0468725486425683,3.076904753688723,3.005189429037273,3.2094992408528924,2.848230571561726,3.373781406262424,2.8804326718789524,3.3117548361711666
pre_released,object_moving,20.0,Reconstruction_MASE,5,0.11939503522500002,0.11613439649375001,0.1286622490625,0.11611732107499999,0.12927765449375,0.10865885629703123,0.1410192019359375,0.11013771883718748,0.1372399296675
pre_released,object_moving,20.0,Reconstruction_R2,5,0.9572016227990389,0.9490142468363046,0.9582660295069217,0.9438421629369259,0.9589312314987183,0.9269903773441911,0.965873844427988,0.9340717505756765,0.9647388642095029
pre_released,object_moving,inf,Number_of_submovements_per_second,5,4.90546782896854,4.88672925112769,4.9623874188400805,4.886187676806003,5.105581943644211,4.6758889058372,5.28858866407536,4.714691606874112,5.209519706759602
pre_released,object_moving,inf,Reconstruction_MASE,5,0.1179142074625,0.11532317604375,0.12101844812500002,0.11225046461249999,0.123745767525,0.10589795199375,0.131880481061875,0.10834007065906251,0.1289235665775
pre_released,object_moving,inf,Reconstruction_R2,5,0.957680955901742,0.9546474907547235,0.9599242579191923,0.9522477809339762,0.9625601034611464,0.9447302391100675,0.9669584746472537,0.9473518268670886,0.9655797271430492
pre_released,pointing,10.0,Number_of_submovements_per_second,2,1.267716950488333,1.2169084428009769,1.3185254581756893,1.1660999351136208,1.3693339658630455,1.1058758570895395,1.4458545139338024,1.1147093548501157,1.4326557867133465
pre_released,pointing,10.0,Reconstruction_MASE,2,0.2030031742932456,0.19988171466921317,0.20612463391727806,0.19676025504518072,0.20924609354131052,0.19103162062462348,0.21551862518860398,0.19185067763268074,0.21470511889081198
pre_released,pointing,10.0,Reconstruction_R2,2,0.9679151198126664,0.9674647200485769,0.968365519576756,0.9670143202844873,0.9688159193408455,0.9637653275202197,0.9720978807010542,0.9641798167747546,0.9716019693984944
pre_released,pointing,20.0,Number_of_submovements_per_second,2,1.9511925483303438,1.9262239007526851,1.9761611959080025,1.9012552531750266,2.001129843485661,1.8211062022580216,2.073013646683345,1.8348395614162458,2.06188313007896
pre_released,pointing,20.0,Reconstruction_MASE,2,0.1674018226483927,0.16545547532871444,0.169348169968071,0.16350912800903614,0.1712945172877493,0.1583821091005271,0.17705344701887463,0.1591616896325301,0.17607950552457266
pre_released,pointing,20.0,Reconstruction_R2,2,0.9767319179169346,0.9759247840570737,0.9775390517767955,0.975117650197213,0.9783461856366562,0.9726662459637386,0.9807886109690042,0.9730932658605547,0.9804644421846778
pre_released,pointing,inf,Number_of_submovements_per_second,2,3.909949220268315,3.8153092058443763,4.004589234692254,3.7206691914204373,4.099229249116193,3.6152192153350775,4.221921176315309,3.6317498865481244,4.200410696845024
pre_released,pointing,inf,Reconstruction_MASE,2,0.16049440408195173,0.1586708393180843,0.16231796884581917,0.15684727455421688,0.16414153360968659,0.15120871018305723,0.17055157471289176,0.1521267387546687,0.16926640968019943
pre_released,pointing,inf,Reconstruction_R2,2,0.9756767063541691,0.9749881247044381,0.9763652880039002,0.9742995430547071,0.9770538696536312,0.9712263056851295,0.9796851788023938,0.9719310872750468,0.9793734672784465
pre_released,steering,10.0,Number_of_submovements_per_second,9,3.5675934813916683,3.4728233870118856,3.6694107726216316,3.2000419925898314,4.1593591421842575,3.158889717143029,4.248348321206867,3.1847550324629994,4.1939357948955145
pre_released,steering,10.0,Reconstruction_MASE,9,0.23979525199999996,0.234849343,0.24434824800000002,0.21493515175000005,0.25844413875,0.21301391145624998,0.26144229890625,0.2141674353125,0.25957802433124993
pre_released,steering,10.0,Reconstruction_R2,9,0.9404375180602074,0.9400159239768981,0.9447904661297798,0.9337760299444199,0.9531930163502693,0.9315898958593607,0.9543366810306907,0.9329425577819347,0.9536611658707261
pre_released,steering,20.0,Number_of_submovements_per_second,9,4.289004608988762,4.0991009417921305,4.439930330961943,3.860231453552842,4.767119944095612,3.8067188132554293,4.863245754316449,3.838991210795939,4.803906076960264
pre_released,steering,20.0,Reconstruction_MASE,9,0.17499508075,0.1686508315,0.1808313215,0.14663630100000002,0.1853322865,0.14424549352500002,0.1883194240375,0.1458082985,0.18663428408125002
pre_released,steering,20.0,Reconstruction_R2,9,0.9616671726107597,0.9575145408511162,0.9647092819213867,0.9528150796890259,0.9735766261816025,0.9510201187804341,0.974527434259653,0.952103304117918,0.9739645720273257
pre_released,steering,inf,Number_of_submovements_per_second,9,5.86621842160821,5.554382175207138,6.0290244072675705,5.186833295971155,6.116938769817352,5.121896225586534,6.241690288111568,5.160739731788635,6.165635444596409
pre_released,steering,inf,Reconstruction_MASE,9,0.16280009099999998,0.1557028495,0.1691541175,0.136951854475,0.177361849,0.13409850807124998,0.18007829771875,0.13571797791124998,0.17839608588749994
pre_released,steering,inf,Reconstruction_R2,9,0.963429182767868,0.9588327452540397,0.9683464929461479,0.9545935422182084,0.974651251733303,0.9529953199252487,0.9755977084487677,0.9539437475427984,0.9751988757029176
pre_released,tablet_writing,10.0,Number_of_submovements_per_second,44,7.486237365015369,7.189946308293763,7.748404751970049,4.280329309403896,8.360084735860045,3.8772466231603175,8.704930092920275,5.096669990061359,8.34853366542269
pre_released,tablet_writing,10.0,Reconstruction_MASE,44,0.3878610976838235,0.36633401572727275,0.4181604674816176,0.2713686316666667,0.5307171867647058,0.24443609789583332,0.5582248590367647,0.30916802602446525,0.520371579485294
pre_released,tablet_writing,10.0,Reconstruction_R2,44,0.79912902767008,0.7714242152989229,0.8193433343297608,0.7026804142138537,0.8916735624273618,0.6662376910009805,0.9115096170455218,0.7012493454358157,0.8758162558349696
pre_released,tablet_writing,20.0,Number_of_submovements_per_second,44,8.25883599697428,7.954657037109934,8.413289193173542,5.6554145365953445,9.235039293766022,5.101479340810329,10.774880111217499,6.147116271338679,9.078809799321673
pre_released,tablet_writing,20.0,Reconstruction_MASE,44,0.33843752235695185,0.3153285659882764,0.370102514061086,0.2553471308333333,0.46976041882352937,0.21954769597916668,0.49852977623529415,0.2717283723363637,0.4666854525955882
pre_released,tablet_writing,20.0,Reconstruction_R2,44,0.8361578763180215,0.8149782619060242,0.8525675346746164,0.7442143797874451,0.893604728308591,0.7159143100272526,0.9202076392869154,0.741963810079238,0.8935829208802544
pre_released,tablet_writing,inf,Number_of_submovements_per_second,44,8.612604360370074,8.315819637490279,8.767344356131028,6.383041739463806,9.209339459641622,5.7787071955390275,9.782203316688538,6.883201068239834,9.238108902822999
pre_released,tablet_writing,inf,Reconstruction_MASE,44,0.3279125155989304,0.3085301787272727,0.3627356440254011,0.23477714833333332,0.46109395,0.20821212153125002,0.49091828826470574,0.26038656951272726,0.4584721670220588
pre_released,tablet_writing,inf,Reconstruction_R2,44,0.8417689413310372,0.8211740281931749,0.8585489320067259,0.7529400850043577,0.899937467141585,0.7234123177826404,0.9247451836243271,0.7480738077093574,0.8998179257345019
pre_released,whacamole,10.0,Number_of_submovements_per_second,181,3.810316175222397,3.1713413447141647,4.217180907726288,1.1982249096035955,5.094705373048782,1.1982249096035955,5.094705373048782,1.4865489676594734,4.720221608877182
pre_released,whacamole,10.0,Reconstruction_MASE,181,0.33683905,0.31086212,0.36866412,0.23243345,0.7794662,0.23243345,0.7794662,0.2593858,0.67763895
pre_released,whacamole,10.0,Reconstruction_R2,181,0.9153642058372498,0.8754687309265137,0.9295446872711182,0.5895521640777588,0.9662180542945862,0.5895521640777588,0.9662180542945862,0.6528418064117432,0.9489907026290894
pre_released,whacamole,20.0,Number_of_submovements_per_second,181,4.432102292776108,3.669741600751877,4.986931532621384,1.1372042074799538,6.5108974277973175,1.1372042074799538,6.5108974277973175,1.5786384791135788,5.811460018157959
pre_released,whacamole,20.0,Reconstruction_MASE,181,0.2581032,0.23495604,0.29189894,0.16381517,0.75591993,0.16381517,0.75591993,0.19115779,0.6077644
pre_released,whacamole,20.0,Reconstruction_R2,181,0.9350351095199584,0.8971714973449707,0.9523096680641174,0.6038064956665039,0.9792556762695312,0.6038064956665039,0.9792556762695312,0.6681855916976929,0.9713823795318604
pre_released,whacamole,inf,Number_of_submovements_per_second,181,4.943197667598724,4.035055339336395,5.488854199647903,1.1427514627575874,7.779829502105713,1.1427514627575874,7.779829502105713,1.6485657915472984,6.455907225608826
pre_released,whacamole,inf,Reconstruction_MASE,181,0.23518366,0.21448325,0.27290028,0.1469173,0.7433767,0.1469173,0.7433767,0.16702697,0.5807676
pre_released,whacamole,inf,Reconstruction_R2,181,0.939445972442627,0.9019166827201844,0.9553459882736206,0.6085778474807739,0.9812152981758118,0.6085778474807739,0.9812152981758118,0.6709436774253845,0.9743592739105223
pre_rerun,Fitts,10.0,Number_of_submovements_per_second,10,1.8029775619192585,1.671768821419693,2.076947533949149,1.4359864916800995,2.3239846538571225,1.395130309804794,2.3987818399635015,1.4220527030586156,2.3489999910056616
pre_rerun,Fitts,10.0,Reconstruction_MASE,10,0.3162822683241061,0.2837556503263679,0.3224353459842578,0.23767210740399386,0.3930618775462963,0.22812943064400926,0.41656981888599537,0.23394449603110595,0.400111425558449
pre_rerun,Fitts,10.0,Reconstruction_R2,10,0.8757303262685454,0.8564501046030609,0.9039509642663544,0.7842772414010984,0.9331472375975226,0.7715031959806327,0.9400934129884715,0.7802139164259037,0.9357074903201215
pre_rerun,Fitts,20.0,Number_of_submovements_per_second,10,1.884804761698788,1.775201045429609,2.145682433700939,1.4756508007434201,2.4717615050677626,1.4400785572521897,2.5438880938810247,1.4635801065828868,2.4942467413461094
pre_rerun,Fitts,20.0,Reconstruction_MASE,10,0.2867555167493919,0.25649067927203784,0.29917073532986116,0.2119284397542243,0.37174424064814815,0.20317770599615972,0.39219825344444437,0.20882477306067587,0.3788380352349537
pre_rerun,Fitts,20.0,Reconstruction_R2,10,0.8881177421675763,0.8712318529271417,0.9119087146606548,0.7949719562850617,0.9405596483321417,0.7829094084738581,0.9476763301066905,0.7907204900040394,0.9431707918415055
pre_rerun,Fitts,inf,Number_of_submovements_per_second,10,2.098128721540045,2.019404812410597,2.3186997351391865,1.638672341809728,2.722702414030209,1.6016457320085262,2.793932071650892,1.625202182703223,2.7463887000728087
pre_rerun,Fitts,inf,Reconstruction_MASE,10,0.2855452894162293,0.2563337978829408,0.3021555208912037,0.20876545368663593,0.3666436321296296,0.1994736245986943,0.386643255328125,0.20562569289170507,0.3730049614467592
pre_rerun,Fitts,inf,Reconstruction_R2,10,0.8816986528238575,0.8657241539201803,0.9049411593760999,0.7952507386604944,0.9401804481600103,0.784187648528152,0.9472833020071829,0.7916129761513461,0.9428433468860049
pre_rerun,crank,10.0,Number_of_submovements_per_second,5,3.709375024214387,3.6566291078925133,3.7604770313948395,3.6097584374248983,3.845148115977645,3.5274101183842865,3.9444160761125384,3.5614904965180902,3.900665250951424
pre_rerun,crank,10.0,Reconstruction_MASE,5,0.15098689876,0.14759767532,0.152029126735,0.146682894575,0.16127828219499998,0.1430392428595,0.1660008013605,0.1440233731675,0.1638663109955
pre_rerun,crank,10.0,Reconstruction_R2,5,0.5109491077065468,0.4858421990275383,0.5177706867456436,0.4766290730237961,0.5318048176169395,0.4358062695413828,0.5713384362831712,0.4487649818658829,0.5561992446035147
pre_rerun,crank,20.0,Number_of_submovements_per_second,5,4.307371847704053,4.2633534371852875,4.483784087374806,4.162979893013835,4.531772482395172,4.059243609728291,4.714187372848392,4.096351894168183,4.652413225332276
pre_rerun,crank,20.0,Reconstruction_MASE,5,0.131198293325,0.130093193085,0.132837428335,0.12515760343500001,0.13400398726,0.12206727267512497,0.1372081487625,0.12332045132612499,0.136205080750875
pre_rerun,crank,20.0,Reconstruction_R2,5,0.59399743527174,0.5924781399965287,0.6162154215574265,0.5610285672545433,0.6469077032804489,0.5225372498109937,0.6756988470330835,0.5389347186684608,0.6643376746028662
pre_rerun,crank,inf,Number_of_submovements_per_second,5,4.792030509933829,4.064919095858931,4.877418744564056,3.981799370795488,4.879402287304401,3.7799605695717036,5.142730130581185,3.8533380266837773,5.067364575499669
pre_rerun,crank,inf,Reconstruction_MASE,5,0.141757911095,0.13567433337999998,0.17746085045999999,0.12981143653,0.194035810695,0.126599997122125,0.205301224552,0.127845273689875,0.20058577114562498
pre_rerun,crank,inf,Reconstruction_R2,5,0.4801066130399704,0.017829563915729523,0.5633603936433792,-0.3283306720852852,0.5666941383481026,-0.5784642340689897,0.6163321071416139,-0.47173705687373874,0.5993355365619063
pre_rerun,object_moving,10.0,Number_of_submovements_per_second,5,2.501935674576089,2.3871237648418173,2.524504772736691,2.380017437506467,2.5671467729844153,2.234312994920765,2.7148081020248354,2.2669771194574424,2.671481509547448
pre_rerun,object_moving,10.0,Reconstruction_MASE,5,0.16062953190624998,0.1585888813875,0.16180899465625,0.1553530575375,0.1619018778125,0.14644672675703127,0.17546479178625,0.14836125808687498,0.1723983959354687
pre_rerun,object_moving,10.0,Reconstruction_R2,5,0.9253036964684724,0.9247830726206303,0.9256938520818949,0.9155439365655184,0.9321180742233992,0.8912895606644451,0.9416717254184187,0.9017553657013923,0.938968676980585
pre_rerun,object_moving,20.0,Number_of_submovements_per_second,5,3.0523627032525837,3.034233649377711,3.1693376053590328,2.973590087145567,3.2205412115436047,2.802519213804044,3.397669491288252,2.855315771314781,3.337049561395543
pre_rerun,object_moving,20.0,Reconstruction_MASE,5,0.11932637611875001,0.11826546409375001,0.12384824206875,0.114967900425,0.125229707975,0.10759285286140624,0.13579055434203124,0.11006162735140626,0.13243655939484372
pre_rerun,object_moving,20.0,Reconstruction_R2,5,0.9546197094023228,0.94987503439188,0.9580848183482885,0.9476184207946062,0.960321843251586,0.929854071456939,0.9675662937480957,0.9360706852935254,0.9654086802899837
pre_rerun,object_moving,inf,Number_of_submovements_per_second,5,4.779271317645907,4.694353908766061,4.801796019659378,4.669204942882061,4.860205197706819,4.480403001385275,5.055618021881673,4.521881835674867,5.001374495134224
pre_rerun,object_moving,inf,Reconstruction_MASE,5,0.12231525947500002,0.12105690443750002,0.12335614764375,0.11924477681250001,0.12508136133749997,0.11232408147343748,0.13422500844328125,0.11396465848953125,0.13192920645734374
pre_rerun,object_moving,inf,Reconstruction_R2,5,0.9519177127629519,0.9518322359770537,0.954784769564867,0.9502567417919636,0.9549072336405515,0.9397400417923927,0.9619495928660035,0.9423580347560346,0.9611884094960987
pre_rerun,pointing,10.0,Number_of_submovements_per_second,2,1.3471723212952353,1.3040091948438883,1.3903354477465821,1.2608460683925413,1.4334985741979291,1.1926208022772895,1.5127066425804017,1.204274994187921,1.5011097675479916
pre_rerun,pointing,10.0,Reconstruction_MASE,2,0.1989615214561494,0.19767789802325542,0.20024514488904338,0.19639427459036146,0.20152876832193733,0.1901591998626506,0.20702742449722222,0.19105805463870482,0.2062041428148148
pre_rerun,pointing,10.0,Reconstruction_R2,2,0.9699651702631864,0.9686162447320866,0.9713140957942861,0.9672673192009869,0.9726630213253858,0.9637726738106415,0.9750312521247102,0.9643206235919013,0.9747315393384025
pre_rerun,pointing,20.0,Number_of_submovements_per_second,2,2.0593642702929604,2.0516568727989544,2.0670716677869665,2.043949475304948,2.074779065280973,1.975790104490474,2.1519327707552205,1.9837698550918736,2.141957478739422
pre_rerun,pointing,20.0,Reconstruction_MASE,2,0.1642967800146054,0.16313341193501354,0.1654601480941973,0.16197004385542169,0.16662351617378915,0.15642153146912652,0.17288899680384615,0.15742458594706324,0.17183321205527066
pre_rerun,pointing,20.0,Reconstruction_R2,2,0.9770198400941053,0.9761828862450833,0.9778567939431271,0.9753459323960615,0.9786937477921489,0.9722918349576284,0.9818843872416393,0.9728400047688958,0.9813419756344242
pre_rerun,pointing,inf,Number_of_submovements_per_second,2,3.6641622608543463,3.6538379962564025,3.6744865254522896,3.6435137316584587,3.6848107900502334,3.5241890105289824,3.807063818009745,3.5404747067782356,3.7957326357101655
pre_rerun,pointing,inf,Reconstruction_MASE,2,0.16258589965361875,0.1614015422741028,0.1637702570331347,0.1602171848945869,0.1649546144126506,0.1544170524704416,0.17296654624224397,0.15522330794707997,0.17181293984789156
pre_rerun,pointing,inf,Reconstruction_R2,2,0.974682497952585,0.9724142323826869,0.976950763522483,0.9701459668127888,0.9792190290923811,0.9637022851820451,0.981891612751022,0.9648659275014357,0.9815271977770362
pre_rerun,steering,10.0,Number_of_submovements_per_second,9,3.474356923252344,3.36813972517848,3.548245847225189,3.185796808451414,4.014500241726637,3.140831303503364,4.094558053370565,3.167268513422459,4.045517499698326
pre_rerun,steering,10.0,Reconstruction_MASE,9,0.23407328,0.22698170275000001,0.239370891,0.20978894200000003,0.25201684525,0.20773800448750004,0.2545308915,0.20895405576250003,0.2529822402625
pre_rerun,steering,10.0,Reconstruction_R2,9,0.9470434263348579,0.9443361103534699,0.9490853890776634,0.9391847848892212,0.9561471045017242,0.937239739485085,0.9572003975883125,0.9385225699096917,0.9567028100788594
pre_rerun,steering,20.0,Number_of_submovements_per_second,9,4.1049949284642935,3.96952492184937,4.306592009961605,3.7591296080499887,4.572130780667067,3.6933222549967466,4.666190914157778,3.7312622271012517,4.610588168911636
pre_rerun,steering,20.0,Reconstruction_MASE,9,0.16432500249999998,0.15884839625,0.1685559295,0.139168501,0.17690174925,0.137258088675,0.17953707396875002,0.13836364311875002,0.17788518205625
pre_rerun,steering,20.0,Reconstruction_R2,9,0.9647787347435951,0.9640590935945511,0.9695050239562988,0.9574912145733834,0.9767294451594353,0.9558244517445564,0.9773423337191344,0.9568595903366804,0.9769567797705532
pre_rerun,steering,inf,Number_of_submovements_per_second,9,5.584661811590195,5.336073070764542,5.757836747914553,4.962440092116594,5.826786775141954,4.9119911338202655,5.931926705315709,4.942887710686773,5.865777841955423
pre_rerun,steering,inf,Reconstruction_MASE,9,0.15413367125,0.14740901074999999,0.15815023250000002,0.1289597268,0.16582612000000002,0.126200208345,0.1682250762375,0.12786572955875,0.166748455425
pre_rerun,steering,inf,Reconstruction_R2,9,0.9671258956193924,0.9652822986245155,0.9717239275574684,0.9602551341056824,0.9774243667721748,0.9589062367752195,0.9784249925240874,0.9597227080166341,0.9778586852923036
pre_rerun,tablet_writing,10.0,Number_of_submovements_per_second,44,7.610049716203042,7.254450675018679,7.941668928600848,4.335345448926091,8.879953543929492,3.878928168443963,9.334754403023158,5.147314119372855,8.830947381608626
pre_rerun,tablet_writing,10.0,Reconstruction_MASE,44,0.3829264320955882,0.361831901409091,0.41368065868783244,0.29549432291666666,0.5186738805882354,0.27197591088541667,0.5450459597279412,0.30760448847272726,0.5143426003823528
pre_rerun,tablet_writing,10.0,Reconstruction_R2,44,0.8033827764820769,0.782206129846402,0.8209881762641048,0.7047689188929165,0.872248363494873,0.6750928745988537,0.8864889170974493,0.7112935724503854,0.8686873278891047
pre_rerun,tablet_writing,20.0,Number_of_submovements_per_second,44,8.280199259041465,7.888765190242295,8.614365873776157,5.3567013423889875,9.25153811247303,4.678793008904904,10.582550346851349,6.069052168232871,9.329662310726503
pre_rerun,tablet_writing,20.0,Reconstruction_MASE,44,0.33049438420454547,0.3072429840454545,0.3613810455752841,0.2600352479166667,0.4629600623529412,0.22810319011458333,0.4939913324632353,0.26409053883636374,0.4569053646029411
pre_rerun,tablet_writing,20.0,Reconstruction_R2,44,0.8412169627167961,0.8213791966191184,0.8583384402853282,0.7541302144527435,0.8974145412445068,0.7269220359623432,0.9174502763276299,0.7549226969480515,0.8956952671029351
pre_rerun,tablet_writing,inf,Number_of_submovements_per_second,44,8.646561305551606,8.357918803340787,9.019667890938846,6.426265966147184,9.610539302229881,5.787564242724329,11.924267292022705,6.741700173574774,9.711193229250897
pre_rerun,tablet_writing,inf,Reconstruction_MASE,44,0.3230291985481283,0.3002854175,0.35109533208180144,0.24017426604166667,0.45327098176470587,0.20607859289583333,0.48439707647058816,0.2556273038590909,0.44674839746323536
pre_rerun,tablet_writing,inf,Reconstruction_R2,44,0.8448866543019731,0.8271842648728619,0.8621251710384459,0.7590475170051351,0.9036051154136657,0.7313843753407983,0.9275258779525757,0.7587658416260692,0.9029729808460583
pre_rerun,whacamole,10.0,Number_of_submovements_per_second,181,3.960432708263397,3.2656826823949814,4.416905343532562,1.3202663138508797,5.277649462223053,1.3202663138508797,5.277649462223053,1.5551643446087835,4.96631920337677
pre_rerun,whacamole,10.0,Reconstruction_MASE,181,0.3385275,0.3134032,0.3743021,0.2413805,0.8888224,0.2413805,0.8888224,0.2587255,0.69714123
pre_rerun,whacamole,10.0,Reconstruction_R2,181,0.9131861925125122,0.8687249422073364,0.9293081164360046,0.5751850605010986,0.9636248350143432,0.5751850605010986,0.9636248350143432,0.6272475719451904,0.9506955146789552
pre_rerun,whacamole,20.0,Number_of_submovements_per_second,181,4.509985148906708,3.708487004041672,4.950513392686844,1.164940819144249,6.599556505680084,1.164940819144249,6.599556505680084,1.649060994386673,5.868782848119736
pre_rerun,whacamole,20.0,Reconstruction_MASE,181,0.2580554,0.23621625,0.29642206,0.16544603,0.7738863,0.16544603,0.7738863,0.18781993,0.6310382
pre_rerun,whacamole,20.0,Reconstruction_R2,181,0.9315083622932434,0.8910245299339294,0.9530931115150452,0.5967544317245483,0.979314923286438,0.5967544317245483,0.979314923286438,0.6448472738265991,0.972290575504303
pre_rerun,whacamole,inf,Number_of_submovements_per_second,181,5.094810873270035,4.12674754858017,5.53571417927742,1.2925295904278755,7.62467622756958,1.2925295904278755,7.62467622756958,1.7922298237681389,6.429556310176849
pre_rerun,whacamole,inf,Reconstruction_MASE,181,0.24016783,0.21887521,0.27860764,0.14616561,0.7637997,0.14616561,0.7637997,0.16857912,0.6294185
pre_rerun,whacamole,inf,Reconstruction_R2,181,0.9363129138946532,0.8964748382568359,0.9557504057884216,0.5993052124977112,0.9805474281311036,0.5993052124977112,0.9805474281311036,0.6471904516220093,0.9752749800682068
pre_rerun_s1000,Fitts,10.0,Number_of_submovements_per_second,10,1.7915020456024806,1.6279250337562012,2.094325063307123,1.4024573157432896,2.3155561743381745,1.3655054994210303,2.392318422142934,1.3888497454752757,2.342521223963962
pre_rerun_s1000,Fitts,10.0,Reconstruction_MASE,10,0.3079854488759814,0.27852592295604095,0.32288556085648146,0.22855677655913978,0.37962738331018525,0.22000499447619046,0.3985709512256944,0.2256353996935484,0.3851871405787037
pre_rerun_s1000,Fitts,10.0,Reconstruction_R2,10,0.8633130471721728,0.8512836758875185,0.8925030395029039,0.7759710383360032,0.933635157831986,0.7629221801232132,0.9400027599798003,0.7717489332029664,0.9359508127798134
pre_rerun_s1000,Fitts,20.0,Number_of_submovements_per_second,10,1.8189687573410263,1.6614617776332268,2.091036843679224,1.361215811042812,2.4436684772889645,1.328609754995977,2.514356185979624,1.3498300490493778,2.4668924151305367
pre_rerun_s1000,Fitts,20.0,Reconstruction_MASE,10,0.28422675427168675,0.2547218753374233,0.3013723225925926,0.20316885549308752,0.36333639831018516,0.1955500014514593,0.3817977617673611,0.20045480753225806,0.36929411327835654
pre_rerun_s1000,Fitts,20.0,Reconstruction_R2,10,0.873385332327127,0.8586294671727551,0.8959240850893947,0.7820373351375262,0.9415242069511003,0.7681504069586044,0.9484239717324574,0.7773079320408955,0.9441253695230696
pre_rerun_s1000,Fitts,inf,Number_of_submovements_per_second,10,1.9555574985615745,1.821065828697509,2.22520400026244,1.4565673578056317,2.7338169598563886,1.4228632103471783,2.8054986522054404,1.4447509046226876,2.7577321018713215
pre_rerun_s1000,Fitts,inf,Reconstruction_MASE,10,0.2794021770185079,0.2555558085230062,0.2932357221354167,0.20165319496159753,0.3583230620833333,0.1941399813141321,0.37506714257175927,0.1988995880364824,0.3639160779334491
pre_rerun_s1000,Fitts,inf,Reconstruction_R2,10,0.8757074290238553,0.8655220150464663,0.8962006844165842,0.7871729663952634,0.9408572615566342,0.7759505841708569,0.9479778015920277,0.7829589985380018,0.9434856986624122
pre_rerun_s1000,crank,10.0,Number_of_submovements_per_second,5,3.517052463814616,3.496845216304064,3.5554706666618587,3.4549181666225195,3.6102776035666464,3.389437893591821,3.7152378299832343,3.415557051971555,3.6699756506737318
pre_rerun_s1000,crank,10.0,Reconstruction_MASE,5,0.15949690257000002,0.15885092442999998,0.15974735976999999,0.15416028668999998,0.16055249563000001,0.149965313980375,0.16488213929424997,0.1516777070675,0.16409738645575
pre_rerun_s1000,crank,10.0,Reconstruction_R2,5,0.43886281698942187,0.43285892754793165,0.4579802936315536,0.4028574550151825,0.539854448735714,0.36149555325508115,0.5730741790980101,0.3781779437288642,0.560311409689486
pre_rerun_s1000,crank,20.0,Number_of_submovements_per_second,5,4.082764024659991,4.06798774972558,4.103365015983582,4.057653245329857,4.232143055275083,3.9426097963470967,4.381375158950686,3.9686096488963813,4.316870234431699
pre_rerun_s1000,crank,20.0,Reconstruction_MASE,5,0.12971324985000002,0.128213413785,0.13143540385,0.12799084606,0.13261144718499998,0.1247978818705,0.13662334490625,0.125426910717375,0.13547949053299999
pre_rerun_s1000,crank,20.0,Reconstruction_R2,5,0.6010878416895866,0.5987969806790352,0.6137394770979882,0.5868993747234345,0.6897396931052208,0.5565338644981385,0.7122653341963887,0.5652388934642076,0.7022810615599155
pre_rerun_s1000,crank,inf,Number_of_submovements_per_second,5,4.630296010896563,4.425717628374696,4.707331183925271,4.259219908341765,4.773519171774387,4.124307475257665,4.938892750432714,4.179323357809334,4.879262651950121
pre_rerun_s1000,crank,inf,Reconstruction_MASE,5,0.127053596495,0.12567944531,0.134106225885,0.12305484179500001,0.13991600909,0.120369239095875,0.144838796642875,0.12135539316187499,0.14275135954287502
pre_rerun_s1000,crank,inf,Reconstruction_R2,5,0.6128497430682183,0.5754516622424126,0.6392662566900253,0.45401294887065885,0.6847550722956658,0.3880622721165419,0.7120502354130148,0.4166459529399872,0.700599466830492
pre_rerun_s1000,object_moving,10.0,Number_of_submovements_per_second,5,2.756486307713203,2.751509092748165,2.8241480954457074,2.7150168536463752,2.938852070714347,2.5349299133406022,3.1038864918169566,2.5909537127183286,3.0354647949541684
pre_rerun_s1000,object_moving,10.0,Reconstruction_MASE,5,0.18124796404375002,0.1657441114125,0.18217966693749998,0.16062900253749998,0.1830500894125,0.1500319628265625,0.20122178051421877,0.153506036805,0.19645375277593746
pre_rerun_s1000,object_moving,10.0,Reconstruction_R2,5,0.8994465053081513,0.8864330802112818,0.9113483466207981,0.8841745357960462,0.9256749514490366,0.848455128222704,0.9382320100627839,0.8605851230770349,0.9339815542567522
pre_rerun_s1000,object_moving,20.0,Number_of_submovements_per_second,5,3.269851456163451,3.2265901073114946,3.294150212779641,3.1728466709610075,3.3073740613181144,2.9901166998955886,3.4593891560216434,3.0448478772130327,3.437957670033211
pre_rerun_s1000,object_moving,20.0,Reconstruction_MASE,5,0.12376221344375,0.1211151971,0.12377947081874999,0.12097959724375,0.1261189011875,0.11292169291296875,0.13885792970468747,0.113965835633125,0.13505928800453124
pre_rerun_s1000,object_moving,20.0,Reconstruction_R2,5,0.950416061654687,0.9474798191338778,0.9529073756188154,0.9411725141108036,0.9565604280680418,0.9191934031620622,0.9620841049775481,0.9278162374440581,0.9614689712412655
pre_rerun_s1000,object_moving,inf,Number_of_submovements_per_second,5,4.681634860346094,4.588039844529703,4.689947686158121,4.584437504410744,4.6921695205383,4.395268040260999,4.9084415317280214,4.432374916411936,4.862049768108409
pre_rerun_s1000,object_moving,inf,Reconstruction_MASE,5,0.12225803627500001,0.11654089261874997,0.1232163390375,0.11573698827500001,0.12482976323749999,0.10932460596468749,0.13485826119781247,0.11080716781593751,0.13114362134828125
pre_rerun_s1000,object_moving,inf,Reconstruction_R2,5,0.95414665825665,0.9535284247249365,0.9558736726641655,0.9481555812060833,0.9602205365896225,0.9368262777756899,0.9649024543631822,0.9419858150649816,0.963377981716767
pre_rerun_s1000,pointing,10.0,Number_of_submovements_per_second,2,1.4852373979066669,1.4249157645212767,1.5455590312920569,1.3645941311358867,1.6058806646774468,1.2976119247866873,1.68851935546288,1.3068856636696236,1.673609551378629
pre_rerun_s1000,pointing,10.0,Reconstruction_MASE,2,0.19740978092172107,0.19718053630423404,0.19763902553920812,0.196951291686747,0.19786827015669517,0.19107381597168677,0.20315629298102408,0.19178975675542168,0.20251648513653778
pre_rerun_s1000,pointing,10.0,Reconstruction_R2,2,0.9713901388909816,0.9693164136850876,0.9734638640968756,0.9672426884791937,0.9755375893027695,0.9633083015994495,0.9770049944944531,0.9639836531805704,0.976752955744579
pre_rerun_s1000,pointing,20.0,Number_of_submovements_per_second,2,2.1209359627956763,2.1097089186130806,2.1321630069782715,2.098481874430485,2.1433900511608672,2.016177151231544,2.221944275351926,2.028760980891838,2.209884595941756
pre_rerun_s1000,pointing,20.0,Reconstruction_MASE,2,0.1673703121898749,0.16590624220788924,0.16883438217186053,0.16444217222590363,0.17029845215384615,0.15807006302838855,0.17833247878062677,0.1590716699131777,0.176746180900641
pre_rerun_s1000,pointing,20.0,Reconstruction_R2,2,0.9746316962832301,0.9741529517454492,0.975110440821011,0.9736742072076683,0.9755891853587919,0.969120290372745,0.9803708438180451,0.9691734229495008,0.97988935239889
pre_rerun_s1000,pointing,inf,Number_of_submovements_per_second,2,3.6136353514638193,3.5702690004404003,3.6570017024872383,3.526902649416981,3.700368053510658,3.4237706526855836,3.8054068255134754,3.43876715746697,3.7884311613618817
pre_rerun_s1000,pointing,inf,Reconstruction_MASE,2,0.15809571603306816,0.15741577730713238,0.15877565475900396,0.15673583858119658,0.15945559348493976,0.15099243958725073,0.16636727695353914,0.1516012246202983,0.1656154199496235
pre_rerun_s1000,pointing,inf,Reconstruction_R2,2,0.9745022915724405,0.9732700036487962,0.9757345794960848,0.9720377157251519,0.9769668674197292,0.9678829063403319,0.9807068752215119,0.968792943023594,0.9801802178223927
pre_rerun_s1000,steering,10.0,Number_of_submovements_per_second,9,3.4106324706226587,3.311383545398712,3.4689762275666,3.156145613640547,3.9497356563806534,3.1173604872543366,4.032901639910415,3.1423274398315697,3.9816216329578307
pre_rerun_s1000,steering,10.0,Reconstruction_MASE,9,0.23314816975000002,0.22690351425,0.24155375824999997,0.21121079199999998,0.2510977715,0.20904514142500005,0.25373669888750006,0.21033263093125,0.25205283640000004
pre_rerun_s1000,steering,10.0,Reconstruction_R2,9,0.9444856703281402,0.9422899007797241,0.9466255977749825,0.9358701840043068,0.9551249980926514,0.9340143080428243,0.9565290867909789,0.9351397095620632,0.955646757632494
pre_rerun_s1000,steering,20.0,Number_of_submovements_per_second,9,4.119337376207113,3.992692993953824,4.317467372864485,3.814333202317357,4.570684801787138,3.7174334346782416,4.655127295386046,3.771712971618399,4.602502840384841
pre_rerun_s1000,steering,20.0,Reconstruction_MASE,9,0.166347522,0.161488686,0.1696612445,0.141867668,0.17683664325,0.1400013080625,0.17983414943125,0.14107725444375,0.17809294637499998
pre_rerun_s1000,steering,20.0,Reconstruction_R2,9,0.9627746552228927,0.9619616433978081,0.9674175128340721,0.9561724185943603,0.9743023231625557,0.9542336450517177,0.9751832222566009,0.9554327362403274,0.9746525460109114
pre_rerun_s1000,steering,inf,Number_of_submovements_per_second,9,5.556451298296452,5.31834764778614,5.765739284455776,4.939749855548143,5.7941929288208485,4.888705249037594,5.876416436769068,4.918102329410613,5.84179056873545
pre_rerun_s1000,steering,inf,Reconstruction_MASE,9,0.15405417275,0.14583444125,0.1582942155,0.1265934436,0.16751445199999998,0.12457490756625002,0.17011622794374998,0.12579667802875,0.1685104028375
pre_rerun_s1000,steering,inf,Reconstruction_R2,9,0.9652882814407349,0.9639212146401406,0.9704719722270966,0.9572147533297539,0.977450980246067,0.9555447269603611,0.9780238982662559,0.956578214354813,0.9776760532334448
pre_rerun_s1000,tablet_writing,10.0,Number_of_submovements_per_second,44,7.80370465250487,7.490787516228918,8.362339810552921,4.788957256823778,9.18274940421375,4.435536541044712,9.53362278566839,5.281089535084638,9.078884566983426
pre_rerun_s1000,tablet_writing,10.0,Reconstruction_MASE,44,0.3852801606951871,0.36272503968716574,0.4203468958455882,0.29617663583333337,0.5264261823529413,0.26677552965625,0.5566844882205881,0.30969704534375,0.518215508514706
pre_rerun_s1000,tablet_writing,10.0,Reconstruction_R2,44,0.797961775273244,0.7737039358160872,0.817237491858491,0.6994097741211162,0.8696554910052906,0.6759799757862792,0.8966950784126917,0.6995993136911157,0.8712265459244901
pre_rerun_s1000,tablet_writing,20.0,Number_of_submovements_per_second,44,8.508883208121087,8.292808096593262,8.930089824176816,5.814916044473648,9.909286884447702,5.127057851757854,10.225544663540159,6.121862425926057,9.706693388521671
pre_rerun_s1000,tablet_writing,20.0,Reconstruction_MASE,44,0.342293548496732,0.31101612070716783,0.375913973180147,0.27131186166666665,0.4696026111764706,0.23360768858333333,0.499364667867647,0.268780028,0.467384449242647
pre_rerun_s1000,tablet_writing,20.0,Reconstruction_R2,44,0.8311514925669858,0.8072307789867574,0.8541393806032318,0.7488463748903835,0.902601170539856,0.7179060555117972,0.9160686016082764,0.7419509140445906,0.8973181523789058
pre_rerun_s1000,tablet_writing,inf,Number_of_submovements_per_second,44,8.836364389820531,8.531174324060741,9.245497249899076,6.290629617869854,10.01195576758339,5.6453483174555,10.335120674401807,6.733142886803869,9.914215407503598
pre_rerun_s1000,tablet_writing,inf,Reconstruction_MASE,44,0.33147815624331556,0.3011022399673797,0.3630839035294118,0.22840144833333334,0.4589195129411765,0.20667848538541667,0.4915754925441177,0.2561440491363636,0.45862016405882344
pre_rerun_s1000,tablet_writing,inf,Reconstruction_R2,44,0.8355482784284887,0.8124040463391472,0.8557145504310807,0.7490568283726188,0.9067753156026205,0.7226400893400697,0.9262874276066819,0.7468874154148255,0.9053807973861694
pre_rerun_s1000,whacamole,10.0,Number_of_submovements_per_second,181,3.685912191867829,3.030302971601486,4.034501910209656,1.2037721648812294,5.011549293994904,1.2037721648812294,5.011549293994904,1.4888476207852364,4.5927974581718445
pre_rerun_s1000,whacamole,10.0,Reconstruction_MASE,181,0.32769498,0.30649582,0.36099887,0.2351527,0.7715114,0.2351527,0.7715114,0.25806427,0.67908365
pre_rerun_s1000,whacamole,10.0,Reconstruction_R2,181,0.9123985767364502,0.8798187971115112,0.9287263751029968,0.6048001050949097,0.9632528424263,0.6048001050949097,0.9632528424263,0.6765328645706177,0.950134813785553
pre_rerun_s1000,whacamole,20.0,Number_of_submovements_per_second,181,4.170378595590591,3.574727475643158,4.700231105089188,1.0706361383199692,6.200590878725052,1.0706361383199692,6.200590878725052,1.4201877638697624,5.512014627456665
pre_rerun_s1000,whacamole,20.0,Reconstruction_MASE,181,0.25133207,0.23207141,0.28756368,0.15856893,0.7541884,0.15856893,0.7541884,0.18315308,0.5949386
pre_rerun_s1000,whacamole,20.0,Reconstruction_R2,181,0.9332895278930664,0.8945531845092773,0.95271497964859,0.6142134666442871,0.9795751571655272,0.6142134666442871,0.9795751571655272,0.6848349571228027,0.97169429063797
pre_rerun_s1000,whacamole,inf,Number_of_submovements_per_second,181,4.6987952291965485,3.914373368024826,5.144439339637756,1.164940819144249,7.375322878360748,1.164940819144249,7.375322878360748,1.62071842700243,6.242073476314545
pre_rerun_s1000,whacamole,inf,Reconstruction_MASE,181,0.23129192,0.21239623,0.26935282,0.1440114,0.73987913,0.1440114,0.73987913,0.16455212,0.59481883
pre_rerun_s1000,whacamole,inf,Reconstruction_R2,181,0.9362840056419371,0.9001786708831787,0.9548216462135316,0.617816686630249,0.9810383319854736,0.617816686630249,0.9810383319854736,0.6874675750732422,0.9755725860595704
ft_released,Fitts,10.0,Number_of_submovements_per_second,10,1.4026080500663034,1.2062594737033552,1.6738536176207062,1.085377213633705,1.8599651116205171,1.0492483108944368,1.9271784356048254,1.0704488106142656,1.884718568230811
ft_released,Fitts,10.0,Reconstruction_MASE,10,0.30889517276631984,0.2801451900322651,0.32129212974537036,0.23187997172043012,0.38544042671296297,0.22352230845929336,0.4061736250486111,0.22876722360253457,0.3922999455619212
ft_released,Fitts,10.0,Reconstruction_R2,10,0.8711481533963229,0.848718760535121,0.8965075904794835,0.7795382427672545,0.9322358085080042,0.7682919421440197,0.9391971895039173,0.7756621963758435,0.9347073561699343
ft_released,Fitts,20.0,Number_of_submovements_per_second,10,1.6399314130465013,1.4502858306701865,1.8360175308286368,1.2730814963064951,2.182816856624817,1.2349453443737037,2.2535642853528977,1.2594038892895885,2.2068410358697292
ft_released,Fitts,20.0,Reconstruction_MASE,10,0.2786119975056004,0.24953003019336106,0.2911563127835648,0.2041575710691244,0.3546395384953704,0.1966418778243472,0.37184753259375,0.20139485405952381,0.35998920188946754
ft_released,Fitts,20.0,Reconstruction_R2,10,0.885794668992335,0.8698012287969943,0.9077284851460004,0.7987752788596683,0.9410091560740258,0.7870934814801095,0.9480697200091387,0.7946701437027918,0.9435836279447178
ft_released,Fitts,inf,Number_of_submovements_per_second,10,1.788197026568025,1.6833925969718444,2.0250428967443037,1.3686809708090053,2.4387469650375553,1.3295260758597711,2.521393280380936,1.3557566990115268,2.4662572285176587
ft_released,Fitts,inf,Reconstruction_MASE,10,0.27480824533676823,0.24535975534648435,0.28643356670138886,0.20011527867127496,0.3497811530092592,0.19332167959696622,0.36503325677199067,0.19734316550307218,0.3549465617436342
ft_released,Fitts,inf,Reconstruction_R2,10,0.8850955873410522,0.870963488360522,0.908165637380872,0.7980846232838101,0.9414887257984706,0.7867317673163834,0.9485162983704273,0.7942780819273105,0.9439240119584511
ft_released,crank,10.0,Number_of_submovements_per_second,5,5.314025842398405,5.286782221868634,5.328422000259161,5.1451823830604555,5.384296168014407,5.065435681762174,5.450106851030141,5.097662605075166,5.422711250809952
ft_released,crank,10.0,Reconstruction_MASE,5,0.07004940015,0.06856973363,0.07279910943,0.06333047819,0.08311209114500001,0.059367257140000004,0.08842385489837501,0.060902012648750004,0.086146114544
ft_released,crank,10.0,Reconstruction_R2,5,0.8857716408371925,0.8844661828875542,0.8949440604448319,0.8752202832698822,0.901099761724472,0.8658003989011049,0.911265883050859,0.8695077832192183,0.9073295986950397
ft_released,crank,20.0,Number_of_submovements_per_second,5,5.66312504298985,5.635133074969053,5.6816379323601724,5.629160204529763,5.720690681040287,5.548159169219434,5.789700394235552,5.575582067035139,5.761652370505035
ft_released,crank,20.0,Reconstruction_MASE,5,0.051600954605,0.04797007561999999,0.054262257325,0.04769049142,0.059393819365,0.045010710716250006,0.06255846514075,0.0455155056605,0.061288240561
ft_released,crank,20.0,Reconstruction_R2,5,0.9249751192331314,0.9189650183916092,0.9259658220410347,0.9169507893919945,0.9303542160987854,0.9053798298910261,0.9388944026976823,0.9095954669490457,0.9361547437831759
ft_released,crank,inf,Number_of_submovements_per_second,5,5.961033544689417,5.9291249759495255,6.05140456482768,5.906734961271286,6.059736384451389,5.827307806089521,6.156428485717624,5.851948808692395,6.1299732615239915
ft_released,crank,inf,Reconstruction_MASE,5,0.06449702929500001,0.06389065178,0.066946871525,0.06386310267,0.07151881507999999,0.060538712502375,0.07464531413025,0.06122903735575,0.073370450992375
ft_released,crank,inf,Reconstruction_R2,5,0.8899253803491592,0.8813706895709038,0.8905091097950936,0.8799760165810585,0.8908600571751595,0.8672455022409558,0.9013845741078258,0.870786218509078,0.8999373200014233
ft_released,object_moving,10.0,Number_of_submovements_per_second,5,2.2290309467352927,2.1716726096346974,2.3126335762208328,2.1641419047955424,2.324027484515682,2.030874466066598,2.496431155182654,2.058911251433892,2.440882986280485
ft_released,object_moving,10.0,Reconstruction_MASE,5,0.16294269179374998,0.1599551881375,0.16801802379375,0.1596570527125,0.16873436624375,0.14828366106531252,0.18188418673609374,0.150511723476875,0.179303779330625
ft_released,object_moving,10.0,Reconstruction_R2,5,0.9206288881599903,0.9157313421368599,0.9209216319024562,0.9152421001344919,0.9265176925808192,0.8951762670278549,0.9391314153093845,0.9004314988665283,0.9359641349036246
ft_released,object_moving,20.0,Number_of_submovements_per_second,5,3.345099466620013,3.251564039848745,3.3797505260445178,3.2184412095230073,3.405609833775088,3.0923945492715577,3.55493220576318,3.134463181940373,3.5083270723291204
ft_released,object_moving,20.0,Reconstruction_MASE,5,0.09378417571875,0.09290210193125,0.09422539346875,0.08886132384374999,0.09575389870625,0.08369174751828125,0.10274556877328125,0.08567460884,0.10048203725296874
ft_released,object_moving,20.0,Reconstruction_R2,5,0.9748430978506804,0.9742783479392528,0.9762926779687404,0.9715768281370402,0.9770347457379103,0.9643024826329202,0.980253819739446,0.9673386136069894,0.9792919941339642
ft_released,object_moving,inf,Number_of_submovements_per_second,5,4.043167302617803,4.002278937958181,4.076383344596252,3.9188051177188754,4.158083767164499,3.7760642608394845,4.300404949800577,3.829743628663709,4.248653125658166
ft_released,object_moving,inf,Reconstruction_MASE,5,0.09644517758125,0.0940968578875,0.10170862514375001,0.09203404827499999,0.10394734616875001,0.08724136629328125,0.11098332551078124,0.08875944097234377,0.10850884138703124
ft_released,object_moving,inf,Reconstruction_R2,5,0.971339524909854,0.9691277228295803,0.9737974938005209,0.9654020249843598,0.9754741325974464,0.9575191507209092,0.9781434611137956,0.9610379990469664,0.9774142668396234
ft_released,pointing,10.0,Number_of_submovements_per_second,2,0.8541887345752435,0.8334271788723628,0.8749502902781242,0.8126656231694821,0.895711845981005,0.7728890046520798,0.9490076418006872,0.7791265409007803,0.9401696335810881
ft_released,pointing,10.0,Reconstruction_MASE,2,0.2018363474459891,0.19995766019889816,0.20371503469308003,0.19807897295180724,0.20559372194017095,0.1920057347106175,0.2115952438309829,0.19298229307191267,0.21042551461752135
ft_released,pointing,10.0,Reconstruction_R2,2,0.968272896431305,0.9672400000838671,0.9693057927787427,0.9662071037364294,0.9703386891261805,0.9625033237713289,0.9730004786129012,0.963260595540864,0.9726035217911091
ft_released,pointing,20.0,Number_of_submovements_per_second,2,1.58921428504516,1.5077830624141284,1.6706455076761917,1.4263518397830965,1.7520767303072236,1.3700101694529765,1.8119215434655929,1.3785648153616532,1.8034382617045353
ft_released,pointing,20.0,Reconstruction_MASE,2,0.15483063522260837,0.15419140835528009,0.15546986208993668,0.1535521814879518,0.15610908895726497,0.14780032598448797,0.1611164559062678,0.14862203528516565,0.16065468242172365
ft_released,pointing,20.0,Reconstruction_R2,2,0.9808329775708489,0.9795146842657194,0.9821512708759783,0.97819639096059,0.9834695641811078,0.9746014358722661,0.9851376613193428,0.9752957171659512,0.9848700383492345
ft_released,pointing,inf,Number_of_submovements_per_second,2,2.752182756610742,2.6210875853198154,2.8832779279016685,2.489992414028889,3.014373099192595,2.409211634554485,3.1014861265420275,2.4217562759940297,3.087941854372302
ft_released,pointing,inf,Reconstruction_MASE,2,0.1377905343225509,0.13735668294617573,0.13822438569892603,0.13692283156980056,0.1386582370753012,0.13241855370170938,0.14362590271280118,0.13284880107963137,0.1430477955571536
ft_released,pointing,inf,Reconstruction_R2,2,0.9827153747327495,0.9818054377487695,0.9836253117167296,0.9808955007647894,0.9845352487007097,0.9787470376859587,0.9864640069610712,0.9790831061820667,0.986175051870679
ft_released,steering,10.0,Number_of_submovements_per_second,9,2.8828708324581385,2.8112329971045256,2.9647981971502304,2.626175807788968,3.4337385836988688,2.5846990241669117,3.508124771621078,2.6100275995675473,3.4604293034411966
ft_released,steering,10.0,Reconstruction_MASE,9,0.24216555450000002,0.2338908955,0.24452564225,0.21574767799999997,0.26016288025,0.21353817054375002,0.26293066583125,0.21485788895,0.26120379107499997
ft_released,steering,10.0,Reconstruction_R2,9,0.9426127552986145,0.940664030611515,0.9447545543313026,0.9358219161629677,0.9525981605052948,0.9339081447198987,0.9536132260784507,0.9351181399822235,0.9530772127211095
ft_released,steering,20.0,Number_of_submovements_per_second,9,4.033108022063971,3.9108278565108776,4.225172096863389,3.733801307156682,4.43295893445611,3.672146343346685,4.509350293781608,3.7040799903217705,4.462088837474584
ft_released,steering,20.0,Reconstruction_MASE,9,0.15242573450000002,0.143195804,0.15460494625,0.12638101702500001,0.160701805,0.12432708730125001,0.16351153145,0.125504276095625,0.162074191625
ft_released,steering,20.0,Reconstruction_R2,9,0.9681242853403091,0.9669186651706696,0.9739369407296181,0.9620296373963356,0.9792527258396149,0.9604663091897964,0.9800914565473795,0.961461007706821,0.979669780805707
ft_released,steering,inf,Number_of_submovements_per_second,9,5.661338724195957,5.178865917026997,5.768952794373035,4.948611348867416,5.864635102450848,4.886839974392205,5.943339376151561,4.922386139351874,5.896696918923408
ft_released,steering,inf,Reconstruction_MASE,9,0.13823647975,0.12902925535,0.14067485525,0.11381645174999999,0.148272665,0.11156944492625001,0.15072720736249998,0.112931097906875,0.1492859385125
ft_released,steering,inf,Reconstruction_R2,9,0.9710563704371452,0.9691885352134705,0.9758445203304291,0.9645567014813423,0.9812128528952598,0.9629344458132982,0.9819669331610202,0.9638846666365861,0.9815692814067006
ft_released,tablet_writing,10.0,Number_of_submovements_per_second,44,7.030435992295251,6.735359444296318,7.332946408201347,4.125391533598304,8.48927502018901,3.776545479428023,8.82901454004101,4.623057174276222,8.433257205334941
ft_released,tablet_writing,10.0,Reconstruction_MASE,44,0.3760864038235294,0.3518267371818182,0.40977447653316645,0.28327321875,0.5068055576470588,0.26188536368750004,0.536784891735294,0.30077341510909095,0.489686734235294
ft_released,tablet_writing,10.0,Reconstruction_R2,44,0.8097664795994499,0.7930683962721876,0.8264948225834153,0.7343024909496307,0.8812161907553673,0.7005307186175795,0.9021623094255725,0.7282274407236016,0.8755624239857901
ft_released,tablet_writing,20.0,Number_of_submovements_per_second,44,8.617188488895243,8.284866595965246,9.01966345441692,6.2152349203825,9.826173561696823,5.750194985885173,10.586170077323914,6.570335385965353,9.86131185153499
ft_released,tablet_writing,20.0,Reconstruction_MASE,44,0.31159069429920117,0.28805627104545456,0.32996943173677884,0.21242445791666667,0.4247466694117647,0.18259199895833336,0.4560163177647059,0.24007426789261357,0.42140252500735287
ft_released,tablet_writing,20.0,Reconstruction_R2,44,0.8579464490074304,0.8442203157327393,0.8739139707490085,0.7903804340783287,0.9150813351977956,0.7618995660368134,0.9417500421404839,0.782972885922576,0.9169595659422604
ft_released,tablet_writing,inf,Number_of_submovements_per_second,44,9.156027686388736,8.77977435848611,9.46763301418875,7.419843971729279,10.052192410310873,6.980452842079103,10.52407143221182,7.512745919763883,10.15400182183756
ft_released,tablet_writing,inf,Reconstruction_MASE,44,0.2974443935858586,0.2750234642112299,0.3175188753846153,0.20592639666666668,0.4117430582352941,0.18533740201041668,0.44262156456617646,0.219794972,0.4090339041617647
ft_released,tablet_writing,inf,Reconstruction_R2,44,0.8670833647013056,0.8504313409328461,0.8800020583850496,0.7968250127399669,0.9253802321173928,0.7655773135230821,0.94152911901474,0.7897970468132016,0.9257941180738536
ft_released,whacamole,10.0,Number_of_submovements_per_second,181,3.501620963215828,2.843654528260231,3.891143649816513,1.1795774102211,4.884043335914612,1.1795774102211,4.884043335914612,1.2702853605151176,4.444033652544022
ft_released,whacamole,10.0,Reconstruction_MASE,181,0.30650923,0.2842193,0.33752075,0.2191941,0.7729317,0.2191941,0.7729317,0.24091344,0.6499558
ft_released,whacamole,10.0,Reconstruction_R2,181,0.9281864166259766,0.8929252624511719,0.9402675628662108,0.5924147367477417,0.9659815430641174,0.5924147367477417,0.9659815430641174,0.6836510896682739,0.9616040587425232
ft_released,whacamole,20.0,Number_of_submovements_per_second,181,4.9736036360263824,4.047001898288727,5.525659024715424,1.3369083032011986,7.306661456823349,1.3369083032011986,7.306661456823349,1.650557667016983,6.569504588842392
ft_released,whacamole,20.0,Reconstruction_MASE,181,0.21030998,0.19421215,0.24681555,0.13590062,0.74348867,0.13590062,0.74348867,0.15688473,0.5667408
ft_released,whacamole,20.0,Reconstruction_R2,181,0.9566518664360046,0.9191612601280212,0.9672868847846984,0.6127938032150269,0.9848441481590272,0.6127938032150269,0.9848441481590272,0.70440274477005,0.9820145964622498
ft_released,whacamole,inf,Number_of_submovements_per_second,181,5.560596138238907,4.376562237739563,6.180305331945419,1.4034763723611832,8.50572556257248,1.4034763723611832,8.50572556257248,1.790710687637329,7.311828285455704
ft_released,whacamole,inf,Reconstruction_MASE,181,0.19024335,0.17397255,0.22806036,0.11963913,0.73115283,0.11963913,0.73115283,0.13408694,0.55305964
ft_released,whacamole,inf,Reconstruction_R2,181,0.9593687057495116,0.922386884689331,0.9703329205513,0.6187056303024292,0.9875656962394714,0.6187056303024292,0.9875656962394714,0.707726240158081,0.9832960963249208
ft_A,Fitts,10.0,Number_of_submovements_per_second,10,1.5109898387583007,1.2322238002408057,1.7973638527554512,1.109438145335781,2.1062091333765744,1.0746451652638855,2.1920480461170273,1.0959277863001893,2.1339454734180534
ft_A,Fitts,10.0,Reconstruction_MASE,10,0.3084946591388779,0.27911361609920554,0.32281444122106484,0.23237059356374806,0.3847091643287037,0.22370911337250382,0.40368731635300914,0.22901122844009214,0.39094955504398143
ft_A,Fitts,10.0,Reconstruction_R2,10,0.8702018249884055,0.8475751094520092,0.8976627288395231,0.7782359076318918,0.9316904044004812,0.7666565355051447,0.9386642046879331,0.7744804988511734,0.9340386498908294
ft_A,Fitts,20.0,Number_of_submovements_per_second,10,1.7314264602370653,1.4819319340645032,1.9709593928968794,1.3303203587656334,2.2859611401670716,1.2926505815553209,2.376207636311948,1.3138657251849242,2.317375901245719
ft_A,Fitts,20.0,Reconstruction_MASE,10,0.2786513433839499,0.2479279208913552,0.2920271299903431,0.2041100742795699,0.3571820841666667,0.19692325146789555,0.37407560464120365,0.2013715576578341,0.3627406341869212
ft_A,Fitts,20.0,Reconstruction_R2,10,0.885545287129313,0.8674178798855454,0.9077435567335117,0.7968403720469387,0.9408611086656421,0.785953892522526,0.9476136093864792,0.7933318677944718,0.9434677092733288
ft_A,Fitts,inf,Number_of_submovements_per_second,10,1.894799037036583,1.715678671870621,2.143430356712391,1.4785825442008538,2.4967813404509798,1.4331644325369992,2.573449081178599,1.4621937623364634,2.5262563073823303
ft_A,Fitts,inf,Reconstruction_MASE,10,0.2742928131946045,0.24403861522608564,0.28834506199652776,0.1987530895913978,0.35479935759259257,0.19183995436605225,0.37021576779803245,0.19620022684347158,0.3599580456429398
ft_A,Fitts,inf,Reconstruction_R2,10,0.8847233641586252,0.8689374276264399,0.9063569468009444,0.791685030968101,0.9421112279188798,0.7800945147630517,0.9488340401818859,0.7876909250048575,0.9445490186802252
ft_A,crank,10.0,Number_of_submovements_per_second,5,5.833829739689827,5.824529470503331,5.95225480645895,5.757768218591809,5.996698971837759,5.659453000668436,6.088925729468464,5.702012472823262,6.056332680210471
ft_A,crank,10.0,Reconstruction_MASE,5,0.08684086665999999,0.08358126138500001,0.09055017005,0.083568312505,0.102335936215,0.078683791204375,0.10796804944724998,0.079765122146625,0.10546543083362499
ft_A,crank,10.0,Reconstruction_R2,5,0.8290694230794906,0.8271216058731079,0.8293866956233978,0.824205584526062,0.831960515677929,0.8125314884185791,0.8446080357208847,0.8148184859082103,0.8415611704811453
ft_A,crank,20.0,Number_of_submovements_per_second,5,5.626331023871899,5.605964083224535,5.627364679053426,5.605194856971503,5.70134182870388,5.524846633058041,5.762027834113687,5.551567427180707,5.736938499044626
ft_A,crank,20.0,Reconstruction_MASE,5,0.052811797254999994,0.04994684122500001,0.05629355272,0.049667066395,0.06145568172500001,0.04660848353725,0.06471701312974999,0.047474586143125,0.0632823490795
ft_A,crank,20.0,Reconstruction_R2,5,0.922369328737259,0.9179839092493057,0.9239220896363258,0.9124753528833389,0.9296729838848115,0.9033420274853706,0.9374834091961384,0.9069474187493324,0.934788027793169
ft_A,crank,inf,Number_of_submovements_per_second,5,5.801129119098187,5.763006113469601,5.9164483152329925,5.733576663583517,5.9285261638462545,5.669437866155058,6.014100868329406,5.692438900843262,5.991756284236907
ft_A,crank,inf,Reconstruction_MASE,5,0.0690984581,0.065208139045,0.06985672563499999,0.06399499669999999,0.074153825465,0.061133394623874994,0.076997778965375,0.062067890855374994,0.075883445397875
ft_A,crank,inf,Reconstruction_R2,5,0.8823815846443176,0.8734350278973579,0.8872325187921524,0.8667223957180977,0.8906039765477181,0.8531942882612348,0.8993637663647532,0.8585329704806209,0.8971025224849581
ft_A,object_moving,10.0,Number_of_submovements_per_second,5,2.579544620937668,2.545960003626533,2.581679136143066,2.4781124806031585,2.5845173962879926,2.320329700119328,2.7792787876358487,2.3587698658317096,2.7489342415239664
ft_A,object_moving,10.0,Reconstruction_MASE,5,0.1666918972625,0.16399933951250004,0.16730203954999998,0.16089442370625,0.168620656875,0.15043719644171877,0.18052284808296873,0.1525136865365625,0.17888497480968749
ft_A,object_moving,10.0,Reconstruction_R2,5,0.9174462828785181,0.915355833619833,0.9181636422872543,0.9106411926448346,0.9226168509572744,0.8895819605235011,0.9364545546844601,0.8971371299400925,0.9329855105187744
ft_A,object_moving,20.0,Number_of_submovements_per_second,5,3.38457079580985,3.2774471912998706,3.3893004949204624,3.220412749098614,3.4357403120957315,3.0903575667121914,3.574841887783259,3.136322977161035,3.5319457692559806
ft_A,object_moving,20.0,Reconstruction_MASE,5,0.09388913017499999,0.09176122660625,0.09707383080625001,0.08896407145624999,0.09934703137499999,0.08401098001703125,0.1072757913703125,0.085645333663125,0.10413017241093749
ft_A,object_moving,20.0,Reconstruction_R2,5,0.9742098066955804,0.9735366091132164,0.9758324313908815,0.9679524369537831,0.9771864581853151,0.9577546776272357,0.980527682164684,0.9627687041368336,0.9798243874218314
ft_A,object_moving,inf,Number_of_submovements_per_second,5,4.023728340631351,4.023468077648431,4.032450970960781,3.9939800812862813,4.092434511054307,3.829642461502226,4.251192992529832,3.8636692001426125,4.208197614195524
ft_A,object_moving,inf,Reconstruction_MASE,5,0.09852240595625,0.09470278440625,0.10620576819375001,0.0935574727,0.10629386995000001,0.08852445539453124,0.1137490253959375,0.08989151745796875,0.11186320202140626
ft_A,object_moving,inf,Reconstruction_R2,5,0.9711270269006491,0.9644278325140476,0.9722214598208666,0.9635203674435615,0.974312350898981,0.956095899734646,0.9775667129363864,0.9578122616931796,0.9766510166972875
ft_A,pointing,10.0,Number_of_submovements_per_second,2,0.9045695656340487,0.8934027978382896,0.9157363334298076,0.8822360300425306,0.9269031012255666,0.8336546507114208,0.984747545302121,0.8410187220552948,0.975360748433691
ft_A,pointing,10.0,Reconstruction_MASE,2,0.20122443391395067,0.19886929834101147,0.20357956948688988,0.19651416276807226,0.20593470505982908,0.19059170200173195,0.21227697968561252,0.19142213446603915,0.21113883803803418
ft_A,pointing,10.0,Reconstruction_R2,2,0.9683533650277405,0.9676649767088501,0.9690417533466308,0.9669765883899597,0.9697301416655212,0.9635599684059979,0.972386353609399,0.9640910591256906,0.9719185584248641
ft_A,pointing,20.0,Number_of_submovements_per_second,2,1.59302212116742,1.5165567309204955,1.6694875114143444,1.4400913406735711,1.7459529016612687,1.3824657205462805,1.8035665044489388,1.390954416136521,1.794079730207594
ft_A,pointing,20.0,Reconstruction_MASE,2,0.1555132397302887,0.1521355284615299,0.15889095099904746,0.1487578171927711,0.16226866226780626,0.1440287867384789,0.16882285860619659,0.14462175530474397,0.167696034633547
ft_A,pointing,20.0,Reconstruction_R2,2,0.9804491837426594,0.9800250646708591,0.9808733028144598,0.9796009455990587,0.9812974218862602,0.9755736924049861,0.983028832926269,0.9764393608327265,0.9829267443797315
ft_A,pointing,inf,Number_of_submovements_per_second,2,2.6151231767283356,2.535799795186593,2.694446558270078,2.4564764136448503,2.7737699398118205,2.3725046464606714,2.8606698189694915,2.3861889654576935,2.845670578117745
ft_A,pointing,inf,Reconstruction_MASE,2,0.14463581257750235,0.14291779590471504,0.14635382925028964,0.14119977923192772,0.14807184592307696,0.13573418883893074,0.15528319054337605,0.1365894212362199,0.15425984605235044
ft_A,pointing,inf,Reconstruction_R2,2,0.9789380091823829,0.9785967441334218,0.9792792742313442,0.9782554790844605,0.9796205392803055,0.9734271081933948,0.9823885337749438,0.9742676814651897,0.98234523454883
ft_A,steering,10.0,Number_of_submovements_per_second,9,2.9321536403149366,2.854513579979539,3.0173637717962265,2.6551605239510536,3.474368065595627,2.6108467023354023,3.559283272968605,2.638381104497239,3.504449474159628
ft_A,steering,10.0,Reconstruction_MASE,9,0.245616095,0.23758839150000002,0.24902243150000003,0.21799279774999997,0.263600446,0.21599537220624995,0.266102109375,0.21725375951875003,0.26449741811875
ft_A,steering,10.0,Reconstruction_R2,9,0.9412768051028252,0.9403581559658051,0.9423993870615959,0.9335649207234382,0.9515911504626274,0.9317936704680323,0.9527384937554598,0.9328788475319743,0.9521604399010539
ft_A,steering,20.0,Number_of_submovements_per_second,9,4.074860483407974,3.942333474755287,4.2808129247277975,3.752378348261118,4.494474057108164,3.7024945703800767,4.5704805655404925,3.7264381343498827,4.523624078091234
ft_A,steering,20.0,Reconstruction_MASE,9,0.15170156675,0.143273279,0.15532023825,0.125864268775,0.16157169575000002,0.12359631564999998,0.1635324225,0.124905614855625,0.16243497848125002
ft_A,steering,20.0,Reconstruction_R2,9,0.9683569207787514,0.9664193838834763,0.9736530005931854,0.9623809859156609,0.9798032268881798,0.9606904567778111,0.9805696823447942,0.9617806304246187,0.9801188499853015
ft_A,steering,inf,Number_of_submovements_per_second,9,5.706317503005266,5.246850427240133,5.798831317573786,4.977946735918522,5.941174943000078,4.915332996938377,6.020028297230601,4.955349154025316,5.971363772638142
ft_A,steering,inf,Reconstruction_MASE,9,0.13925577925000002,0.12930652660000003,0.14116749025,0.1144598667,0.14909309425,0.112197545953125,0.1515519758125,0.11352736191937499,0.1500198102875
ft_A,steering,inf,Reconstruction_R2,9,0.9705853343009949,0.9686410441994667,0.9760784342885017,0.9642452418804168,0.9810543179512023,0.9627146603167057,0.9818228844180703,0.9636179816350341,0.9814601647853851
ft_A,tablet_writing,10.0,Number_of_submovements_per_second,44,7.003337183459239,6.856613737366655,7.464804391869727,4.437528420239687,8.53387467133311,3.8871395606547594,8.911499130378406,4.810799680379304,8.502678336301708
ft_A,tablet_writing,10.0,Reconstruction_MASE,44,0.3759418286764706,0.35587872933556153,0.40724281099264703,0.28409092083333337,0.5125464949999999,0.2628820593958333,0.5417199857132352,0.30161839121931816,0.4930390522573529
ft_A,tablet_writing,10.0,Reconstruction_R2,44,0.8093481557801309,0.7987549974777323,0.8256709609638879,0.7314745310474845,0.8788925309975942,0.704856861295069,0.9028219023098548,0.7284048812456235,0.8759496927261352
ft_A,tablet_writing,20.0,Number_of_submovements_per_second,44,8.673178335482424,8.36273595146827,9.075489393908551,6.465824618935585,9.95577027161534,5.978134729433805,10.456284999847412,6.6354224096376075,9.953163516872069
ft_A,tablet_writing,20.0,Reconstruction_MASE,44,0.3090201861764706,0.2867208202727273,0.32967952298076925,0.20240130041666668,0.42728533029411764,0.1822300114375,0.45845149670588237,0.239265622,0.42412444599999993
ft_A,tablet_writing,20.0,Reconstruction_R2,44,0.857881681610118,0.8433364524082704,0.8738638364216861,0.790158888872932,0.9325347319245338,0.7627685779596076,0.9435016203671693,0.782298544921725,0.9235339083533847
ft_A,tablet_writing,inf,Number_of_submovements_per_second,44,9.248369913787286,8.864709983605763,9.552967560059207,7.435430139303207,10.27730305405224,6.947976712603122,10.688447611954283,7.584589735056985,10.322269475306657
ft_A,tablet_writing,inf,Reconstruction_MASE,44,0.29686910956149737,0.27424799473636363,0.3193408223299632,0.20186153229166667,0.41350815617647063,0.18432320328125001,0.4467881301691176,0.2200964713909091,0.41164349747794116
ft_A,tablet_writing,inf,Reconstruction_R2,44,0.8654471321130197,0.8510317421772263,0.8796848080736627,0.7968251372084898,0.9287983526786169,0.7663396989159724,0.940843419979016,0.7890561716083219,0.927475110171645
ft_A,whacamole,10.0,Number_of_submovements_per_second,181,3.5427414625883102,2.9471732676029205,3.982252031564713,1.2315088883042336,4.983830451965332,1.2315088883042336,4.983830451965332,1.3136805966496468,4.52914372086525
ft_A,whacamole,10.0,Reconstruction_MASE,181,0.30726826,0.28668517,0.3384026,0.21694285,0.77052194,0.21694285,0.77052194,0.24067707,0.660111
ft_A,whacamole,10.0,Reconstruction_R2,181,0.9286616444587708,0.8927217125892639,0.9398775696754456,0.5911774039268494,0.9647093415260316,0.5911774039268494,0.9647093415260316,0.6887006759643555,0.9600844979286194
ft_A,whacamole,20.0,Number_of_submovements_per_second,181,5.060981512069702,4.0682655572891235,5.52733987569809,1.3535502925515177,7.450798898935318,1.3535502925515177,7.450798898935318,1.665712594985962,6.583472192287445
ft_A,whacamole,20.0,Reconstruction_MASE,181,0.2113617,0.19480303,0.24699153,0.13252473,0.74448836,0.13252473,0.74448836,0.15800048,0.55853736
ft_A,whacamole,20.0,Reconstruction_R2,181,0.9561814069747924,0.9185019731521606,0.9670594334602356,0.6103893518447876,0.9845554232597352,0.6103893518447876,0.9845554232597352,0.7095488905906677,0.9806061387062072
ft_A,whacamole,inf,Number_of_submovements_per_second,181,5.570041537284851,4.426548331975937,6.266741305589676,1.4589497074484823,8.52789044380188,1.4589497074484823,8.52789044380188,1.8434975668787956,7.344913333654404
ft_A,whacamole,inf,Reconstruction_MASE,181,0.19112383,0.17321834,0.229169,0.11891997,0.7331772,0.11891997,0.7331772,0.1327305,0.5408581
ft_A,whacamole,inf,Reconstruction_R2,181,0.958849310874939,0.9220204949378968,0.9698124527931212,0.6122837066650391,0.9872325658798218,0.6122837066650391,0.9872325658798218,0.7101430296897888,0.9815469980239868
ft_B,Fitts,10.0,Number_of_submovements_per_second,10,1.6053685950982368,1.3218846738398555,1.812914416549517,1.1344871211213312,2.053788025966949,1.1009052098741592,2.125101073645055,1.1224136720840658,2.078356645144393
ft_B,Fitts,10.0,Reconstruction_MASE,10,0.3252095375226147,0.2942083501989389,0.3325047904650222,0.2408069341935484,0.4046931539814815,0.22964600300960064,0.43262511553182864,0.23690630400960067,0.41392034885243045
ft_B,Fitts,10.0,Reconstruction_R2,10,0.8688146542639485,0.8461814388563788,0.8976830729723342,0.7789472473992242,0.9292533570720304,0.7661096903771438,0.9365918744818955,0.774812707129038,0.9320294046571361
ft_B,Fitts,20.0,Number_of_submovements_per_second,10,1.7783402143177673,1.6021869267435735,1.916313000789766,1.3733857448864157,2.2033083209923157,1.3338930213611795,2.2739737844612034,1.3598022466419017,2.2310656409503684
ft_B,Fitts,20.0,Reconstruction_MASE,10,0.29286191967363245,0.2625110239074913,0.30495325080439806,0.21326686468356373,0.3779533663657408,0.2031073636377112,0.4008476001851852,0.2094989248571813,0.38557101019560186
ft_B,Fitts,20.0,Reconstruction_R2,10,0.8838575068447325,0.8659599184369047,0.9085357975831793,0.7919714220420078,0.9384798525665213,0.7790878561428852,0.9459188998455094,0.7876608840741769,0.9412873457356166
ft_B,Fitts,inf,Number_of_submovements_per_second,10,2.0326918225130046,1.9216855939763482,2.190213223819026,1.623133745164456,2.5759330631182014,1.5784959357461827,2.648481827698156,1.6070282128575242,2.601581244959056
ft_B,Fitts,inf,Reconstruction_MASE,10,0.2900729367268625,0.2583450748331296,0.2993908046354167,0.20818479824884795,0.3766337163657408,0.1983679087043011,0.3978624226018518,0.20469779322196618,0.38370237167534726
ft_B,Fitts,inf,Reconstruction_R2,10,0.8825071798162232,0.8683821937345244,0.9025832529813965,0.7861087336032478,0.9396914283068316,0.7730224602959221,0.9466737406640192,0.7820268449718477,0.9423990360328129
ft_B,crank,10.0,Number_of_submovements_per_second,5,4.969750466197729,4.939882028102875,4.991228873468936,4.753539233654737,5.004048730060458,4.6732353421859445,5.076191263832151,4.706968360897153,5.057983909444883
ft_B,crank,10.0,Reconstruction_MASE,5,0.071140681025,0.06828118008,0.075090868995,0.06573566754,0.08767027024999999,0.062092923264250005,0.092899998876875,0.0633907610515,0.09078525911825
ft_B,crank,10.0,Reconstruction_R2,5,0.8890220195055007,0.8729533895850181,0.8934752234816551,0.871620864868164,0.894790800511837,0.8535946813300251,0.9055041510462761,0.8617019591331482,0.9023616531044245
ft_B,crank,20.0,Number_of_submovements_per_second,5,5.491315503045916,5.472673465311527,5.498128232359886,5.408022615686059,5.563874948769808,5.309847305333242,5.642566020023077,5.349472330939024,5.609983441215009
ft_B,crank,20.0,Reconstruction_MASE,5,0.052948205979999996,0.05023445647,0.05688977629,0.048905108780000005,0.062441074075,0.046074928798625,0.06567518199175,0.04709656656525,0.0644108521455
ft_B,crank,20.0,Reconstruction_R2,5,0.9163289898633957,0.9112582993507385,0.9198799106478691,0.9093461829423904,0.9277823865413666,0.8959823867082596,0.9378884113430976,0.9004019675701856,0.9341853818669915
ft_B,crank,inf,Number_of_submovements_per_second,5,5.663800629973411,5.646744756773114,5.770958758145571,5.623084659129381,5.786068752408028,5.547291048495099,5.8734504272416235,5.567787208892405,5.849025905001908
ft_B,crank,inf,Reconstruction_MASE,5,0.061626470615,0.059290734905,0.062240165679999994,0.058208230789999996,0.06908568354,0.05530183862125,0.072332049884375,0.05633956611412499,0.071118238263125
ft_B,crank,inf,Reconstruction_R2,5,0.8991992884874344,0.8903770104050637,0.9004061034321785,0.8841417852044106,0.907752694785595,0.8715542528480291,0.9170499580651522,0.876595687866211,0.913734914548695
ft_B,object_moving,10.0,Number_of_submovements_per_second,5,2.157876197132282,2.143952388782054,2.1831141337752342,2.1155753564089537,2.2490192918339744,1.9760038204025476,2.396701296122046,2.0158578803791896,2.3360037663427646
ft_B,object_moving,10.0,Reconstruction_MASE,5,0.15372177608749998,0.15282968555625,0.1546549934875,0.15054486716874999,0.1592400765375,0.1417811208165625,0.17069664112031246,0.14325965940484375,0.16713292381468753
ft_B,object_moving,10.0,Reconstruction_R2,5,0.9320996440947056,0.9281497899442911,0.9350453324615955,0.9224814638495445,0.9350967239588499,0.9080020369496197,0.9449026024248451,0.9128566580731422,0.9436450464650988
ft_B,object_moving,20.0,Number_of_submovements_per_second,5,3.1990740874316543,3.1269353369716555,3.2203073693672195,3.1261981981806457,3.220975967589766,2.984779874794185,3.364434530341532,3.0172462497605013,3.3389537205977833
ft_B,object_moving,20.0,Reconstruction_MASE,5,0.09275881293125,0.092273599475,0.09422748719375,0.0913247069125,0.09461420479375,0.08614526873265625,0.10163307116046875,0.08693691578140626,0.10018889182093747
ft_B,object_moving,20.0,Reconstruction_R2,5,0.9736225187778473,0.9725889075547457,0.9756335604935884,0.9725594490766525,0.9761535011231899,0.9641432276554406,0.9795821450091898,0.9665800429880619,0.9790486961510032
ft_B,object_moving,inf,Number_of_submovements_per_second,5,3.86708306777291,3.8488634226378053,3.886851690011099,3.835736388573423,3.9647267893888056,3.671117360884091,4.116241652495227,3.6965572074463124,4.067873316979967
ft_B,object_moving,inf,Reconstruction_MASE,5,0.10005283548125002,0.09966833753125,0.10016218534374999,0.09817599323125001,0.1017538745125,0.09178234345953123,0.10837560073859374,0.09318938398703126,0.10713839496187501
ft_B,object_moving,inf,Reconstruction_R2,5,0.9686845008283853,0.9685259774327278,0.9703575041145086,0.9681573588401079,0.9711510140448809,0.9608322795201093,0.9752221428882331,0.9625485667586327,0.9745965255610645
ft_B,pointing,10.0,Number_of_submovements_per_second,2,0.900904730683618,0.8610663689570833,0.9407430924101527,0.8212280072305486,0.9805814541366875,0.773011607542937,1.0401782747517285,0.7802949646159625,1.0307971964327571
ft_B,pointing,10.0,Reconstruction_MASE,2,0.20338248072373255,0.20206092491608316,0.20470403653138194,0.20073936910843376,0.20602559233903134,0.19494868647168673,0.21086466377556978,0.19602206251611445,0.21015615510783475
ft_B,pointing,10.0,Reconstruction_R2,2,0.96864029889932,0.9672004276147419,0.9700801701838981,0.9657605563301638,0.9715200414684763,0.9630212356661817,0.9735267897913938,0.9634878406547998,0.9732826816942277
ft_B,pointing,20.0,Number_of_submovements_per_second,2,1.6772420610796157,1.6234335111213507,1.7310506110378807,1.5696249611630857,1.7848591609961457,1.5087027483583282,1.8390237474535456,1.5195975428417674,1.8324271985648088
ft_B,pointing,20.0,Reconstruction_MASE,2,0.1536307670827455,0.1513872590699872,0.1558742750955038,0.1491437510572289,0.1581177831082621,0.1439600081833584,0.16301905839009972,0.14484403475143073,0.16226460271011398
ft_B,pointing,20.0,Reconstruction_R2,2,0.9818240001813532,0.9812552102995235,0.982392790063183,0.9806864204176937,0.9829615799450128,0.9783444707652172,0.9846069513859912,0.9787768860179258,0.9843204470696273
ft_B,pointing,inf,Number_of_submovements_per_second,2,2.5802127881729024,2.5226434744631634,2.6377821018826415,2.465074160753424,2.695351415592381,2.379866531787788,2.776170975186376,2.395466881820999,2.7640582299831076
ft_B,pointing,inf,Reconstruction_MASE,2,0.14357809240201402,0.14329699086055117,0.1438591939434769,0.14301588931908832,0.14414029548493976,0.13702018729245014,0.15039331541340362,0.13755046647165242,0.15003323411563327
ft_B,pointing,inf,Reconstruction_R2,2,0.9801894553023341,0.979318203477241,0.9810607071274273,0.9784469516521477,0.9819319589525206,0.9742531217006315,0.9850219801238119,0.9751180679234396,0.9846275306962154
ft_B,steering,10.0,Number_of_submovements_per_second,9,3.0085739102214575,2.9795488603413105,3.1545592714101076,2.716020930558443,3.662333568558097,2.6754936130251736,3.743528003292158,2.700368327368051,3.694128240365535
ft_B,steering,10.0,Reconstruction_MASE,9,0.24611208375000002,0.241890911,0.253018923,0.22306840125000002,0.26351844474999997,0.2204896002875,0.26599970103125,0.22208008518125,0.264418214775
ft_B,steering,10.0,Reconstruction_R2,9,0.9388036012649537,0.9380152374505997,0.942140032351017,0.9325813621282577,0.9493816703557968,0.9307210243865848,0.9505741556733847,0.9318271198123693,0.9499107483029365
ft_B,steering,20.0,Number_of_submovements_per_second,9,4.027125421911478,3.8476269710808992,4.21019871532917,3.675138546153903,4.480164829641581,3.6214351153001187,4.57247923258692,3.653447113232687,4.517953817546367
ft_B,steering,20.0,Reconstruction_MASE,9,0.151881206,0.14347126799999999,0.1567233165,0.127352836275,0.16260172950000001,0.12550236527187503,0.16480934017499999,0.12636564958562502,0.16379442077499998
ft_B,steering,20.0,Reconstruction_R2,9,0.9680415883660316,0.9665731236338615,0.9740177616477013,0.9621386483311654,0.9792361363768578,0.9606698806583881,0.9800205968692899,0.9615735011547804,0.9796079881861806
ft_B,steering,inf,Number_of_submovements_per_second,9,5.26090370491147,4.993291139602661,5.413742937147617,4.665108975023031,5.543168283998966,4.610434084385633,5.618171106185764,4.643039373122155,5.57507049171254
ft_B,steering,inf,Reconstruction_MASE,9,0.1348893719,0.124090859725,0.13887407575,0.1103563894,0.14512392225,0.108331209776875,0.14773813935,0.10950858233625002,0.14611508472499998
ft_B,steering,inf,Reconstruction_R2,9,0.9720904916524887,0.9704321607947349,0.9769359827041626,0.9663847550749779,0.9820824310183525,0.9649346945062279,0.9827715700119733,0.9658512944355607,0.9824378721043467
ft_B,tablet_writing,10.0,Number_of_submovements_per_second,44,7.740576174787499,7.406111585880768,8.133168886738137,4.0789238549768925,9.334610931288738,3.7906703408807516,9.658392936815149,4.748896994915875,9.320079583388107
ft_B,tablet_writing,10.0,Reconstruction_MASE,44,0.3757191437609428,0.35392495727272727,0.39602309125459556,0.29112415625,0.4942725541176471,0.26116369353125,0.52807977825,0.30751608055,0.48378980021323525
ft_B,tablet_writing,10.0,Reconstruction_R2,44,0.8140859835696491,0.8047147567976605,0.8290024741607553,0.741316218586529,0.8752209067344665,0.710264817800592,0.8997934555013974,0.7389443487885163,0.8752209067344665
ft_B,tablet_writing,20.0,Number_of_submovements_per_second,44,8.87919925603699,8.464854552325876,9.42208741534063,6.0446588229388,10.347816054435338,5.604941500583664,10.84463152267477,6.446602024561302,10.412623586598784
ft_B,tablet_writing,20.0,Reconstruction_MASE,44,0.30909335426470586,0.2877625432954546,0.3272785542308715,0.20802477458333335,0.4219718461764706,0.18348355573958333,0.4518429144044117,0.22321236521875,0.4175313038529411
ft_B,tablet_writing,20.0,Reconstruction_R2,44,0.8600191736603804,0.8449552821129133,0.8716821665113623,0.7867987892206978,0.9258375242352486,0.7603194767061402,0.9482116818428039,0.7892760862510972,0.9249404309317469
ft_B,tablet_writing,inf,Number_of_submovements_per_second,44,9.27711889421677,8.916595742256504,9.709748411381787,7.367605846375227,10.739916396491667,6.771013155579567,11.27387136637288,7.356241535861045,10.689224733368437
ft_B,tablet_writing,inf,Reconstruction_MASE,44,0.29720633313235295,0.27481889253933567,0.3168797669758221,0.19515721666666663,0.407219325882353,0.17742052594791666,0.43650263577941184,0.21346113478125,0.4030140058308823
ft_B,tablet_writing,inf,Reconstruction_R2,44,0.8657473926317883,0.8545005002525604,0.8775090322296887,0.8006158190615037,0.9313575724760691,0.7778500116923276,0.9481068253517151,0.7985909960351207,0.9288256387536724
ft_B,whacamole,10.0,Number_of_submovements_per_second,181,3.723946139216423,3.0806301534175873,4.197781831026077,1.2814349681138992,5.432874262332916,1.2814349681138992,5.432874262332916,1.4609665051102638,4.774300754070282
ft_B,whacamole,10.0,Reconstruction_MASE,181,0.31314513,0.28944972,0.34605956,0.2224134,0.88489574,0.2224134,0.88489574,0.24137439,0.68336415
ft_B,whacamole,10.0,Reconstruction_R2,181,0.9262328147888184,0.8834295868873596,0.9392610788345336,0.5563159584999084,0.9648374915122986,0.5563159584999084,0.9648374915122986,0.6260120868682861,0.9555677771568298
ft_B,whacamole,20.0,Number_of_submovements_per_second,181,5.158826261758804,4.231124371290207,5.705572217702866,1.35909765958786,7.53949910402298,1.35909765958786,7.53949910402298,1.8035731092095375,6.659849435091019
ft_B,whacamole,20.0,Reconstruction_MASE,181,0.21109836,0.19439393,0.2520975,0.13415721,0.80351293,0.13415721,0.80351293,0.15419377,0.6395079
ft_B,whacamole,20.0,Reconstruction_R2,181,0.9541863799095154,0.9117239713668824,0.9664828777313232,0.5801118612289429,0.9835434556007384,0.5801118612289429,0.9835434556007384,0.6441659927368164,0.9799954891204834
ft_B,whacamole,inf,Number_of_submovements_per_second,181,5.621701776981354,4.593248516321182,6.239110082387924,1.5033284202218056,8.289619088172913,1.5033284202218056,8.289619088172913,1.8975386023521423,7.178581058979034
ft_B,whacamole,inf,Reconstruction_MASE,181,0.19193532,0.17531925,0.23073654,0.118270844,0.7900634,0.118270844,0.7900634,0.13607582,0.6129796
ft_B,whacamole,inf,Reconstruction_R2,181,0.956963300704956,0.9137781858444214,0.9694347977638244,0.5823434591293335,0.98806631565094,0.5823434591293335,0.98806631565094,0.6500402688980103,0.9844094514846802
ft_A2,Fitts,10.0,Number_of_submovements_per_second,10,1.6550202576794941,1.2853552494155955,1.8665103085610706,1.1281952955910275,2.2468197494486555,1.0934212222118103,2.343817281061395,1.1153530901918092,2.27815353772894
ft_A2,Fitts,10.0,Reconstruction_MASE,10,0.308934056422175,0.2800623537268525,0.3244577583854167,0.23065469591397852,0.38281957837962965,0.22235431108486947,0.40327998946180554,0.22770174001881724,0.3894041164722222
ft_A2,Fitts,10.0,Reconstruction_R2,10,0.8705243457331356,0.8492594460301377,0.8964974297836337,0.783500854615812,0.9325545551956341,0.7721749193621454,0.939463255631118,0.7799587993882596,0.9350032181737976
ft_A2,Fitts,20.0,Number_of_submovements_per_second,10,1.8898893155110905,1.5657555171790691,2.0944135041522,1.350958892723657,2.4236355867469683,1.313108276277523,2.512061903217626,1.338157752389303,2.454245312239638
ft_A2,Fitts,20.0,Reconstruction_MASE,10,0.2789946891807582,0.2480556287217636,0.2916337336516204,0.20366793924116744,0.354541665787037,0.1965374370024578,0.3718195555341435,0.20116832798033793,0.36028936372222214
ft_A2,Fitts,20.0,Reconstruction_R2,10,0.8842089215411472,0.8696133219809443,0.9073625028453356,0.7975756226590386,0.9415250571642054,0.7855760838629472,0.9483509709918371,0.7935961280432012,0.9438541608197347
ft_A2,Fitts,inf,Number_of_submovements_per_second,10,2.0566216865131084,1.7640051931091305,2.235161416746932,1.5878920554084712,2.582143813617424,1.5450143841339903,2.6690861060099755,1.5727284614249961,2.6090583510489926
ft_A2,Fitts,inf,Reconstruction_MASE,10,0.2750957240654869,0.24610809950056545,0.2866677373321759,0.2000562474101382,0.3536110954861111,0.1928442989970046,0.3705750644780092,0.1975886118702765,0.35893204605497686
ft_A2,Fitts,inf,Reconstruction_R2,10,0.8851870360715034,0.8722820338551645,0.9046217472897575,0.7984139550891187,0.9421928974523706,0.7875851775588537,0.9491704710365806,0.7947212040734788,0.9448999546868826
ft_A2,crank,10.0,Number_of_submovements_per_second,5,5.447715624421835,5.393094043806196,5.486912273615599,5.345898913219571,5.505068273842335,5.263943247254939,5.559977519474924,5.299414856722579,5.5421412425860765
ft_A2,crank,10.0,Reconstruction_MASE,5,0.06895658082,0.06607561058,0.074302179805,0.06299337786499999,0.08552391392499999,0.058713610115500005,0.091525661056875,0.060342616850125,0.08883340772925001
ft_A2,crank,10.0,Reconstruction_R2,5,0.8923635134100913,0.8710437759757041,0.8953602227568627,0.866928533911705,0.9005872079730034,0.8541609993800522,0.9106885704398155,0.8580294703841209,0.9068538296595215
ft_A2,crank,20.0,Number_of_submovements_per_second,5,5.626618763431907,5.587481289356947,5.655277195572853,5.5693776369094845,5.6800480775535105,5.492158951219171,5.7540185504034165,5.524189895354212,5.733639038074762
ft_A2,crank,20.0,Reconstruction_MASE,5,0.05013873420000001,0.046577155855,0.053717182335,0.046485231030000004,0.059563961515,0.043723581679625007,0.06299397809425,0.044272767692375,0.06151389757624999
ft_A2,crank,20.0,Reconstruction_R2,5,0.9298756143450737,0.9209815952181816,0.9303271293640136,0.916432483792305,0.9348044511675835,0.9040072034448385,0.9425180702283978,0.9093096474036574,0.9398413360342384
ft_A2,crank,inf,Number_of_submovements_per_second,5,5.850467488914728,5.818877067044378,5.8534448482096195,5.762055893987418,5.936795487999916,5.692980587091297,6.031105659417808,5.719079469423741,5.992828152962029
ft_A2,crank,inf,Reconstruction_MASE,5,0.06088094731,0.060479661965,0.061971944944999996,0.06043731764,0.06956617387500001,0.05738865343562499,0.072665719610625,0.057780398891125,0.071469233133875
ft_A2,crank,inf,Reconstruction_R2,5,0.8995438367128372,0.8972785753011704,0.9025108399987221,0.8908858218789101,0.9041239994764328,0.8773559761419892,0.9124776397123933,0.8829075066670776,0.9107791336998343
ft_A2,object_moving,10.0,Number_of_submovements_per_second,5,2.570673353620805,2.5452092128107324,2.617130179773085,2.535877345246263,2.8546413491712883,2.368145538531826,3.065733594383346,2.398167727238615,2.9702711042395094
ft_A2,object_moving,10.0,Reconstruction_MASE,5,0.16030667483125,0.1581533644,0.16469528284999999,0.157414244475,0.17239859720625,0.14673275425453125,0.18314095896359373,0.148879802851875,0.17870259010187498
ft_A2,object_moving,10.0,Reconstruction_R2,5,0.9236568838357926,0.9230323132127524,0.9257304448634386,0.9167794547975063,0.9311191216111183,0.9028501029219479,0.9419922600500286,0.9081513009313493,0.9386340100783854
ft_A2,object_moving,20.0,Number_of_submovements_per_second,5,3.3649241987150162,3.3404769035987556,3.428390117129311,3.305256281979382,3.4972436057869345,3.176514535892056,3.650899461546214,3.213231083122082,3.5932263811351732
ft_A2,object_moving,20.0,Reconstruction_MASE,5,0.09231955844999999,0.0921731608125,0.09417152278125,0.0889624968625,0.0964193552125,0.08406542548125001,0.102627150373125,0.085716644540625,0.1005954705221875
ft_A2,object_moving,20.0,Reconstruction_R2,5,0.9761642664670944,0.9739678394049406,0.9766597140580415,0.9728397704660893,0.9769952174276113,0.9635212529450655,0.9807826931308955,0.9677518057171255,0.9797546219360084
ft_A2,object_moving,inf,Number_of_submovements_per_second,5,3.884855173062533,3.877118668751791,3.9690630552358925,3.861649598227814,4.02879071328789,3.704798881884199,4.180276558245533,3.7315075285616333,4.124600577185629
ft_A2,object_moving,inf,Reconstruction_MASE,5,0.09705256657500001,0.09566051720624999,0.10336499877500001,0.09539884426875,0.10564833455625,0.08939433973640626,0.11298595271140625,0.09074316673624999,0.11068066036171874
ft_A2,object_moving,inf,Reconstruction_R2,5,0.9716368153691292,0.9658613745123148,0.971697312220931,0.9653909541666508,0.9730749618262052,0.9566282654274255,0.9764286608528346,0.959607204478234,0.975805141935125
ft_A2,pointing,10.0,Number_of_submovements_per_second,2,0.8791304941140907,0.8636005549942909,0.8946604332338906,0.8480706158744912,0.9101903723536903,0.7987957883931989,0.9614687794839374,0.8082724185765676,0.9540498835098349
ft_A2,pointing,10.0,Reconstruction_MASE,2,0.20131838062500856,0.19818029454292596,0.20445646670709117,0.19504220846084336,0.20759455278917377,0.18945066569472888,0.2139490559757122,0.19035507538569277,0.21296835796581196
ft_A2,pointing,10.0,Reconstruction_R2,2,0.9686531077979486,0.9684290098654182,0.9688772057304789,0.9682049119328878,0.9691013036630093,0.9646457790834717,0.9722079363516253,0.9650093315057008,0.9718172544087352
ft_A2,pointing,20.0,Number_of_submovements_per_second,2,1.6127699086695633,1.5423205210824773,1.6832192962566492,1.4718711334953916,1.753668683843735,1.4123194484995307,1.8222235533862543,1.4205504921875074,1.8102347795875409
ft_A2,pointing,20.0,Reconstruction_MASE,2,0.1546796449663998,0.15176980020458547,0.15758948972821413,0.1488599554427711,0.16049933449002848,0.14378326183313253,0.16560623215242162,0.14443329645512046,0.1648536086351852
ft_A2,pointing,20.0,Reconstruction_R2,2,0.9812317907485928,0.9808823565240522,0.9815812249731335,0.9805329222995115,0.9819306591976742,0.9774798151689121,0.9836354223369193,0.9781167801469564,0.9834639397484285
ft_A2,pointing,inf,Number_of_submovements_per_second,2,2.683179513003444,2.585937195037723,2.780421830969165,2.488694877072002,2.877664148934886,2.404800457804161,2.968070348095881,2.418918707372946,2.950846464986093
ft_A2,pointing,inf,Reconstruction_MASE,2,0.1480299100095982,0.14523143991895573,0.1508283801002407,0.14243296982831324,0.15362685019088318,0.13665946172033133,0.16272265598254987,0.13747205172959337,0.16122375818226498
ft_A2,pointing,inf,Reconstruction_R2,2,0.9773154798390666,0.9765210434239717,0.9781099162541614,0.9757266070088769,0.9789043526692562,0.96977753089449,0.9819754922021943,0.9707392802223181,0.9815976577989228
ft_A2,steering,10.0,Number_of_submovements_per_second,9,2.957018192857504,2.8503549490123987,3.040100796148181,2.6808942016214132,3.4884763173758984,2.6353797250427307,3.565995440259576,2.6646080014295874,3.5170461068395524
ft_A2,steering,10.0,Reconstruction_MASE,9,0.241502673,0.23521326150000005,0.244784355,0.21650162625,0.2615721025,0.21438864951874997,0.2640615024,0.21570477173750002,0.26248782520624997
ft_A2,steering,10.0,Reconstruction_R2,9,0.9426359161734581,0.9409255176782608,0.9442647531628608,0.9356490582227707,0.9516192629933358,0.9336557006463408,0.9531212308630348,0.934870439954102,0.9523866787552834
ft_A2,steering,20.0,Number_of_submovements_per_second,9,4.073540640994906,3.927308963611722,4.250027138739824,3.7473824713379145,4.431829132139683,3.683564158575609,4.500977272074669,3.719334970135242,4.458205676078796
ft_A2,steering,20.0,Reconstruction_MASE,9,0.1503069755,0.14338375925,0.154236115,0.12692011742499998,0.16152577625,0.12473761032562501,0.1633168934375,0.12591083594125,0.16229140554375
ft_A2,steering,20.0,Reconstruction_R2,9,0.9683005243539811,0.9669267177581787,0.973858830332756,0.9625233501195908,0.9790650084614754,0.9608002378046513,0.9798253558203578,0.9618531370535494,0.979468516483903
ft_A2,steering,inf,Number_of_submovements_per_second,9,5.651962090283632,5.199029792100191,5.751613341271877,4.948628682643175,5.875041034072638,4.88410279462114,5.952008294127881,4.926523917540908,5.90212261704728
ft_A2,steering,inf,Reconstruction_MASE,9,0.13781465850000002,0.12813557809999998,0.14045835050000002,0.114278428225,0.1475458735,0.11205273358374998,0.14994260064375,0.113326813591875,0.14846841326875002
ft_A2,steering,inf,Reconstruction_R2,9,0.9704981356859207,0.9696972414851188,0.9764103978872299,0.9645702362060546,0.981077267229557,0.9630642578750849,0.9817489954456687,0.964001972861588,0.9813938765227794
ft_A2,tablet_writing,10.0,Number_of_submovements_per_second,44,6.800446302745662,6.56024913329605,7.1690196899341085,4.280253262259066,8.207389490965467,3.861697319545783,8.54258736819387,4.695341953059489,8.194207333159547
ft_A2,tablet_writing,10.0,Reconstruction_MASE,44,0.37552748044117645,0.35194999745454547,0.40785062592830884,0.29140243416666667,0.5135634035294117,0.26587360551041667,0.5424904673750002,0.30322168688920453,0.49396568080882347
ft_A2,tablet_writing,10.0,Reconstruction_R2,44,0.8084543960935929,0.7956640200400575,0.8284375366839496,0.7299043956924888,0.8723791967738759,0.7042426289004439,0.8989293644825618,0.7269541939595285,0.8747182054953142
ft_A2,tablet_writing,20.0,Number_of_submovements_per_second,44,8.39448489790613,8.080935667779942,8.792832023464143,6.243473868817091,9.55062341876328,5.731672922614962,10.015987564754836,6.564569360379348,9.60978051744258
ft_A2,tablet_writing,20.0,Reconstruction_MASE,44,0.3078125590775401,0.2867121694863637,0.33186066153033084,0.20652374166666668,0.4260503132352941,0.18571835164583333,0.4586652685220588,0.23784625372727278,0.424043194742647
ft_A2,tablet_writing,20.0,Reconstruction_R2,44,0.8578901208937169,0.8445598072626374,0.8748217674300951,0.7881911011303172,0.9278188968698183,0.7590925285483108,0.9413542365034421,0.7823574892855497,0.9199356811967763
ft_A2,tablet_writing,inf,Number_of_submovements_per_second,44,8.872429540171662,8.583983154530731,9.380156077608905,7.178459595888853,9.785675068314259,6.602750430349261,10.29519658448065,7.333717750221052,9.926626909111217
ft_A2,tablet_writing,inf,Reconstruction_MASE,44,0.2972897716545455,0.27010396478141707,0.3186860685637019,0.19547346416666667,0.4133650364705882,0.18015493782291664,0.4463148084338235,0.22038642800000002,0.4127255037647059
ft_A2,tablet_writing,inf,Reconstruction_R2,44,0.8650767417515026,0.8515126667239449,0.8792089404499197,0.7915848265675938,0.9324328526854515,0.7558861880179714,0.9448521701619028,0.7876691160394865,0.9284092748436061
ft_A2,whacamole,10.0,Number_of_submovements_per_second,181,3.478180468082428,2.8742846846580505,3.9084510505199432,1.1760355532169342,4.828605651855469,1.1760355532169342,4.828605651855469,1.2879221141338348,4.44547712802887
ft_A2,whacamole,10.0,Reconstruction_MASE,181,0.30762383,0.28380543,0.34065855,0.21669537,0.7645716,0.21669537,0.7645716,0.24350224,0.65162295
ft_A2,whacamole,10.0,Reconstruction_R2,181,0.9292275905609132,0.8902708292007446,0.9406925439834596,0.589544415473938,0.963692843914032,0.589544415473938,0.963692843914032,0.6589382886886597,0.9602459073066713
ft_A2,whacamole,20.0,Number_of_submovements_per_second,181,4.97547447681427,4.040590524673462,5.494870841503143,1.3258136808872223,7.423080503940582,1.3258136808872223,7.423080503940582,1.656111180782318,6.519693732261658
ft_A2,whacamole,20.0,Reconstruction_MASE,181,0.21187924,0.19413555,0.24749096,0.13308881,0.74658966,0.13308881,0.74658966,0.15870501,0.5731889
ft_A2,whacamole,20.0,Reconstruction_R2,181,0.9568535685539246,0.915270447731018,0.9662482142448424,0.605993926525116,0.985598623752594,0.605993926525116,0.985598623752594,0.6808586716651917,0.9819934368133544
ft_A2,whacamole,inf,Number_of_submovements_per_second,181,5.492371916770935,4.385640174150467,6.1870501935482025,1.436760351061821,8.444772362709045,1.436760351061821,8.444772362709045,1.8092447519302368,7.262200266122818
ft_A2,whacamole,inf,Reconstruction_MASE,181,0.19233525,0.17413232,0.22918764,0.1185694,0.73293966,0.1185694,0.73293966,0.13341072,0.56039786
ft_A2,whacamole,inf,Reconstruction_R2,181,0.959666073322296,0.9195132851600648,0.9698686599731444,0.6104373931884766,0.9872561693191528,0.6104373931884766,0.9872561693191528,0.7034257650375366,0.9839933514595032
ft_B2,Fitts,10.0,Number_of_submovements_per_second,10,1.5940001328615758,1.2998660660964707,1.8425964187675465,1.1335992336290361,2.027773113675519,1.0953375081357886,2.0961419949582907,1.12067488339206,2.0526108528995084
ft_B2,Fitts,10.0,Reconstruction_MASE,10,0.32312410526380353,0.2905954768922634,0.3322667286344368,0.2384327521812596,0.3978815447453704,0.2282183703026114,0.42160416829108804,0.2346672157718894,0.40536084802199074
ft_B2,Fitts,10.0,Reconstruction_R2,10,0.8657776578541709,0.8461949431716844,0.8958952214591708,0.7742477767169476,0.9295328893969136,0.7611418456149598,0.9366758514041176,0.7698829043553108,0.932264272822854
ft_B2,Fitts,20.0,Number_of_submovements_per_second,10,1.7249629963503614,1.5697507305212386,1.8971597289459572,1.3545926958122547,2.2010103532294227,1.31439990413938,2.2698727670358494,1.341008471570012,2.2260161314689966
ft_B2,Fitts,20.0,Reconstruction_MASE,10,0.28607216788429124,0.2534942278661015,0.29616093822235,0.2076097328202765,0.3682946067824074,0.1991856675067588,0.3880307761163194,0.204348630906298,0.37505125289120367
ft_B2,Fitts,20.0,Reconstruction_R2,10,0.8840921329180826,0.8672579156441821,0.9094788612215066,0.7952623317639033,0.9403290604849198,0.7837897889936964,0.9475610185351606,0.7910665643780872,0.9427480515842247
ft_B2,Fitts,inf,Number_of_submovements_per_second,10,1.9669642374103666,1.9187788308959957,2.128290212228118,1.5553517439945435,2.5654350865968607,1.51874920914301,2.6403461660746768,1.5416505193113539,2.591794394614731
ft_B2,Fitts,inf,Reconstruction_MASE,10,0.2803090951347286,0.25132869956460097,0.2919844449421296,0.20493808692012289,0.36329235708333335,0.19722601361021508,0.3828933780827547,0.20211161808851769,0.3699714213275461
ft_B2,Fitts,inf,Reconstruction_R2,10,0.8837290644304889,0.8701279015038852,0.9065647566793886,0.7882622312064524,0.9400596727607071,0.7757538718171417,0.9472004989370956,0.7843445162599285,0.942706200359146
ft_B2,crank,10.0,Number_of_submovements_per_second,5,4.712268113717437,4.694080729410052,4.720188170671463,4.5711616728454825,4.720439653471113,4.495620527565479,4.77472522655502,4.527856250060722,4.7693131684139365
ft_B2,crank,10.0,Reconstruction_MASE,5,0.071175348445,0.068379359465,0.07470118482,0.06539913288,0.08899251939500001,0.06155126161362501,0.09477349040962499,0.06297525568199999,0.09240803034012501
ft_B2,crank,10.0,Reconstruction_R2,5,0.8875217717885971,0.8775918263196946,0.8932330861687661,0.8695870599150658,0.8945814153552055,0.8598249814882875,0.9043580538257956,0.8640187481641769,0.9016082144007087
ft_B2,crank,20.0,Number_of_submovements_per_second,5,5.133914885669947,5.104853755608201,5.17761961966753,5.082674536854029,5.258637925609946,5.003182450029999,5.3354676039889455,5.02426240934059,5.301841166233644
ft_B2,crank,20.0,Reconstruction_MASE,5,0.051328364855,0.049002916325,0.05610688389,0.04829165334,0.06160963162,0.04544281744237501,0.06463861508875,0.046377687010625,0.06343005257124999
ft_B2,crank,20.0,Reconstruction_R2,5,0.9211424249410629,0.9168233424425125,0.9233994174003601,0.9113100031018257,0.9321488779783249,0.9001704936772584,0.9412838769108057,0.9046666304990649,0.9374247047826648
ft_B2,crank,inf,Number_of_submovements_per_second,5,5.323436927050352,5.272902087494731,5.374258907139302,5.2184525460004805,5.442149714380503,5.155626032631844,5.525022734440864,5.181024593487382,5.493256478570402
ft_B2,crank,inf,Reconstruction_MASE,5,0.060597888125,0.057607593655000004,0.061880453550000006,0.05641513158499999,0.06686899031999999,0.05362736408225001,0.07003902087975,0.05462161353587501,0.068671354274875
ft_B2,crank,inf,Reconstruction_R2,5,0.898517311513424,0.8973567119240761,0.9083015534281731,0.8799264231324195,0.9107710620760918,0.865626174814999,0.918489387601614,0.8716277643665672,0.9166201243102551
ft_B2,object_moving,10.0,Number_of_submovements_per_second,5,2.190178338554688,2.16379390808288,2.223154764971696,2.141677746316418,2.271134092938155,2.0196856030554047,2.4168431779718955,2.0416862460173433,2.373764233547263
ft_B2,object_moving,10.0,Reconstruction_MASE,5,0.16450215425625,0.15963577176250002,0.1662460335625,0.15853213070625,0.16841066033125002,0.14683394237640623,0.18145552837453124,0.14949617911671875,0.178535190060625
ft_B2,object_moving,10.0,Reconstruction_R2,5,0.9143727578222751,0.9143497727811336,0.9193886980414391,0.9136611558496952,0.9271608017385006,0.89021754398942,0.9399024326633663,0.8945610411092638,0.9367500972747803
ft_B2,object_moving,20.0,Number_of_submovements_per_second,5,3.042300903936848,3.0362847957294434,3.0548130209790543,3.032477759756148,3.0647169307339936,2.8901739506225566,3.215361196431331,2.905200830893591,3.1870764366933146
ft_B2,object_moving,20.0,Reconstruction_MASE,5,0.0989678050875,0.0971460982125,0.0995628179375,0.095685341425,0.10118612188125001,0.08988137701500001,0.10877468697531249,0.09115691621640626,0.10704035796234375
ft_B2,object_moving,20.0,Reconstruction_R2,5,0.9688022620975971,0.9686113104224205,0.9697753369808197,0.9683360304683447,0.9738804213702679,0.9598161097243428,0.9775614302884787,0.9611681855656207,0.976546625951305
ft_B2,object_moving,inf,Number_of_submovements_per_second,5,3.725498197367415,3.6842640666291118,3.7266136973630637,3.6622718072030693,3.7523060843814164,3.516157606296474,3.8977301118546164,3.5468474817462265,3.8775915775098837
ft_B2,object_moving,inf,Reconstruction_MASE,5,0.1007626459875,0.09804534628750002,0.10453442475625,0.09653432725,0.10618943644375001,0.08971311950734376,0.11421429321671875,0.09187174201203124,0.11132428604296873
ft_B2,object_moving,inf,Reconstruction_R2,5,0.9684800833463669,0.9662126865237951,0.969047463312745,0.9640123564749956,0.9692167457193136,0.9548921706154943,0.9768442694656552,0.95732600774616,0.9756976940575987
ft_B2,pointing,10.0,Number_of_submovements_per_second,2,0.8623992883558194,0.8361169587928756,0.888681617918763,0.809834629229932,0.9149639474817066,0.7618841216822312,0.9684603360011919,0.7700647800566112,0.9598168012642294
ft_B2,pointing,10.0,Reconstruction_MASE,2,0.2089898975322229,0.2058264421245452,0.21215335293990065,0.2026629867168675,0.21531680834757835,0.19615365078765057,0.22095052600712256,0.19713664373945777,0.22008764111680912
ft_B2,pointing,10.0,Reconstruction_R2,2,0.9655434548521338,0.9648501978055402,0.9662367118987275,0.9641569407589464,0.9669299689453212,0.9595003028905176,0.9698564835550779,0.9606110172952155,0.96937288320557
ft_B2,pointing,20.0,Number_of_submovements_per_second,2,1.6382777293564872,1.5675462537436065,1.7090092049693677,1.496814778130726,1.7797406805822482,1.4310516871158483,1.839679325536753,1.4430510446482552,1.8303007395842519
ft_B2,pointing,20.0,Reconstruction_MASE,2,0.16147983564012888,0.15799722430349816,0.1649624469767596,0.15451461296686744,0.16844505831339032,0.1487753997693524,0.17603519800961537,0.1497474340107681,0.1746446744665242
ft_B2,pointing,20.0,Reconstruction_R2,2,0.9778155047835604,0.9773015363007437,0.978329473266377,0.9767875678179271,0.9788434417491936,0.9706974209034206,0.9815384395781406,0.9719320981208756,0.9813783781268657
ft_B2,pointing,inf,Number_of_submovements_per_second,2,2.599854270200704,2.5229195874050725,2.6767889529963362,2.445984904609441,2.753723635791968,2.3629388454109317,2.83390295269111,2.37787367861875,2.8215562901419835
ft_B2,pointing,inf,Reconstruction_MASE,2,0.14773927984745822,0.1473580174478255,0.14812054224709092,0.14697675504819277,0.14850180464672366,0.1406039612384036,0.15505839071103988,0.14126585206739456,0.15460527189024217
ft_B2,pointing,inf,Reconstruction_R2,2,0.978355801112302,0.9772612573007047,0.9794503449238994,0.9761667134891073,0.9805448887354967,0.9714432201920503,0.9832735078414621,0.972345842021596,0.9828719476137066
ft_B2,steering,10.0,Number_of_submovements_per_second,9,3.020328249782324,2.952825341373682,3.1659750267863274,2.725705225020647,3.6758339647203684,2.67999198557809,3.7544256253167987,2.7084541854914277,3.7051872918382287
ft_B2,steering,10.0,Reconstruction_MASE,9,0.24834954050000002,0.24488765875000001,0.25574227725,0.22556080225000003,0.26638073525,0.22319797051249998,0.26921683074999997,0.22465827518749995,0.2674068103125
ft_B2,steering,10.0,Reconstruction_R2,9,0.9372539401054383,0.9365790635347366,0.940244571864605,0.9301469996571541,0.9474776431918144,0.9284836660698056,0.9490998411551118,0.9295114420726895,0.9481682106852531
ft_B2,steering,20.0,Number_of_submovements_per_second,9,4.057417089119554,3.896198406815529,4.271968301385641,3.735173776745796,4.555617246776819,3.684873838350177,4.646599573642016,3.71396601581946,4.589954714756459
ft_B2,steering,20.0,Reconstruction_MASE,9,0.1545312005,0.14351236900000003,0.1575850165,0.12855013452500003,0.16275721575,0.12644628704375,0.16545378945,0.127490012204375,0.16420834906249998
ft_B2,steering,20.0,Reconstruction_R2,9,0.9680614814162254,0.9662508919835091,0.9735419809818268,0.9617674559354782,0.9786775261163712,0.9601024990156294,0.9794894558191299,0.9611354937776924,0.9791660950705409
ft_B2,steering,inf,Number_of_submovements_per_second,9,5.3001978546381,5.066098686307669,5.465720470994711,4.7111162804067135,5.6475234143435955,4.653302941191941,5.727057974226772,4.687888768315315,5.681266505364329
ft_B2,steering,inf,Reconstruction_MASE,9,0.136509187375,0.12504606215,0.139026082,0.11091627045,0.1460437695,0.10895876298750001,0.14838902118125,0.110096238240625,0.14696167635000001
ft_B2,steering,inf,Reconstruction_R2,9,0.9717258274555206,0.9699073120951652,0.9769112661480903,0.9656482174992561,0.9820448353886604,0.9643728574365378,0.9826286456733943,0.9650990252196789,0.9823722444847226
ft_B2,tablet_writing,10.0,Number_of_submovements_per_second,44,7.697788650060401,7.271254874158272,8.11599541675638,4.350405307486653,9.305260654210167,3.897144264774397,9.68863365448573,4.8394330969249655,9.262051928569289
ft_B2,tablet_writing,10.0,Reconstruction_MASE,44,0.3764932882688817,0.3564503406363636,0.3992630079181985,0.28460904375,0.497376900882353,0.25791081615625,0.5306880196691177,0.3034719162863636,0.4866046827058823
ft_B2,tablet_writing,10.0,Reconstruction_R2,44,0.8157791765217475,0.8059168930016333,0.8262608430602334,0.7404790012275472,0.8813793038328489,0.7137367507990668,0.9007868001858393,0.7368737171861258,0.8752872484109618
ft_B2,tablet_writing,20.0,Number_of_submovements_per_second,44,8.859799762211619,8.487615393608381,9.356431019118922,6.140117207542062,10.426989828839021,5.649272308219224,10.874002234681564,6.498587013797506,10.360679942932258
ft_B2,tablet_writing,20.0,Reconstruction_MASE,44,0.31258651554208755,0.28385726330725525,0.33136675389527925,0.21035339416666665,0.41976932588235294,0.1886100273229167,0.45056998358823525,0.22718124885416668,0.41674457544852933
ft_B2,tablet_writing,20.0,Reconstruction_R2,44,0.8592272223096602,0.8471349603352062,0.8724619313158135,0.7907906840829289,0.9228396589557329,0.7655861232210609,0.9433355093002319,0.7896121508480712,0.9204935129731893
ft_B2,tablet_writing,inf,Number_of_submovements_per_second,44,9.250415812301284,8.944855786360703,9.670037975778833,7.2790873225997474,10.820981115102768,6.804402923677117,11.33474188122679,7.337259893499833,10.698341748639265
ft_B2,tablet_writing,inf,Reconstruction_MASE,44,0.29586920111928106,0.27439781793304197,0.3171149429872159,0.20806042791666668,0.4103000029411764,0.18502112384375002,0.4392349199117647,0.224361221925,0.40378909081617637
ft_B2,tablet_writing,inf,Reconstruction_R2,44,0.8663748396951475,0.8543176327037627,0.8782212813270284,0.8005718413521262,0.9204213122526804,0.7762819528141442,0.9431860327720643,0.797728056776173,0.9220740931108594
ft_B2,whacamole,10.0,Number_of_submovements_per_second,181,3.6162085086107254,2.969087138772011,4.081330597400665,1.279342733323574,5.338630378246307,1.279342733323574,5.338630378246307,1.5000000223517418,4.685936719179153
ft_B2,whacamole,10.0,Reconstruction_MASE,181,0.31489497,0.28877047,0.34747568,0.22419278,0.87480426,0.22419278,0.87480426,0.24553722,0.6796685
ft_B2,whacamole,10.0,Reconstruction_R2,181,0.9260494112968444,0.8845503330230713,0.938154935836792,0.5758395195007324,0.962790846824646,0.5758395195007324,0.962790846824646,0.6467204093933105,0.9596098065376282
ft_B2,whacamole,20.0,Number_of_submovements_per_second,181,5.17547070980072,4.234317094087601,5.683100670576096,1.3701922819018364,7.689180672168732,1.3701922819018364,7.689180672168732,1.7773324996232986,6.6167499125003815
ft_B2,whacamole,20.0,Reconstruction_MASE,181,0.21220523,0.19448632,0.25370836,0.13489394,0.76602453,0.13489394,0.76602453,0.15569259,0.64120424
ft_B2,whacamole,20.0,Reconstruction_R2,181,0.9540882110595704,0.9132396578788756,0.9659324884414672,0.5975875854492188,0.9862689971923828,0.5975875854492188,0.9862689971923828,0.658635139465332,0.9809192419052124
ft_B2,whacamole,inf,Number_of_submovements_per_second,181,5.591576546430588,4.563286453485489,6.227678507566452,1.4478550851345062,8.261913657188416,1.4478550851345062,8.261913657188416,1.9194180518388748,7.179487198591232
ft_B2,whacamole,inf,Reconstruction_MASE,181,0.19450833,0.17588449,0.23401424,0.117290914,0.75765526,0.117290914,0.75765526,0.13691525,0.6239193
ft_B2,whacamole,inf,Reconstruction_R2,181,0.9573906064033508,0.9155688285827636,0.969798505306244,0.5997980833053589,0.9885715842247008,0.5997980833053589,0.9885715842247008,0.6874025464057922,0.98368501663208
