checkpoint,domain,group,metric,mean,lower,upper,n_units,unit
pre_released,synthetic,all,Reconstruction_R2,0.9839326364324532,0.9834336124525483,0.9844403627228329,4608,trial
pre_released,synthetic,all,Reconstruction_MASE,0.09499381674363071,0.09331892632470853,0.09671219085163708,4608,trial
pre_released,synthetic,all,Onset_Precision,0.8065510584817941,0.8023627617805402,0.8105957061349931,4608,trial
pre_released,synthetic,all,Onset_Recall,0.896322967475904,0.8928543801742252,0.8999730033131227,4608,trial
pre_released,synthetic,all,Onset_F1,0.8465816292104574,0.8428715972339247,0.850274298760752,4608,trial
pre_released,synthetic,all,Onset_Distance,0.8247129524158386,0.8068403973506642,0.8420626832795688,4608,trial
pre_released,synthetic,all,Amplitude_R2,0.8420984507538378,0.8361267455303782,0.8478650928248599,4608,trial
pre_released,synthetic,all,Duration_R2,0.8112593450997438,0.8037916150422664,0.8185361340920079,4608,trial
pre_released,synthetic,all,Number_of_submovements_per_second,2.990664194585406,2.946912890792494,3.0360173861990916,4608,trial
pre_released,synthetic,snr10_refr0.0-0.5,Reconstruction_R2,0.9483333025127649,0.9469734662532574,0.9495985077461228,512,trial
pre_released,synthetic,snr10_refr0.0-0.5,Reconstruction_MASE,0.20613263672566973,0.20417555826716124,0.20818242661989644,512,trial
pre_released,synthetic,snr10_refr0.0-0.5,Onset_Precision,0.5933999902760361,0.5891992963535855,0.5976866387661255,512,trial
pre_released,synthetic,snr10_refr0.0-0.5,Onset_Recall,0.633712690171218,0.6280098265520411,0.6391417824335986,512,trial
pre_released,synthetic,snr10_refr0.0-0.5,Onset_F1,0.611334337685058,0.6072458580982558,0.6156988524827085,512,trial
pre_released,synthetic,snr10_refr0.0-0.5,Onset_Distance,1.8067385945144325,1.7883183531427822,1.8246908785134577,512,trial
pre_released,synthetic,snr10_refr0.0-0.5,Amplitude_R2,0.4417770740110427,0.4341976477444405,0.44873958340322134,512,trial
pre_released,synthetic,snr10_refr0.0-0.5,Duration_R2,0.22527780197560787,0.21177447147201747,0.23894015440309885,512,trial
pre_released,synthetic,snr10_refr0.0-0.5,Number_of_submovements_per_second,4.774570526060415,4.734723850280716,4.817352759968344,512,trial
pre_released,synthetic,snr10_refr0.5-1.0,Reconstruction_R2,0.9711900729453191,0.9702714669838315,0.9721511781506706,512,trial
pre_released,synthetic,snr10_refr0.5-1.0,Reconstruction_MASE,0.15122030324710067,0.1495817239923781,0.1528306344142038,512,trial
pre_released,synthetic,snr10_refr0.5-1.0,Onset_Precision,0.6790961517481062,0.673131402811438,0.684864853352018,512,trial
pre_released,synthetic,snr10_refr0.5-1.0,Onset_Recall,0.9000701505137352,0.8957702295348134,0.9046142416739787,512,trial
pre_released,synthetic,snr10_refr0.5-1.0,Onset_F1,0.772225021218817,0.7676273808760761,0.777186870304661,512,trial
pre_released,synthetic,snr10_refr0.5-1.0,Onset_Distance,1.3795226342984486,1.3607420947820037,1.3988573392165589,512,trial
pre_released,synthetic,snr10_refr0.5-1.0,Amplitude_R2,0.9118989399867132,0.9076089070789749,0.9161654740542872,512,trial
pre_released,synthetic,snr10_refr0.5-1.0,Duration_R2,0.864214698667638,0.8564364869467681,0.8718714898190228,512,trial
pre_released,synthetic,snr10_refr0.5-1.0,Number_of_submovements_per_second,2.9035548187675886,2.8740206376496644,2.9321515000374347,512,trial
pre_released,synthetic,snr10_refr1-1.5,Reconstruction_R2,0.9864002206595615,0.9856741055118619,0.987041142032831,512,trial
pre_released,synthetic,snr10_refr1-1.5,Reconstruction_MASE,0.1107857746683294,0.10928495726911933,0.11231007327842235,512,trial
pre_released,synthetic,snr10_refr1-1.5,Onset_Precision,0.8094344522090539,0.8016141447589705,0.8173030284121678,512,trial
pre_released,synthetic,snr10_refr1-1.5,Onset_Recall,0.9533697571630696,0.9490529310429239,0.9573771471071053,512,trial
pre_released,synthetic,snr10_refr1-1.5,Onset_F1,0.8730112811095176,0.8675173153309549,0.8785083138951241,512,trial
pre_released,synthetic,snr10_refr1-1.5,Onset_Distance,1.0251483458398734,1.0057900736217464,1.0455300657617594,512,trial
pre_released,synthetic,snr10_refr1-1.5,Amplitude_R2,0.9713132214965299,0.9681456208490999,0.9742556163080736,512,trial
pre_released,synthetic,snr10_refr1-1.5,Duration_R2,0.9424771410413086,0.9362404900195542,0.9481368887092685,512,trial
pre_released,synthetic,snr10_refr1-1.5,Number_of_submovements_per_second,1.5885938056453597,1.5713672446599958,1.6054717340230127,512,trial
pre_released,synthetic,snr20_refr0.0-0.5,Reconstruction_R2,0.9753643810981885,0.9744004299747757,0.9762457349919714,512,trial
pre_released,synthetic,snr20_refr0.0-0.5,Reconstruction_MASE,0.12822604268149007,0.12663754806380895,0.12982339824739028,512,trial
pre_released,synthetic,snr20_refr0.0-0.5,Onset_Precision,0.6674109882957789,0.6628442326258439,0.6715878114240329,512,trial
pre_released,synthetic,snr20_refr0.0-0.5,Onset_Recall,0.7329639652137391,0.7277129932796909,0.7380737131645558,512,trial
pre_released,synthetic,snr20_refr0.0-0.5,Onset_F1,0.6972849991559532,0.6933614961440678,0.7012265006301571,512,trial
pre_released,synthetic,snr20_refr0.0-0.5,Onset_Distance,1.4208230513749558,1.4034291995743526,1.4388129544970971,512,trial
pre_released,synthetic,snr20_refr0.0-0.5,Amplitude_R2,0.5720738006057218,0.565153973212,0.5788763405260398,512,trial
pre_released,synthetic,snr20_refr0.0-0.5,Duration_R2,0.5487879146821797,0.5388397026108578,0.5596985476004193,512,trial
pre_released,synthetic,snr20_refr0.0-0.5,Number_of_submovements_per_second,4.914726780261844,4.871478727116482,4.9576261911897745,512,trial
pre_released,synthetic,snr20_refr0.5-1.0,Reconstruction_R2,0.9933361756848171,0.9927052507438929,0.9938510770880384,512,trial
pre_released,synthetic,snr20_refr0.5-1.0,Reconstruction_MASE,0.06330457961303182,0.06231456162058748,0.06439640801836503,512,trial
pre_released,synthetic,snr20_refr0.5-1.0,Onset_Precision,0.8586092112884565,0.8533804575816656,0.8636817075903667,512,trial
pre_released,synthetic,snr20_refr0.5-1.0,Onset_Recall,0.974497527532866,0.9720819264704327,0.9768664846993955,512,trial
pre_released,synthetic,snr20_refr0.5-1.0,Onset_F1,0.911844007670829,0.9085085758936122,0.9150406769163775,512,trial
pre_released,synthetic,snr20_refr0.5-1.0,Onset_Distance,0.6724602503485819,0.6595833145000062,0.6866203180426333,512,trial
pre_released,synthetic,snr20_refr0.5-1.0,Amplitude_R2,0.9734034735010937,0.970589217406814,0.9761111621599412,512,trial
pre_released,synthetic,snr20_refr0.5-1.0,Duration_R2,0.9660653491737321,0.9630290516652167,0.9690220885036979,512,trial
pre_released,synthetic,snr20_refr0.5-1.0,Number_of_submovements_per_second,2.478867301324499,2.4561329275256867,2.5020733568908327,512,trial
pre_released,synthetic,snr20_refr1-1.5,Reconstruction_R2,0.997951953439042,0.9976830448315013,0.9981584373716033,512,trial
pre_released,synthetic,snr20_refr1-1.5,Reconstruction_MASE,0.03950982183232554,0.038876391863323076,0.04016475586922752,512,trial
pre_released,synthetic,snr20_refr1-1.5,Onset_Precision,0.9423953488750219,0.9376236349117506,0.9470513082864174,512,trial
pre_released,synthetic,snr20_refr1-1.5,Onset_Recall,0.9922235561717514,0.9903120137639975,0.9939823336060889,512,trial
pre_released,synthetic,snr20_refr1-1.5,Onset_F1,0.9658396415771362,0.9630454182916818,0.9685153709199806,512,trial
pre_released,synthetic,snr20_refr1-1.5,Onset_Distance,0.3589612969470247,0.3470762091394843,0.37096614719122795,512,trial
pre_released,synthetic,snr20_refr1-1.5,Amplitude_R2,0.9937273133546114,0.9922332598915091,0.9951019345055101,512,trial
pre_released,synthetic,snr20_refr1-1.5,Duration_R2,0.9894060950027779,0.9874177241901634,0.9913852919329657,512,trial
pre_released,synthetic,snr20_refr1-1.5,Number_of_submovements_per_second,1.4108203706564382,1.3982813104557863,1.4228965422462352,512,trial
pre_released,synthetic,snrinf_refr0.0-0.5,Reconstruction_R2,0.9852115360554308,0.9846182384440908,0.9858105989056639,512,trial
pre_released,synthetic,snrinf_refr0.0-0.5,Reconstruction_MASE,0.09689830624847673,0.0956145712545549,0.09817811711000103,512,trial
pre_released,synthetic,snrinf_refr0.0-0.5,Onset_Precision,0.755882725101342,0.7520806953319226,0.7596801032655661,512,trial
pre_released,synthetic,snrinf_refr0.0-0.5,Onset_Recall,0.8821855918918695,0.8788797353965719,0.8853974195806886,512,trial
pre_released,synthetic,snrinf_refr0.0-0.5,Onset_F1,0.8132506331439199,0.8103656934993363,0.8161485341557968,512,trial
pre_released,synthetic,snrinf_refr0.0-0.5,Onset_Distance,0.703799697590586,0.6921154547195733,0.715826325936367,512,trial
pre_released,synthetic,snrinf_refr0.0-0.5,Amplitude_R2,0.7220701351761818,0.7153168771852506,0.7288259210501564,512,trial
pre_released,synthetic,snrinf_refr0.0-0.5,Duration_R2,0.7728147407760844,0.766751899724477,0.7793042829172918,512,trial
pre_released,synthetic,snrinf_refr0.0-0.5,Number_of_submovements_per_second,5.230195548792835,5.184375234239269,5.274964111216832,512,trial
pre_released,synthetic,snrinf_refr0.5-1.0,Reconstruction_R2,0.9983131057815626,0.9981769360514591,0.9984332598047331,512,trial
pre_released,synthetic,snrinf_refr0.5-1.0,Reconstruction_MASE,0.03237099516263697,0.03188590360196031,0.03286905776249114,512,trial
pre_released,synthetic,snrinf_refr0.5-1.0,Onset_Precision,0.9550359258803132,0.9520380743297653,0.958198208575863,512,trial
pre_released,synthetic,snrinf_refr0.5-1.0,Onset_Recall,0.9979862646775193,0.997336522292945,0.9985813479969747,512,trial
pre_released,synthetic,snrinf_refr0.5-1.0,Onset_F1,0.9756820656139121,0.9740723434857773,0.9773698231174976,512,trial
pre_released,synthetic,snrinf_refr0.5-1.0,Onset_Distance,0.050926841952110474,0.04718855015704684,0.05453554535958474,512,trial
pre_released,synthetic,snrinf_refr0.5-1.0,Amplitude_R2,0.9945110451662913,0.9935437699779868,0.9953702529746806,512,trial
pre_released,synthetic,snrinf_refr0.5-1.0,Duration_R2,0.9940174887888134,0.9930378388875397,0.994843356878846,512,trial
pre_released,synthetic,snrinf_refr0.5-1.0,Number_of_submovements_per_second,2.2757813458156306,2.257962978908836,2.2937139680161636,512,trial
pre_released,synthetic,snrinf_refr1-1.5,Reconstruction_R2,0.999292979715392,0.999274190844153,0.9993111014773604,512,trial
pre_released,synthetic,snrinf_refr1-1.5,Reconstruction_MASE,0.02649589051361545,0.0261956618588556,0.026800694221401498,512,trial
pre_released,synthetic,snrinf_refr1-1.5,Onset_Precision,0.9976947326620391,0.9967402108972888,0.9985599122839909,512,trial
pre_released,synthetic,snrinf_refr1-1.5,Onset_Recall,0.9998972039473684,0.9996916118421053,1.0,512,trial
pre_released,synthetic,snrinf_refr1-1.5,Onset_F1,0.998762675718975,0.9982728067105407,0.9992315170282872,512,trial
pre_released,synthetic,snrinf_refr1-1.5,Onset_Distance,0.004035858876534197,0.002833847801138248,0.005332045850170818,512,trial
pre_released,synthetic,snrinf_refr1-1.5,Amplitude_R2,0.9981110534863546,0.9974299240624532,0.9986698157095816,512,trial
pre_released,synthetic,snrinf_refr1-1.5,Duration_R2,0.9982728757895529,0.9975452823826345,0.998832225924707,512,trial
pre_released,synthetic,snrinf_refr1-1.5,Number_of_submovements_per_second,1.338867253944045,1.329023505528312,1.347890690090935,512,trial
pre_released,organic,Fitts/snrinf,Reconstruction_R2,0.9302508337050677,0.8960652947425842,0.9477451629936694,10,participant
pre_released,organic,Fitts/snrinf,Reconstruction_MASE,0.22856877755373717,0.21029402315616608,0.2640253871679305,10,participant
pre_released,organic,Fitts/snrinf,Number_of_submovements_per_second,1.80511969903484,1.5440469668246808,2.0586472749710083,10,participant
pre_released,organic,Fitts/snr20,Reconstruction_R2,0.9258349462151527,0.9053740799427032,0.9434126615524292,10,participant
pre_released,organic,Fitts/snr20,Reconstruction_MASE,0.22827759962528943,0.2097054596990347,0.2577277898788452,10,participant
pre_released,organic,Fitts/snr20,Number_of_submovements_per_second,1.7939984970912337,1.4770017103292052,2.222222238779068,10,participant
pre_released,organic,Fitts/snr10,Reconstruction_R2,0.9187351569682359,0.8867960706353187,0.9425112925469875,10,participant
pre_released,organic,Fitts/snr10,Reconstruction_MASE,0.2531922152787447,0.23376115635037423,0.2737838923931122,10,participant
pre_released,organic,Fitts/snr10,Number_of_submovements_per_second,1.7283514475170523,1.4516128599643707,2.0735211297869682,10,participant
pre_released,organic,crank/snrinf,Reconstruction_R2,0.7282051761001348,0.6710408926010132,0.7846522927284241,5,participant
pre_released,organic,crank/snrinf,Reconstruction_MASE,0.113949905321002,0.11040345579385757,0.11993341147899628,5,participant
pre_released,organic,crank/snrinf,Number_of_submovements_per_second,4.464167925417423,4.213519915938377,4.738461524248123,5,participant
pre_released,organic,crank/snr20,Reconstruction_R2,0.697413229316473,0.63312828540802,0.7495458722114563,5,participant
pre_released,organic,crank/snr20,Reconstruction_MASE,0.11557356534153224,0.11081686615943909,0.12062291614711285,5,participant
pre_released,organic,crank/snr20,Number_of_submovements_per_second,3.759845586195588,3.6335664242506027,3.999999761581421,5,participant
pre_released,organic,crank/snr10,Reconstruction_R2,0.5959999710321426,0.552527517080307,0.6431036591529846,5,participant
pre_released,organic,crank/snr10,Reconstruction_MASE,0.13822379016131162,0.13291151821613312,0.14668362662196158,5,participant
pre_released,organic,crank/snr10,Number_of_submovements_per_second,3.2911584541015326,3.160221129655838,3.384615182876587,5,participant
pre_released,organic,object_moving/snrinf,Reconstruction_R2,0.9727047778218985,0.9639228582382202,0.9789398312568665,5,participant
pre_released,organic,object_moving/snrinf,Reconstruction_MASE,0.10373377642780543,0.09213138371706009,0.11386090517044067,5,participant
pre_released,organic,object_moving/snrinf,Number_of_submovements_per_second,4.906240816377103,4.500000178813934,5.217391401529312,5,participant
pre_released,organic,object_moving/snr20,Reconstruction_R2,0.9689896187782288,0.9619335532188416,0.9735428720712661,5,participant
pre_released,organic,object_moving/snr20,Reconstruction_MASE,0.11232446164637803,0.10311178863048553,0.12643839418888092,5,participant
pre_released,organic,object_moving/snr20,Number_of_submovements_per_second,3.0051110362261535,2.823529466986656,3.450099192559719,5,participant
pre_released,organic,object_moving/snr10,Reconstruction_R2,0.9468152523934841,0.9367719016969204,0.9545229077339172,5,participant
pre_released,organic,object_moving/snr10,Reconstruction_MASE,0.15061201349645853,0.13914120197296143,0.16852043569087982,5,participant
pre_released,organic,object_moving/snr10,Number_of_submovements_per_second,2.351562738083303,2.1176471561193466,2.5263158977031708,5,participant
pre_released,organic,pointing/snrinf,Reconstruction_R2,0.9832021604627371,0.9782600104808807,0.9865783154964447,2,participant
pre_released,organic,pointing/snrinf,Reconstruction_MASE,0.14898456776887178,0.14133481681346893,0.15906664729118347,2,participant
pre_released,organic,pointing/snrinf,Number_of_submovements_per_second,3.918296735342592,3.4285714477300644,4.372541159391403,2,participant
pre_released,organic,pointing/snr20,Reconstruction_R2,0.9829220453351736,0.9790027141571045,0.9858481287956238,2,participant
pre_released,organic,pointing/snr20,Reconstruction_MASE,0.15839361166208982,0.1482883103191853,0.16616475582122803,2,participant
pre_released,organic,pointing/snr20,Number_of_submovements_per_second,1.8874299837090076,1.7267080955207348,2.086956426501274,2,participant
pre_released,organic,pointing/snr10,Reconstruction_R2,0.977244837448001,0.9736666083335876,0.9811575412750244,2,participant
pre_released,organic,pointing/snr10,Reconstruction_MASE,0.18947665975242853,0.1809549480676651,0.19936159253120422,2,participant
pre_released,organic,pointing/snr10,Number_of_submovements_per_second,1.0849393758829684,0.9302325546741486,1.4576612412929526,2,participant
pre_released,organic,steering/snrinf,Reconstruction_R2,0.9644683965444565,0.9595391750335693,0.971102237701416,9,participant
pre_released,organic,steering/snrinf,Reconstruction_MASE,0.16186578939855098,0.14506127275526526,0.1714317500591278,9,participant
pre_released,organic,steering/snrinf,Number_of_submovements_per_second,5.8063719879090785,5.505574196577072,5.979302734136581,9,participant
pre_released,organic,steering/snr20,Reconstruction_R2,0.9629091504961252,0.9584392040967942,0.9695042774081231,9,participant
pre_released,organic,steering/snr20,Reconstruction_MASE,0.17200582958757876,0.1592555195093155,0.17828849256038665,9,participant
pre_released,organic,steering/snr20,Number_of_submovements_per_second,4.261935527287424,4.057005867362022,4.472801752388476,9,participant
pre_released,organic,steering/snr10,Reconstruction_R2,0.9424646803885698,0.9377128481864929,0.9483141303062439,9,participant
pre_released,organic,steering/snr10,Reconstruction_MASE,0.23931285736709834,0.22252652049064636,0.25098028779029846,9,participant
pre_released,organic,steering/snr10,Number_of_submovements_per_second,3.502375333663076,3.3118531107902527,3.699590787291527,9,participant
pre_released,organic,tablet_writing/snrinf,Reconstruction_R2,0.8446470834761858,0.8186588242650032,0.8644988536834717,41,participant
pre_released,organic,tablet_writing/snrinf,Reconstruction_MASE,0.32391861537098887,0.2989359624683857,0.36050915718078613,41,participant
pre_released,organic,tablet_writing/snrinf,Number_of_submovements_per_second,8.762511791959405,8.181818425655365,9.151477687060831,41,participant
pre_released,organic,tablet_writing/snr20,Reconstruction_R2,0.8362190604805947,0.8036378622055054,0.8615294694900513,41,participant
pre_released,organic,tablet_writing/snr20,Reconstruction_MASE,0.34263468492031096,0.31388556957244873,0.37972207292914384,41,participant
pre_released,organic,tablet_writing/snr20,Number_of_submovements_per_second,8.292103468850256,7.912088334560394,8.716757923364638,41,participant
pre_released,organic,tablet_writing/snr10,Reconstruction_R2,0.7975183346867561,0.7669967710971832,0.8185082010924815,41,participant
pre_released,organic,tablet_writing/snr10,Reconstruction_MASE,0.3965333247631788,0.37329041957855225,0.4206642508506775,41,participant
pre_released,organic,tablet_writing/snr10,Number_of_submovements_per_second,7.803395621292293,7.31707289814949,8.212951675057411,41,participant
pre_released,organic,whacamole/snrinf,Reconstruction_R2,0.9428724196106195,0.9286466240882874,0.9508033990859985,176,participant
pre_released,organic,whacamole/snrinf,Reconstruction_MASE,0.2341197635680437,0.22390791773796082,0.24651221930980682,176,participant
pre_released,organic,whacamole/snrinf,Number_of_submovements_per_second,4.955943416878581,4.553942978382111,5.188949257135391,176,participant
pre_released,organic,whacamole/snr20,Reconstruction_R2,0.938575620919466,0.924788023531437,0.9470904171466827,176,participant
pre_released,organic,whacamole/snr20,Reconstruction_MASE,0.2557370776236057,0.24595573544502258,0.2691110074520111,176,participant
pre_released,organic,whacamole/snr20,Number_of_submovements_per_second,4.403560683131218,4.127219170331955,4.688810482621193,176,participant
pre_released,organic,whacamole/snr10,Reconstruction_R2,0.9128069630414247,0.8979995846748352,0.9206551313400269,176,participant
pre_released,organic,whacamole/snr10,Reconstruction_MASE,0.3374769206792116,0.3259216547012329,0.3526575565338135,176,participant
pre_released,organic,whacamole/snr10,Number_of_submovements_per_second,3.829928618632257,3.5431190952658653,4.095070660114288,176,participant
pre_rerun,synthetic,all,Reconstruction_R2,0.9861494166414357,0.9857036855547145,0.9865876917908382,4608,trial
pre_rerun,synthetic,all,Reconstruction_MASE,0.08799234795454443,0.08639978100053566,0.08964637111743186,4608,trial
pre_rerun,synthetic,all,Onset_Precision,0.8127230073646898,0.8085741669050142,0.816594823549244,4608,trial
pre_rerun,synthetic,all,Onset_Recall,0.8963618658639905,0.8930132233508239,0.8999400481991212,4608,trial
pre_rerun,synthetic,all,Onset_F1,0.850335311111531,0.846532666837069,0.854053024843951,4608,trial
pre_rerun,synthetic,all,Onset_Distance,0.8228531007319001,0.8041311098272832,0.8405755044217962,4608,trial
pre_rerun,synthetic,all,Amplitude_R2,0.8396284788484789,0.8334553919726103,0.8455018062270634,4608,trial
pre_rerun,synthetic,all,Duration_R2,0.8105426006562387,0.8030120636588738,0.8178308900164363,4608,trial
pre_rerun,synthetic,all,Number_of_submovements_per_second,2.967422004949185,2.9242244095112255,3.0125444026537784,4608,trial
pre_rerun,synthetic,snr10_refr0.0-0.5,Reconstruction_R2,0.9531001728028059,0.9519231446407502,0.9542247867415427,512,trial
pre_rerun,synthetic,snr10_refr0.0-0.5,Reconstruction_MASE,0.19853939439053647,0.1967044105302193,0.20037444301633514,512,trial
pre_rerun,synthetic,snr10_refr0.0-0.5,Onset_Precision,0.5888749831809088,0.5846687049128391,0.5933628695919366,512,trial
pre_rerun,synthetic,snr10_refr0.0-0.5,Onset_Recall,0.6446077396506716,0.6393721545475839,0.6502785136898388,512,trial
pre_rerun,synthetic,snr10_refr0.0-0.5,Onset_F1,0.6138602649349643,0.6095429067816752,0.6180391075501415,512,trial
pre_rerun,synthetic,snr10_refr0.0-0.5,Onset_Distance,1.8007392446842703,1.7819403076880733,1.819135779657397,512,trial
pre_rerun,synthetic,snr10_refr0.0-0.5,Amplitude_R2,0.4232390357647091,0.41543103152071126,0.4305976730713155,512,trial
pre_rerun,synthetic,snr10_refr0.0-0.5,Duration_R2,0.22489635553210974,0.21033756225951947,0.23928748678299597,512,trial
pre_rerun,synthetic,snr10_refr0.0-0.5,Number_of_submovements_per_second,4.896914274286246,4.853317593318934,4.940039268029068,512,trial
pre_rerun,synthetic,snr10_refr0.5-1.0,Reconstruction_R2,0.9750274176476523,0.9743721201026346,0.9757116530643544,512,trial
pre_rerun,synthetic,snr10_refr0.5-1.0,Reconstruction_MASE,0.1430496018001577,0.14164019389500027,0.14449953160219592,512,trial
pre_rerun,synthetic,snr10_refr0.5-1.0,Onset_Precision,0.6926678414376297,0.6869018287302094,0.6984685861905782,512,trial
pre_rerun,synthetic,snr10_refr0.5-1.0,Onset_Recall,0.9029233850148753,0.8984540903496216,0.9077042438307868,512,trial
pre_rerun,synthetic,snr10_refr0.5-1.0,Onset_F1,0.7820449071567794,0.7773446510205212,0.7866990164936012,512,trial
pre_rerun,synthetic,snr10_refr0.5-1.0,Onset_Distance,1.3613913398781334,1.3422659143981157,1.3817968702341308,512,trial
pre_rerun,synthetic,snr10_refr0.5-1.0,Amplitude_R2,0.9102616965537891,0.9056501834653318,0.9145120862434851,512,trial
pre_rerun,synthetic,snr10_refr0.5-1.0,Duration_R2,0.8666090701008216,0.8585117548762355,0.8750266024435405,512,trial
pre_rerun,synthetic,snr10_refr0.5-1.0,Number_of_submovements_per_second,2.8557423122401815,2.8251563777921547,2.8858712168148486,512,trial
pre_rerun,synthetic,snr10_refr1-1.5,Reconstruction_R2,0.9889303829986602,0.9885967069654725,0.9892576668527908,512,trial
pre_rerun,synthetic,snr10_refr1-1.5,Reconstruction_MASE,0.10322889940289315,0.10194144972774666,0.1044807892278186,512,trial
pre_rerun,synthetic,snr10_refr1-1.5,Onset_Precision,0.8268792251314707,0.8199980943028152,0.8335286490105471,512,trial
pre_rerun,synthetic,snr10_refr1-1.5,Onset_Recall,0.9481733235000757,0.943598119968459,0.9525364753523866,512,trial
pre_rerun,synthetic,snr10_refr1-1.5,Onset_F1,0.8815672413002255,0.8766480642906519,0.8866914475587576,512,trial
pre_rerun,synthetic,snr10_refr1-1.5,Onset_Distance,1.031137713480674,1.0102986181551672,1.0517929712551424,512,trial
pre_rerun,synthetic,snr10_refr1-1.5,Amplitude_R2,0.9766962076537311,0.9737861845322187,0.9793039243289968,512,trial
pre_rerun,synthetic,snr10_refr1-1.5,Duration_R2,0.944558561546728,0.9383640799787827,0.9501063959090971,512,trial
pre_rerun,synthetic,snr10_refr1-1.5,Number_of_submovements_per_second,1.5420703668496571,1.525778373988942,1.5580078649054485,512,trial
pre_rerun,synthetic,snr20_refr0.0-0.5,Reconstruction_R2,0.9806471689371392,0.9800814013957279,0.9812019949313253,512,trial
pre_rerun,synthetic,snr20_refr0.0-0.5,Reconstruction_MASE,0.1160293324792292,0.11479467188000854,0.1173672781114874,512,trial
pre_rerun,synthetic,snr20_refr0.0-0.5,Onset_Precision,0.6827259884967133,0.6788879349684996,0.6866468408682834,512,trial
pre_rerun,synthetic,snr20_refr0.0-0.5,Onset_Recall,0.73243502875069,0.7275847097572437,0.7373206386422801,512,trial
pre_rerun,synthetic,snr20_refr0.0-0.5,Onset_F1,0.705542642836949,0.7017603326682667,0.7091751244336947,512,trial
pre_rerun,synthetic,snr20_refr0.0-0.5,Onset_Distance,1.4344992168164157,1.4179321018003794,1.452830721225664,512,trial
pre_rerun,synthetic,snr20_refr0.0-0.5,Amplitude_R2,0.5637774297501892,0.5565047640469857,0.5707809459214331,512,trial
pre_rerun,synthetic,snr20_refr0.0-0.5,Duration_R2,0.5426426972262561,0.5319476497301366,0.5534914061572636,512,trial
pre_rerun,synthetic,snr20_refr0.0-0.5,Number_of_submovements_per_second,4.797656474984251,4.760384987654106,4.8373888988862745,512,trial
pre_rerun,synthetic,snr20_refr0.5-1.0,Reconstruction_R2,0.9947505934396759,0.9942858067865018,0.9951122027967358,512,trial
pre_rerun,synthetic,snr20_refr0.5-1.0,Reconstruction_MASE,0.05822825276845833,0.057390741190283735,0.059052116953535,512,trial
pre_rerun,synthetic,snr20_refr0.5-1.0,Onset_Precision,0.8658664959311406,0.8612020652230227,0.8707570910278478,512,trial
pre_rerun,synthetic,snr20_refr0.5-1.0,Onset_Recall,0.9767598891254727,0.9744312761643511,0.9789680826854841,512,trial
pre_rerun,synthetic,snr20_refr0.5-1.0,Onset_F1,0.9169801671533215,0.9138657821641443,0.9199287226567838,512,trial
pre_rerun,synthetic,snr20_refr0.5-1.0,Onset_Distance,0.6560539071420373,0.6434122729044378,0.6691371267234687,512,trial
pre_rerun,synthetic,snr20_refr0.5-1.0,Amplitude_R2,0.9774345643818378,0.9749244045291562,0.9797467227705056,512,trial
pre_rerun,synthetic,snr20_refr0.5-1.0,Duration_R2,0.9689457433996722,0.965922776638763,0.9717710230674129,512,trial
pre_rerun,synthetic,snr20_refr0.5-1.0,Number_of_submovements_per_second,2.463750112656271,2.4412471824125532,2.4871905437248643,512,trial
pre_rerun,synthetic,snr20_refr1-1.5,Reconstruction_R2,0.9978906031465158,0.9974927882285556,0.9982210353919072,512,trial
pre_rerun,synthetic,snr20_refr1-1.5,Reconstruction_MASE,0.03749133840028662,0.03681691031470109,0.03818574264050767,512,trial
pre_rerun,synthetic,snr20_refr1-1.5,Onset_Precision,0.9406105618128604,0.9362740825976998,0.9449910913491619,512,trial
pre_rerun,synthetic,snr20_refr1-1.5,Onset_Recall,0.9913082661234567,0.9893455886854676,0.9932000866427096,512,trial
pre_rerun,synthetic,snr20_refr1-1.5,Onset_F1,0.9645822460926307,0.9617675970847309,0.967352959151573,512,trial
pre_rerun,synthetic,snr20_refr1-1.5,Onset_Distance,0.3480090580347492,0.33609005857907964,0.3606522838038933,512,trial
pre_rerun,synthetic,snr20_refr1-1.5,Amplitude_R2,0.99354572664015,0.9921380346204387,0.994768399381428,512,trial
pre_rerun,synthetic,snr20_refr1-1.5,Duration_R2,0.9900267478078604,0.9882088784710504,0.9918583663151367,512,trial
pre_rerun,synthetic,snr20_refr1-1.5,Number_of_submovements_per_second,1.411875055055134,1.3998047449094884,1.4244170481033507,512,trial
pre_rerun,synthetic,snrinf_refr0.0-0.5,Reconstruction_R2,0.9866083243396133,0.9861065208038781,0.987088595496607,512,trial
pre_rerun,synthetic,snrinf_refr0.0-0.5,Reconstruction_MASE,0.0910417076520389,0.08986915916393627,0.09215774985714233,512,trial
pre_rerun,synthetic,snrinf_refr0.0-0.5,Onset_Precision,0.7630443226976458,0.759380635499391,0.7666573776164014,512,trial
pre_rerun,synthetic,snrinf_refr0.0-0.5,Onset_Recall,0.8737738437152921,0.8704500373708314,0.8773286764873411,512,trial
pre_rerun,synthetic,snrinf_refr0.0-0.5,Onset_F1,0.8137309350014112,0.8108569027234375,0.8164428659812546,512,trial
pre_rerun,synthetic,snrinf_refr0.0-0.5,Onset_Distance,0.7225260817449366,0.7111167717955598,0.734798670441547,512,trial
pre_rerun,synthetic,snrinf_refr0.0-0.5,Amplitude_R2,0.7190358405932784,0.7121970655891345,0.7262004170508589,512,trial
pre_rerun,synthetic,snrinf_refr0.0-0.5,Duration_R2,0.7644467551726848,0.7581104188779136,0.7709701115323696,512,trial
pre_rerun,synthetic,snrinf_refr0.0-0.5,Number_of_submovements_per_second,5.128476787358522,5.084285371311125,5.171505110047292,512,trial
pre_rerun,synthetic,snrinf_refr0.5-1.0,Reconstruction_R2,0.9987675076117739,0.9986655037268065,0.9988582145655528,512,trial
pre_rerun,synthetic,snrinf_refr0.5-1.0,Reconstruction_MASE,0.026118919946384267,0.025716620555476764,0.026548436012262755,512,trial
pre_rerun,synthetic,snrinf_refr0.5-1.0,Onset_Precision,0.957205260789067,0.9540404206592602,0.9601103704276769,512,trial
pre_rerun,synthetic,snrinf_refr0.5-1.0,Onset_Recall,0.9976412775178183,0.9969284184467354,0.998290001638284,512,trial
pre_rerun,synthetic,snrinf_refr0.5-1.0,Onset_F1,0.9766195307624537,0.9748214470288266,0.9784095776706294,512,trial
pre_rerun,synthetic,snrinf_refr0.5-1.0,Onset_Distance,0.04859609272176702,0.0449965555887771,0.05229942249608809,512,trial
pre_rerun,synthetic,snrinf_refr0.5-1.0,Amplitude_R2,0.9943886570399627,0.9933329169318312,0.9953381298226305,512,trial
pre_rerun,synthetic,snrinf_refr0.5-1.0,Duration_R2,0.994533832417801,0.993543107554433,0.9953908030729508,512,trial
pre_rerun,synthetic,snrinf_refr0.5-1.0,Number_of_submovements_per_second,2.2703907205868745,2.2517579093164386,2.2891436539812275,512,trial
pre_rerun,synthetic,snrinf_refr1-1.5,Reconstruction_R2,0.9996225788490847,0.9996111202024622,0.9996339329984039,512,trial
pre_rerun,synthetic,snrinf_refr1-1.5,Reconstruction_MASE,0.018203684750915272,0.017945894406693697,0.018449573097768734,512,trial
pre_rerun,synthetic,snrinf_refr1-1.5,Onset_Precision,0.9966323868047714,0.9956153931376311,0.9976177213651951,512,trial
pre_rerun,synthetic,snrinf_refr1-1.5,Onset_Recall,0.9996340393775632,0.9992442251202402,0.9999186197916667,512,trial
pre_rerun,synthetic,snrinf_refr1-1.5,Onset_F1,0.9980898647650447,0.997554926909591,0.9986296493961213,512,trial
pre_rerun,synthetic,snrinf_refr1-1.5,Onset_Distance,0.002725252084117573,0.001786214238659891,0.003721824266417082,512,trial
pre_rerun,synthetic,snrinf_refr1-1.5,Amplitude_R2,0.9982771512586623,0.9975476271967636,0.9989035862497986,512,trial
pre_rerun,synthetic,snrinf_refr1-1.5,Duration_R2,0.9982236427022144,0.9972348369046813,0.9989215364010307,512,trial
pre_rerun,synthetic,snrinf_refr1-1.5,Number_of_submovements_per_second,1.339921940525528,1.330195379901852,1.3490625624672248,512,trial
pre_rerun,organic,Fitts/snrinf,Reconstruction_R2,0.9203952789455653,0.881065309047699,0.9478078439831734,10,participant
pre_rerun,organic,Fitts/snrinf,Reconstruction_MASE,0.23752973823994397,0.21195940673351288,0.27460917830467224,10,participant
pre_rerun,organic,Fitts/snrinf,Number_of_submovements_per_second,2.028091742880642,1.7391304671764374,2.454545348882675,10,participant
pre_rerun,organic,Fitts/snr20,Reconstruction_R2,0.9266743354648351,0.8991387210786342,0.9494232095777988,10,participant
pre_rerun,organic,Fitts/snr20,Reconstruction_MASE,0.23032084742933512,0.201823902502656,0.25296616554260254,10,participant
pre_rerun,organic,Fitts/snr20,Number_of_submovements_per_second,1.8514149151090533,1.5463917329907417,2.1917807310819626,10,participant
pre_rerun,organic,Fitts/snr10,Reconstruction_R2,0.9206228091418743,0.8887708485126495,0.9409233927726746,10,participant
pre_rerun,organic,Fitts/snr10,Reconstruction_MASE,0.25212230954319237,0.2308543175458908,0.2701064646244049,10,participant
pre_rerun,organic,Fitts/snr10,Number_of_submovements_per_second,1.8369163833651692,1.5239477343857288,2.2641509771347046,10,participant
pre_rerun,organic,crank/snrinf,Reconstruction_R2,0.5690815656930208,0.3979003429412842,0.6817461028695103,5,participant
pre_rerun,organic,crank/snrinf,Reconstruction_MASE,0.144571635119617,0.126708984375,0.17177290692925448,5,participant
pre_rerun,organic,crank/snrinf,Number_of_submovements_per_second,3.8662437126226723,3.469613268971443,4.2544116340577585,5,participant
pre_rerun,organic,crank/snr20,Reconstruction_R2,0.657743955641985,0.5969895534217358,0.7146613299846649,5,participant
pre_rerun,organic,crank/snr20,Reconstruction_MASE,0.12398530263453722,0.12008459120988846,0.12705715000629425,5,participant
pre_rerun,organic,crank/snr20,Number_of_submovements_per_second,3.823553879801184,3.734806850552559,3.933820584788918,5,participant
pre_rerun,organic,crank/snr10,Reconstruction_R2,0.5577857509702444,0.5151698589324951,0.636094331741333,5,participant
pre_rerun,organic,crank/snr10,Reconstruction_MASE,0.14618917214125396,0.13893431313335897,0.15601799860596652,5,participant
pre_rerun,organic,crank/snr10,Number_of_submovements_per_second,3.501967658791691,3.3701657876372337,3.6243094503879547,5,participant
pre_rerun,organic,object_moving/snrinf,Reconstruction_R2,0.9659844510555268,0.9594534039497375,0.9724799856543541,5,participant
pre_rerun,organic,object_moving/snrinf,Reconstruction_MASE,0.11247519728541375,0.09951804671436548,0.1327948123216629,5,participant
pre_rerun,organic,object_moving/snrinf,Number_of_submovements_per_second,4.803843019120396,4.285714477300644,5.336349628865717,5,participant
pre_rerun,organic,object_moving/snr20,Reconstruction_R2,0.9718420158773661,0.9681292772293091,0.9755620956420898,5,participant
pre_rerun,organic,object_moving/snr20,Reconstruction_MASE,0.10810071463510394,0.10030293464660645,0.11618385463953018,5,participant
pre_rerun,organic,object_moving/snr20,Number_of_submovements_per_second,3.0399703542888163,2.7906976640224457,3.555750623345375,5,participant
pre_rerun,organic,object_moving/snr10,Reconstruction_R2,0.9468278360068798,0.9396473526954651,0.9547907114028931,5,participant
pre_rerun,organic,object_moving/snr10,Reconstruction_MASE,0.15121272065490485,0.13644373416900635,0.16489046812057495,5,participant
pre_rerun,organic,object_moving/snr10,Number_of_submovements_per_second,2.433551628459245,2.222222238779068,2.823529466986656,5,participant
pre_rerun,organic,pointing/snrinf,Reconstruction_R2,0.9828522203862667,0.9792715415358544,0.9876680970191956,2,participant
pre_rerun,organic,pointing/snrinf,Reconstruction_MASE,0.15551893881708384,0.14782404899597168,0.16364652812480918,2,participant
pre_rerun,organic,pointing/snrinf,Number_of_submovements_per_second,3.5236449779570105,3.221476525068283,3.8503774255514145,2,participant
pre_rerun,organic,pointing/snr20,Reconstruction_R2,0.9834299215525388,0.9805638790130615,0.9849685527384281,2,participant
pre_rerun,organic,pointing/snr20,Reconstruction_MASE,0.16048734413832427,0.14741114638745786,0.17176273465156555,2,participant
pre_rerun,organic,pointing/snr20,Number_of_submovements_per_second,1.9837067967094482,1.846153847873211,2.1052631735801697,2,participant
pre_rerun,organic,pointing/snr10,Reconstruction_R2,0.9781153990775346,0.9753668904304504,0.9815266132354736,2,participant
pre_rerun,organic,pointing/snr10,Reconstruction_MASE,0.18413716663420202,0.17491969466209412,0.1904294341802597,2,participant
pre_rerun,organic,pointing/snr10,Number_of_submovements_per_second,1.2555927205178887,0.952381007373333,1.5319426730275154,2,participant
pre_rerun,organic,steering/snrinf,Reconstruction_R2,0.9691365574002266,0.9644066095352173,0.9748517870903015,9,participant
pre_rerun,organic,steering/snrinf,Reconstruction_MASE,0.1514807263985276,0.13576637208461761,0.16109731793403625,9,participant
pre_rerun,organic,steering/snrinf,Number_of_submovements_per_second,5.489759514704347,5.22857129573822,5.651255814358592,9,participant
pre_rerun,organic,steering/snr20,Reconstruction_R2,0.9666040312796831,0.9627171158790588,0.9714550971984863,9,participant
pre_rerun,organic,steering/snr20,Reconstruction_MASE,0.16432400992512702,0.1493345946073532,0.1704292744398117,9,participant
pre_rerun,organic,steering/snr20,Number_of_submovements_per_second,4.116425263881683,3.8675692677497864,4.359974563121796,9,participant
pre_rerun,organic,steering/snr10,Reconstruction_R2,0.9479942862987518,0.942740261554718,0.9547147750854492,9,participant
pre_rerun,organic,steering/snr10,Reconstruction_MASE,0.23257066533714532,0.2205197922885418,0.24437390267848969,9,participant
pre_rerun,organic,steering/snr10,Number_of_submovements_per_second,3.437994422614574,3.2163792103528976,3.641055151820183,9,participant
pre_rerun,organic,tablet_writing/snrinf,Reconstruction_R2,0.8475255309343338,0.8282225728034973,0.8670395925641059,41,participant
pre_rerun,organic,tablet_writing/snrinf,Reconstruction_MASE,0.3206224019825459,0.28336241841316223,0.34560854956507675,41,participant
pre_rerun,organic,tablet_writing/snrinf,Number_of_submovements_per_second,8.884873162284494,8.108600288629532,9.458357691764832,41,participant
pre_rerun,organic,tablet_writing/snr20,Reconstruction_R2,0.8439506048709154,0.8239349581301213,0.8706445097923279,41,participant
pre_rerun,organic,tablet_writing/snr20,Reconstruction_MASE,0.328278002679348,0.29884976148605347,0.3640871189534663,41,participant
pre_rerun,organic,tablet_writing/snr20,Number_of_submovements_per_second,8.210490412674844,7.674418687820435,8.823529779911041,41,participant
pre_rerun,organic,tablet_writing/snr10,Reconstruction_R2,0.7987822545319796,0.7769123077392578,0.8236338794231415,41,participant
pre_rerun,organic,tablet_writing/snr10,Reconstruction_MASE,0.38982664282619955,0.3611989416182041,0.4141606122255325,41,participant
pre_rerun,organic,tablet_writing/snr10,Number_of_submovements_per_second,7.974455058127642,7.356947958469391,8.522727191448212,41,participant
pre_rerun,organic,whacamole/snrinf,Reconstruction_R2,0.9391513468772172,0.9259615540504456,0.9503376483917236,176,participant
pre_rerun,organic,whacamole/snrinf,Reconstruction_MASE,0.23752798366546632,0.22832722961902618,0.2523481883108616,176,participant
pre_rerun,organic,whacamole/snrinf,Number_of_submovements_per_second,5.084414377994835,4.712654203176498,5.2914246171712875,176,participant
pre_rerun,organic,whacamole/snr20,Reconstruction_R2,0.9362689893841744,0.9232000708580017,0.9459492564201355,176,participant
pre_rerun,organic,whacamole/snr20,Reconstruction_MASE,0.2572445121258497,0.24505379796028137,0.2735768258571625,176,participant
pre_rerun,organic,whacamole/snr20,Number_of_submovements_per_second,4.440859779752791,4.192717211320996,4.71597302891314,176,participant
pre_rerun,organic,whacamole/snr10,Reconstruction_R2,0.9094334224760532,0.8893618583679199,0.9191897809505463,176,participant
pre_rerun,organic,whacamole/snr10,Reconstruction_MASE,0.3396440247148275,0.32771581411361694,0.34991931915283203,176,participant
pre_rerun,organic,whacamole/snr10,Number_of_submovements_per_second,3.981423053573817,3.757295161485672,4.2500666957348585,176,participant
pre_rerun_s1000,synthetic,all,Reconstruction_R2,0.9847654797809405,0.9842515515137671,0.9852655685930384,4608,trial
pre_rerun_s1000,synthetic,all,Reconstruction_MASE,0.08975876365143955,0.08811552003570694,0.09153719094155753,4608,trial
pre_rerun_s1000,synthetic,all,Onset_Precision,0.814592246349902,0.8103862586881472,0.8186246608155375,4608,trial
pre_rerun_s1000,synthetic,all,Onset_Recall,0.89745312817321,0.8940720942811674,0.9009593408272484,4608,trial
pre_rerun_s1000,synthetic,all,Onset_F1,0.85177974164103,0.8479026589763804,0.8554810152926245,4608,trial
pre_rerun_s1000,synthetic,all,Onset_Distance,0.8312062044285452,0.8128350887703982,0.8483390993546902,4608,trial
pre_rerun_s1000,synthetic,all,Amplitude_R2,0.8444495458906103,0.8384040509635169,0.8501498289063522,4608,trial
pre_rerun_s1000,synthetic,all,Duration_R2,0.8094361672540091,0.801953215140707,0.8169114681112761,4608,trial
pre_rerun_s1000,synthetic,all,Number_of_submovements_per_second,2.9721876313124085,2.9275460284904207,3.017300914757167,4608,trial
pre_rerun_s1000,synthetic,snr10_refr0.0-0.5,Reconstruction_R2,0.9499263312900439,0.9485952268703841,0.951239927628194,512,trial
pre_rerun_s1000,synthetic,snr10_refr0.0-0.5,Reconstruction_MASE,0.20114485386875458,0.19931219899954158,0.20307453805944534,512,trial
pre_rerun_s1000,synthetic,snr10_refr0.0-0.5,Onset_Precision,0.5891892934320393,0.585094602022381,0.593091714397569,512,trial
pre_rerun_s1000,synthetic,snr10_refr0.0-0.5,Onset_Recall,0.6542552202610132,0.6488341996202409,0.6596930440315943,512,trial
pre_rerun_s1000,synthetic,snr10_refr0.0-0.5,Onset_F1,0.6185337276107928,0.6147413228802094,0.6223763595851212,512,trial
pre_rerun_s1000,synthetic,snr10_refr0.0-0.5,Onset_Distance,1.791132339614215,1.7735912652109724,1.8091711224528346,512,trial
pre_rerun_s1000,synthetic,snr10_refr0.0-0.5,Amplitude_R2,0.44382928463164717,0.4362057170772459,0.4510330190823879,512,trial
pre_rerun_s1000,synthetic,snr10_refr0.0-0.5,Duration_R2,0.2136480063199997,0.2006163063197164,0.22696701878157907,512,trial
pre_rerun_s1000,synthetic,snr10_refr0.0-0.5,Number_of_submovements_per_second,4.9654689789167605,4.924201394911506,5.007542227307567,512,trial
pre_rerun_s1000,synthetic,snr10_refr0.5-1.0,Reconstruction_R2,0.9730683100642636,0.9720213504362618,0.97406053552113,512,trial
pre_rerun_s1000,synthetic,snr10_refr0.5-1.0,Reconstruction_MASE,0.1451223473995924,0.14349229304243635,0.146812318794764,512,trial
pre_rerun_s1000,synthetic,snr10_refr0.5-1.0,Onset_Precision,0.6836242630610807,0.6777017162404314,0.6899605346039112,512,trial
pre_rerun_s1000,synthetic,snr10_refr0.5-1.0,Onset_Recall,0.8996818304547591,0.8953724194896789,0.9040332328847583,512,trial
pre_rerun_s1000,synthetic,snr10_refr0.5-1.0,Onset_F1,0.7749522812451528,0.7700205632351093,0.7799974281932273,512,trial
pre_rerun_s1000,synthetic,snr10_refr0.5-1.0,Onset_Distance,1.3707249047720047,1.3511442129514433,1.3919924722468338,512,trial
pre_rerun_s1000,synthetic,snr10_refr0.5-1.0,Amplitude_R2,0.9213997184997424,0.9173619357141434,0.9254513227351708,512,trial
pre_rerun_s1000,synthetic,snr10_refr0.5-1.0,Duration_R2,0.8686317899264395,0.8609551273169928,0.8761928025778616,512,trial
pre_rerun_s1000,synthetic,snr10_refr0.5-1.0,Number_of_submovements_per_second,2.8870313757215627,2.8549161379487487,2.9189093032837263,512,trial
pre_rerun_s1000,synthetic,snr10_refr1-1.5,Reconstruction_R2,0.9890040104510263,0.988678211462684,0.9893239592580357,512,trial
pre_rerun_s1000,synthetic,snr10_refr1-1.5,Reconstruction_MASE,0.10229780965892132,0.10116309135592019,0.10348298142343992,512,trial
pre_rerun_s1000,synthetic,snr10_refr1-1.5,Onset_Precision,0.8224350298884975,0.8153815597700983,0.8293356296395716,512,trial
pre_rerun_s1000,synthetic,snr10_refr1-1.5,Onset_Recall,0.9527537704079014,0.9484731809464605,0.9569241749893123,512,trial
pre_rerun_s1000,synthetic,snr10_refr1-1.5,Onset_F1,0.8808657205501309,0.8753224946993452,0.8855700646019249,512,trial
pre_rerun_s1000,synthetic,snr10_refr1-1.5,Onset_Distance,1.0465955717560886,1.0270009409500667,1.0668561618264587,512,trial
pre_rerun_s1000,synthetic,snr10_refr1-1.5,Amplitude_R2,0.9798777770483866,0.9773368001537165,0.9822624117077794,512,trial
pre_rerun_s1000,synthetic,snr10_refr1-1.5,Duration_R2,0.9459636932006106,0.940137844713172,0.9513258615363156,512,trial
pre_rerun_s1000,synthetic,snr10_refr1-1.5,Number_of_submovements_per_second,1.5585938029107638,1.5432422396406764,1.57453130099384,512,trial
pre_rerun_s1000,synthetic,snr20_refr0.0-0.5,Reconstruction_R2,0.9749409385258332,0.9738109238736797,0.9760220884141745,512,trial
pre_rerun_s1000,synthetic,snr20_refr0.0-0.5,Reconstruction_MASE,0.1262122702319175,0.12452254610070668,0.1278516905269498,512,trial
pre_rerun_s1000,synthetic,snr20_refr0.0-0.5,Onset_Precision,0.6767804662419646,0.6725217542044005,0.6809114617132462,512,trial
pre_rerun_s1000,synthetic,snr20_refr0.0-0.5,Onset_Recall,0.7325541628990997,0.7274663027661369,0.7375639919737931,512,trial
pre_rerun_s1000,synthetic,snr20_refr0.0-0.5,Onset_F1,0.7023964210118339,0.6986506906075999,0.7061921126376992,512,trial
pre_rerun_s1000,synthetic,snr20_refr0.0-0.5,Onset_Distance,1.4427295285178656,1.4255471183685036,1.4593354045593157,512,trial
pre_rerun_s1000,synthetic,snr20_refr0.0-0.5,Amplitude_R2,0.5699573665624484,0.5626340054906904,0.577251283521764,512,trial
pre_rerun_s1000,synthetic,snr20_refr0.0-0.5,Duration_R2,0.5378507582936436,0.5276084445446031,0.5483657102420694,512,trial
pre_rerun_s1000,synthetic,snr20_refr0.0-0.5,Number_of_submovements_per_second,4.8403127236815635,4.802926979846234,4.882500214618631,512,trial
pre_rerun_s1000,synthetic,snr20_refr0.5-1.0,Reconstruction_R2,0.9940103915287182,0.9935213090648176,0.9944344450515927,512,trial
pre_rerun_s1000,synthetic,snr20_refr0.5-1.0,Reconstruction_MASE,0.060532975221576635,0.059534827428979045,0.06155623335707787,512,trial
pre_rerun_s1000,synthetic,snr20_refr0.5-1.0,Onset_Precision,0.8773110175648581,0.8722888716213212,0.8822779802467274,512,trial
pre_rerun_s1000,synthetic,snr20_refr0.5-1.0,Onset_Recall,0.9761681418305301,0.9737721562361502,0.9785653415995376,512,trial
pre_rerun_s1000,synthetic,snr20_refr0.5-1.0,Onset_F1,0.9230805771275004,0.9199461285233137,0.9260722040589986,512,trial
pre_rerun_s1000,synthetic,snr20_refr0.5-1.0,Onset_Distance,0.6707349922992756,0.657662450150817,0.683952079663904,512,trial
pre_rerun_s1000,synthetic,snr20_refr0.5-1.0,Amplitude_R2,0.979277802282013,0.9769963252561865,0.9814036115072667,512,trial
pre_rerun_s1000,synthetic,snr20_refr0.5-1.0,Duration_R2,0.9712124777724966,0.9685157134517794,0.9738860900019063,512,trial
pre_rerun_s1000,synthetic,snr20_refr0.5-1.0,Number_of_submovements_per_second,2.429179801256396,2.4074971805694076,2.4506251136317587,512,trial
pre_rerun_s1000,synthetic,snr20_refr1-1.5,Reconstruction_R2,0.998335806070827,0.9981805434392299,0.9984551581175765,512,trial
pre_rerun_s1000,synthetic,snr20_refr1-1.5,Reconstruction_MASE,0.037078222889249446,0.03652688066385963,0.03763672032109753,512,trial
pre_rerun_s1000,synthetic,snr20_refr1-1.5,Onset_Precision,0.9542543555041768,0.9504909025360714,0.9577977965125755,512,trial
pre_rerun_s1000,synthetic,snr20_refr1-1.5,Onset_Recall,0.99329683073817,0.9917988880369631,0.9948004912239232,512,trial
pre_rerun_s1000,synthetic,snr20_refr1-1.5,Onset_F1,0.9728680571264949,0.9706847900936874,0.9750272682339091,512,trial
pre_rerun_s1000,synthetic,snr20_refr1-1.5,Onset_Distance,0.3588127271632554,0.3467859367728178,0.3706565774991688,512,trial
pre_rerun_s1000,synthetic,snr20_refr1-1.5,Amplitude_R2,0.9948262281250209,0.9936286422074773,0.9959261276788312,512,trial
pre_rerun_s1000,synthetic,snr20_refr1-1.5,Duration_R2,0.9901334119495004,0.9883104373555398,0.9919585458148503,512,trial
pre_rerun_s1000,synthetic,snr20_refr1-1.5,Number_of_submovements_per_second,1.393125058093574,1.382109438016414,1.4051983002082125,512,trial
pre_rerun_s1000,synthetic,snrinf_refr0.0-0.5,Reconstruction_R2,0.9850303838029504,0.9843603003741009,0.9857198347541271,512,trial
pre_rerun_s1000,synthetic,snrinf_refr0.0-0.5,Reconstruction_MASE,0.09387099338346161,0.09254353739961516,0.09525990094189182,512,trial
pre_rerun_s1000,synthetic,snrinf_refr0.0-0.5,Onset_Precision,0.7663265458669042,0.7626563456560682,0.7697424287665995,512,trial
pre_rerun_s1000,synthetic,snrinf_refr0.0-0.5,Onset_Recall,0.8704998540044696,0.8669235903468575,0.8741716682730329,512,trial
pre_rerun_s1000,synthetic,snrinf_refr0.0-0.5,Onset_F1,0.814237962040782,0.8112458434502363,0.8171410213380774,512,trial
pre_rerun_s1000,synthetic,snrinf_refr0.0-0.5,Onset_Distance,0.7263072637244246,0.714641923567351,0.7388270623825592,512,trial
pre_rerun_s1000,synthetic,snrinf_refr0.0-0.5,Amplitude_R2,0.7171609931392595,0.7101866746728774,0.7241277419787366,512,trial
pre_rerun_s1000,synthetic,snrinf_refr0.0-0.5,Duration_R2,0.764439630904235,0.7580767937120981,0.7712469832331408,512,trial
pre_rerun_s1000,synthetic,snrinf_refr0.0-0.5,Number_of_submovements_per_second,5.086758036632091,5.045153543796914,5.130363509844756,512,trial
pre_rerun_s1000,synthetic,snrinf_refr0.5-1.0,Reconstruction_R2,0.9988964089425281,0.9988329460582464,0.99896064826753,512,trial
pre_rerun_s1000,synthetic,snrinf_refr0.5-1.0,Reconstruction_MASE,0.02546723052910238,0.025099545336252048,0.02583374025689409,512,trial
pre_rerun_s1000,synthetic,snrinf_refr0.5-1.0,Onset_Precision,0.9676648139435237,0.9650345248167091,0.9701280561172333,512,trial
pre_rerun_s1000,synthetic,snrinf_refr0.5-1.0,Onset_Recall,0.997957121372038,0.9973307099374402,0.9985584792399022,512,trial
pre_rerun_s1000,synthetic,snrinf_refr0.5-1.0,Onset_F1,0.9823339657451451,0.9809140108117458,0.9837202723921885,512,trial
pre_rerun_s1000,synthetic,snrinf_refr0.5-1.0,Onset_Distance,0.06191285831284798,0.058064681058345176,0.06582296706063188,512,trial
pre_rerun_s1000,synthetic,snrinf_refr0.5-1.0,Amplitude_R2,0.9955217394744977,0.9947226822230733,0.996297108224826,512,trial
pre_rerun_s1000,synthetic,snrinf_refr0.5-1.0,Duration_R2,0.9947687326930463,0.9937823867483531,0.9955726116721053,512,trial
pre_rerun_s1000,synthetic,snrinf_refr0.5-1.0,Number_of_submovements_per_second,2.244961026299279,2.227851647119678,2.262187592081318,512,trial
pre_rerun_s1000,synthetic,snrinf_refr1-1.5,Reconstruction_R2,0.9996767373522744,0.9996656428673305,0.9996869652095484,512,trial
pre_rerun_s1000,synthetic,snrinf_refr1-1.5,Reconstruction_MASE,0.01610216968038003,0.015892286454163695,0.01629308569968089,512,trial
pre_rerun_s1000,synthetic,snrinf_refr1-1.5,Onset_Precision,0.9937444316460737,0.9923184566886784,0.9951133630009834,512,trial
pre_rerun_s1000,synthetic,snrinf_refr1-1.5,Onset_Recall,0.9999112215909091,0.9997336647727273,1.0,512,trial
pre_rerun_s1000,synthetic,snrinf_refr1-1.5,Onset_F1,0.9967489623114363,0.9960244983029993,0.9974423229613978,512,trial
pre_rerun_s1000,synthetic,snrinf_refr1-1.5,Onset_Distance,0.011905653696928808,0.009575502506960676,0.014363731021426308,512,trial
pre_rerun_s1000,synthetic,snrinf_refr1-1.5,Amplitude_R2,0.9981950032524765,0.9975166358140996,0.9987494534405414,512,trial
pre_rerun_s1000,synthetic,snrinf_refr1-1.5,Duration_R2,0.9982770042261109,0.9974443487153621,0.998932203077129,512,trial
pre_rerun_s1000,synthetic,snrinf_refr1-1.5,Number_of_submovements_per_second,1.3442578782996861,1.3345313176650961,1.353752994156821,512,trial
pre_rerun_s1000,organic,Fitts/snrinf,Reconstruction_R2,0.918076483041048,0.8645822256803514,0.9501674458384514,10,participant
pre_rerun_s1000,organic,Fitts/snrinf,Reconstruction_MASE,0.23774010127037765,0.21179598644375802,0.28221213817596436,10,participant
pre_rerun_s1000,organic,Fitts/snrinf,Number_of_submovements_per_second,1.963317787963897,1.66666679084301,2.202020175755024,10,participant
pre_rerun_s1000,organic,Fitts/snr20,Reconstruction_R2,0.9180128660798073,0.8811732530593872,0.945955902338028,10,participant
pre_rerun_s1000,organic,Fitts/snr20,Reconstruction_MASE,0.23907492192834615,0.20497605614364148,0.26556703448295593,10,participant
pre_rerun_s1000,organic,Fitts/snr20,Number_of_submovements_per_second,1.7898615094833077,1.433447040617466,2.0186903961002827,10,participant
pre_rerun_s1000,organic,Fitts/snr10,Reconstruction_R2,0.9132500737160444,0.8624122440814972,0.9397854804992676,10,participant
pre_rerun_s1000,organic,Fitts/snr10,Reconstruction_MASE,0.2546401978284121,0.23628312349319458,0.28546395897865295,10,participant
pre_rerun_s1000,organic,Fitts/snr10,Number_of_submovements_per_second,1.7852175314258785,1.5370628898963332,2.086956426501274,10,participant
pre_rerun_s1000,organic,crank/snrinf,Reconstruction_R2,0.6719790099859237,0.5994740724563599,0.7492557168006897,5,participant
pre_rerun_s1000,organic,crank/snrinf,Reconstruction_MASE,0.12567961958423257,0.11774310283362865,0.1353880912065506,5,participant
pre_rerun_s1000,organic,crank/snrinf,Number_of_submovements_per_second,4.22205120138824,3.988950178027153,4.552486538887024,5,participant
pre_rerun_s1000,organic,crank/snr20,Reconstruction_R2,0.6680955023467541,0.5865447521209717,0.7238525152206421,5,participant
pre_rerun_s1000,organic,crank/snr20,Reconstruction_MASE,0.11998345103487372,0.11304876953363419,0.1265015348792076,5,participant
pre_rerun_s1000,organic,crank/snr20,Number_of_submovements_per_second,3.7364927780069412,3.6363637447357178,3.9076922088861465,5,participant
pre_rerun_s1000,organic,crank/snr10,Reconstruction_R2,0.53236076413095,0.4333382576704025,0.6017736196517944,5,participant
pre_rerun_s1000,organic,crank/snr10,Reconstruction_MASE,0.15156031307578086,0.14549776911735535,0.15551578998565674,5,participant
pre_rerun_s1000,organic,crank/snr10,Number_of_submovements_per_second,3.3932554515078666,3.2707183063030243,3.5294120013713837,5,participant
pre_rerun_s1000,organic,object_moving/snrinf,Reconstruction_R2,0.9687206919342279,0.9616614580154419,0.9758609533309937,5,participant
pre_rerun_s1000,organic,object_moving/snrinf,Reconstruction_MASE,0.11085712495446205,0.10178805142641068,0.12116511911153793,5,participant
pre_rerun_s1000,organic,object_moving/snrinf,Number_of_submovements_per_second,4.587651053778827,4.137931019067764,5.121950805187225,5,participant
pre_rerun_s1000,organic,object_moving/snr20,Reconstruction_R2,0.9629733327627182,0.9546303749084473,0.9698338873684407,5,participant
pre_rerun_s1000,organic,object_moving/snr20,Reconstruction_MASE,0.1192175414301455,0.10952560678124428,0.13466475903987885,5,participant
pre_rerun_s1000,organic,object_moving/snr20,Number_of_submovements_per_second,3.360140164922923,3.018987402319908,3.7037037312984467,5,participant
pre_rerun_s1000,organic,object_moving/snr10,Reconstruction_R2,0.9495665311664343,0.940840495377779,0.9559300482273102,5,participant
pre_rerun_s1000,organic,object_moving/snr10,Reconstruction_MASE,0.14742194152623414,0.13536503911018372,0.16203653812408447,5,participant
pre_rerun_s1000,organic,object_moving/snr10,Number_of_submovements_per_second,2.7383198998868465,2.432432547211647,3.0379747599363327,5,participant
pre_rerun_s1000,organic,pointing/snrinf,Reconstruction_R2,0.983878862246871,0.9767934083938599,0.9900985062122345,2,participant
pre_rerun_s1000,organic,pointing/snrinf,Reconstruction_MASE,0.14447655984014274,0.1302973367273808,0.15817002952098846,2,participant
pre_rerun_s1000,organic,pointing/snrinf,Number_of_submovements_per_second,3.5202465105615555,3.25581394135952,3.8247621059417725,2,participant
pre_rerun_s1000,organic,pointing/snr20,Reconstruction_R2,0.9842263713479042,0.9821369349956512,0.9865163564682007,2,participant
pre_rerun_s1000,organic,pointing/snr20,Reconstruction_MASE,0.15605509109795093,0.14792585372924805,0.16334621608257294,2,participant
pre_rerun_s1000,organic,pointing/snr20,Number_of_submovements_per_second,2.0665369067061694,1.8751144409179688,2.2727273404598236,2,participant
pre_rerun_s1000,organic,pointing/snr10,Reconstruction_R2,0.979274334833026,0.9759183526039124,0.9825037717819214,2,participant
pre_rerun_s1000,organic,pointing/snr10,Reconstruction_MASE,0.18333672285825015,0.17636241018772125,0.1900925189256668,2,participant
pre_rerun_s1000,organic,pointing/snr10,Number_of_submovements_per_second,1.4693057006411254,1.160714328289032,1.8320610746741295,2,participant
pre_rerun_s1000,organic,steering/snrinf,Reconstruction_R2,0.9677981571406126,0.9633321762084961,0.9748362272977829,9,participant
pre_rerun_s1000,organic,steering/snrinf,Reconstruction_MASE,0.15112884455919265,0.1330076225101948,0.15946537256240845,9,participant
pre_rerun_s1000,organic,steering/snrinf,Number_of_submovements_per_second,5.474050327800215,5.220147851854563,5.679397433996201,9,participant
pre_rerun_s1000,organic,steering/snr20,Reconstruction_R2,0.9653739042282105,0.9610430002212524,0.9725278094410896,9,participant
pre_rerun_s1000,organic,steering/snr20,Reconstruction_MASE,0.16449119748920202,0.14966848492622375,0.17144783101975916,9,participant
pre_rerun_s1000,organic,steering/snr20,Number_of_submovements_per_second,4.127723410874605,3.931785022839904,4.36083622276783,9,participant
pre_rerun_s1000,organic,steering/snr10,Reconstruction_R2,0.9461376265138388,0.9419741630554199,0.9518611431121826,9,participant
pre_rerun_s1000,organic,steering/snr10,Reconstruction_MASE,0.2322609725818038,0.21922354400157928,0.2427124824374914,9,participant
pre_rerun_s1000,organic,steering/snr10,Number_of_submovements_per_second,3.3737226219289003,3.2415365427732468,3.576656718738377,9,participant
pre_rerun_s1000,organic,tablet_writing/snrinf,Reconstruction_R2,0.8266292070895433,0.8073393702507019,0.8513207137584686,41,participant
pre_rerun_s1000,organic,tablet_writing/snrinf,Reconstruction_MASE,0.34115431970357896,0.31517175436019895,0.36613699793815613,41,participant
pre_rerun_s1000,organic,tablet_writing/snrinf,Number_of_submovements_per_second,9.132945904880762,8.428552150726318,9.729730188846588,41,participant
pre_rerun_s1000,organic,tablet_writing/snr20,Reconstruction_R2,0.8352999912202358,0.8097111105918885,0.8570292390882969,41,participant
pre_rerun_s1000,organic,tablet_writing/snr20,Reconstruction_MASE,0.33913706363737584,0.3112134337425232,0.36866816878318787,41,participant
pre_rerun_s1000,organic,tablet_writing/snr20,Number_of_submovements_per_second,8.610226089209318,8.039762903004885,9.176470935344696,41,participant
pre_rerun_s1000,organic,tablet_writing/snr10,Reconstruction_R2,0.7989969096183777,0.771357536315918,0.818318573385477,41,participant
pre_rerun_s1000,organic,tablet_writing/snr10,Reconstruction_MASE,0.3877430464029312,0.37411805987358093,0.41472873091697693,41,participant
pre_rerun_s1000,organic,tablet_writing/snr10,Number_of_submovements_per_second,8.1659118520841,7.5,8.72727245092392,41,participant
pre_rerun_s1000,organic,whacamole/snrinf,Reconstruction_R2,0.9407071083784103,0.926986426115036,0.9501829743385315,176,participant
pre_rerun_s1000,organic,whacamole/snrinf,Reconstruction_MASE,0.22957076992839576,0.22093649208545685,0.24315325915813446,176,participant
pre_rerun_s1000,organic,whacamole/snrinf,Number_of_submovements_per_second,4.712896285504103,4.297229647636414,4.9646928906440735,176,participant
pre_rerun_s1000,organic,whacamole/snr20,Reconstruction_R2,0.9382323824465275,0.9228096604347229,0.9475226402282715,176,participant
pre_rerun_s1000,organic,whacamole/snr20,Reconstruction_MASE,0.2510448521822691,0.23836252093315125,0.26735768094658846,176,participant
pre_rerun_s1000,organic,whacamole/snr20,Number_of_submovements_per_second,4.141702467575669,3.878517597913742,4.3724025785923,176,participant
pre_rerun_s1000,organic,whacamole/snr10,Reconstruction_R2,0.9117300789356232,0.8983427882194519,0.9211689233779907,176,participant
pre_rerun_s1000,organic,whacamole/snr10,Reconstruction_MASE,0.33059989257156847,0.31713831424713135,0.34213295578956604,176,participant
pre_rerun_s1000,organic,whacamole/snr10,Number_of_submovements_per_second,3.688649718537927,3.4783416241407394,3.8938037306070328,176,participant
ft_released,synthetic,all,Reconstruction_R2,0.9853046520147473,0.9847872092737816,0.9858218811106376,4608,trial
ft_released,synthetic,all,Reconstruction_MASE,0.0860108842284717,0.08421656514340284,0.08786086995698698,4608,trial
ft_released,synthetic,all,Onset_Precision,0.8143223020100111,0.810164692747861,0.8182423725592929,4608,trial
ft_released,synthetic,all,Onset_Recall,0.8814557426019161,0.8775682131881365,0.885169897499931,4608,trial
ft_released,synthetic,all,Onset_F1,0.8445485704194843,0.8405604177351613,0.8483749923472841,4608,trial
ft_released,synthetic,all,Onset_Distance,0.8184818358582189,0.800106227036191,0.83636922111664,4608,trial
ft_released,synthetic,all,Amplitude_R2,0.8448408095088477,0.8389197179937684,0.8505651739658787,4608,trial
ft_released,synthetic,all,Duration_R2,0.801464684566276,0.7937053017272977,0.8091280923551595,4608,trial
ft_released,synthetic,all,Number_of_submovements_per_second,2.896914195322703,2.854438607194728,2.940729954503695,4608,trial
ft_released,synthetic,snr10_refr0.0-0.5,Reconstruction_R2,0.9465077522909269,0.9452057834743754,0.9477693993510912,512,trial
ft_released,synthetic,snr10_refr0.0-0.5,Reconstruction_MASE,0.20989197547896765,0.20778414042433724,0.21197654627467272,512,trial
ft_released,synthetic,snr10_refr0.0-0.5,Onset_Precision,0.590313474598115,0.5855659932216312,0.5948458233984013,512,trial
ft_released,synthetic,snr10_refr0.0-0.5,Onset_Recall,0.5954617372418968,0.5900877586561173,0.600708923038113,512,trial
ft_released,synthetic,snr10_refr0.0-0.5,Onset_F1,0.5911634195671773,0.5868649947332861,0.5953870265112361,512,trial
ft_released,synthetic,snr10_refr0.0-0.5,Onset_Distance,1.8044118342822586,1.784871587829441,1.823723108078784,512,trial
ft_released,synthetic,snr10_refr0.0-0.5,Amplitude_R2,0.451542854658328,0.44386496644292495,0.458730824032682,512,trial
ft_released,synthetic,snr10_refr0.0-0.5,Duration_R2,0.1853490468347445,0.17105333858926317,0.2002171755011659,512,trial
ft_released,synthetic,snr10_refr0.0-0.5,Number_of_submovements_per_second,4.510898646694841,4.472220900173852,4.550748257755913,512,trial
ft_released,synthetic,snr10_refr0.5-1.0,Reconstruction_R2,0.9717247695662081,0.970807544674608,0.9726635666796938,512,trial
ft_released,synthetic,snr10_refr0.5-1.0,Reconstruction_MASE,0.14824801521899644,0.1465885370027536,0.149907274929501,512,trial
ft_released,synthetic,snr10_refr0.5-1.0,Onset_Precision,0.7165524814408493,0.7103238237376555,0.7226882416539429,512,trial
ft_released,synthetic,snr10_refr0.5-1.0,Onset_Recall,0.8593347482525082,0.8537350435398902,0.8649358183625537,512,trial
ft_released,synthetic,snr10_refr0.5-1.0,Onset_F1,0.7793555892211167,0.7741371264810305,0.7842561826456582,512,trial
ft_released,synthetic,snr10_refr0.5-1.0,Onset_Distance,1.3597898594862472,1.3391598900851232,1.3805699452544855,512,trial
ft_released,synthetic,snr10_refr0.5-1.0,Amplitude_R2,0.9198650004109368,0.9155613136303146,0.9237770764390006,512,trial
ft_released,synthetic,snr10_refr0.5-1.0,Duration_R2,0.8612384618027136,0.8532264379115077,0.8692724436055869,512,trial
ft_released,synthetic,snr10_refr0.5-1.0,Number_of_submovements_per_second,2.625937622433412,2.595700317362571,2.654068483892843,512,trial
ft_released,synthetic,snr10_refr1-1.5,Reconstruction_R2,0.9894526056014001,0.9891880402254174,0.9897099846391939,512,trial
ft_released,synthetic,snr10_refr1-1.5,Reconstruction_MASE,0.09938254296139348,0.09825567108891846,0.10053833476704313,512,trial
ft_released,synthetic,snr10_refr1-1.5,Onset_Precision,0.8901159418997184,0.8836129955878065,0.8967895141625161,512,trial
ft_released,synthetic,snr10_refr1-1.5,Onset_Recall,0.9217381900733843,0.9153997467953094,0.9276879977857299,512,trial
ft_released,synthetic,snr10_refr1-1.5,Onset_F1,0.9043468305303197,0.8986881664673924,0.9098455626133617,512,trial
ft_released,synthetic,snr10_refr1-1.5,Onset_Distance,1.0017954022095013,0.9828904681688517,1.0212204180967124,512,trial
ft_released,synthetic,snr10_refr1-1.5,Amplitude_R2,0.9830942036351189,0.9808859404816758,0.9851023845083546,512,trial
ft_released,synthetic,snr10_refr1-1.5,Duration_R2,0.9461208217544481,0.9404978721489897,0.9512984295928618,512,trial
ft_released,synthetic,snr10_refr1-1.5,Number_of_submovements_per_second,1.387734439849737,1.3742578798664908,1.4012139322549046,512,trial
ft_released,synthetic,snr20_refr0.0-0.5,Reconstruction_R2,0.9802611316554248,0.9794281845446676,0.9810207950824406,512,trial
ft_released,synthetic,snr20_refr0.0-0.5,Reconstruction_MASE,0.11247184436069801,0.11093243575342057,0.11407115617657837,512,trial
ft_released,synthetic,snr20_refr0.0-0.5,Onset_Precision,0.6691116920944868,0.6646620068287583,0.6734822349843614,512,trial
ft_released,synthetic,snr20_refr0.0-0.5,Onset_Recall,0.7374735779384953,0.7321236059265961,0.7427886786349456,512,trial
ft_released,synthetic,snr20_refr0.0-0.5,Onset_F1,0.7002563185135264,0.6963686787957104,0.704178547370022,512,trial
ft_released,synthetic,snr20_refr0.0-0.5,Onset_Distance,1.446106758626662,1.4292923703291713,1.4635272146078213,512,trial
ft_released,synthetic,snr20_refr0.0-0.5,Amplitude_R2,0.5617847205139697,0.5542610308650182,0.5690789358370238,512,trial
ft_released,synthetic,snr20_refr0.0-0.5,Duration_R2,0.5284566067857668,0.5189393974898848,0.5380292295740219,512,trial
ft_released,synthetic,snr20_refr0.0-0.5,Number_of_submovements_per_second,4.929375226056436,4.888702378844755,4.972623264577123,512,trial
ft_released,synthetic,snr20_refr0.5-1.0,Reconstruction_R2,0.9950844026170671,0.994715084155905,0.9953918164042989,512,trial
ft_released,synthetic,snr20_refr0.5-1.0,Reconstruction_MASE,0.05578245929063996,0.05501339423790341,0.056597958186102915,512,trial
ft_released,synthetic,snr20_refr0.5-1.0,Onset_Precision,0.8024721717589349,0.7973326762745999,0.8077016801675436,512,trial
ft_released,synthetic,snr20_refr0.5-1.0,Onset_Recall,0.9673933368532693,0.9647459484601567,0.9700672918745705,512,trial
ft_released,synthetic,snr20_refr0.5-1.0,Onset_F1,0.8759589412385222,0.8722165065888824,0.8797808218412562,512,trial
ft_released,synthetic,snr20_refr0.5-1.0,Onset_Distance,0.6789683518456356,0.6661607366609972,0.6930431928596646,512,trial
ft_released,synthetic,snr20_refr0.5-1.0,Amplitude_R2,0.9640913337934762,0.9613217475853162,0.9666922497650375,512,trial
ft_released,synthetic,snr20_refr0.5-1.0,Duration_R2,0.9515722019132227,0.9483127142098965,0.9548136583151063,512,trial
ft_released,synthetic,snr20_refr0.5-1.0,Number_of_submovements_per_second,2.633672002411913,2.609528447199409,2.656878063833574,512,trial
ft_released,synthetic,snr20_refr1-1.5,Reconstruction_R2,0.9985555331222713,0.9984289805375738,0.9986511354858522,512,trial
ft_released,synthetic,snr20_refr1-1.5,Reconstruction_MASE,0.03382175534716225,0.03331695886381567,0.03433739204692756,512,trial
ft_released,synthetic,snr20_refr1-1.5,Onset_Precision,0.9095745330596632,0.9042061291542406,0.9149145491592681,512,trial
ft_released,synthetic,snr20_refr1-1.5,Onset_Recall,0.9898385814977992,0.9878219483214339,0.9917634721155179,512,trial
ft_released,synthetic,snr20_refr1-1.5,Onset_F1,0.9469164805647182,0.943752862168875,0.9501758888333389,512,trial
ft_released,synthetic,snr20_refr1-1.5,Onset_Distance,0.34967463135215515,0.3383679615841462,0.36112760903976054,512,trial
ft_released,synthetic,snr20_refr1-1.5,Amplitude_R2,0.9910456378711388,0.9891652696765959,0.9926673099194886,512,trial
ft_released,synthetic,snr20_refr1-1.5,Duration_R2,0.9799445597454906,0.9768634266481968,0.9827356921246974,512,trial
ft_released,synthetic,snr20_refr1-1.5,Number_of_submovements_per_second,1.4608594313176582,1.4465625585417001,1.475507867971828,512,trial
ft_released,synthetic,snrinf_refr0.0-0.5,Reconstruction_R2,0.9872443977510557,0.9866772177541862,0.9878148258168948,512,trial
ft_released,synthetic,snrinf_refr0.0-0.5,Reconstruction_MASE,0.08703698431054363,0.0857393989825141,0.08828776570935588,512,trial
ft_released,synthetic,snrinf_refr0.0-0.5,Onset_Precision,0.7837832228487713,0.779781027773286,0.7875883407061682,512,trial
ft_released,synthetic,snrinf_refr0.0-0.5,Onset_Recall,0.8657640366047908,0.8623415195802049,0.8692683091416927,512,trial
ft_released,synthetic,snrinf_refr0.0-0.5,Onset_F1,0.8218687361170365,0.8189035768022013,0.8247292962115327,512,trial
ft_released,synthetic,snrinf_refr0.0-0.5,Onset_Distance,0.6765874343123552,0.6648021069185109,0.6888249705508274,512,trial
ft_released,synthetic,snrinf_refr0.0-0.5,Amplitude_R2,0.7379666075576097,0.7311698755860562,0.7446371976577211,512,trial
ft_released,synthetic,snrinf_refr0.0-0.5,Duration_R2,0.7683100848225877,0.762021558379638,0.7748508212564047,512,trial
ft_released,synthetic,snrinf_refr0.0-0.5,Number_of_submovements_per_second,4.949297111306805,4.904997304394783,4.995589104582905,512,trial
ft_released,synthetic,snrinf_refr0.5-1.0,Reconstruction_R2,0.9989935985067859,0.9987252658902435,0.9991688661830267,512,trial
ft_released,synthetic,snrinf_refr0.5-1.0,Reconstruction_MASE,0.019816399919363903,0.019405313823244796,0.020266814932028865,512,trial
ft_released,synthetic,snrinf_refr0.5-1.0,Onset_Precision,0.9706263319136079,0.9681301154842975,0.9729828688311344,512,trial
ft_released,synthetic,snrinf_refr0.5-1.0,Onset_Recall,0.9963704296251564,0.9954743707222196,0.9971758836046336,512,trial
ft_released,synthetic,snrinf_refr0.5-1.0,Onset_F1,0.9830840134057429,0.9817311500636913,0.9844336974956238,512,trial
ft_released,synthetic,snrinf_refr0.5-1.0,Onset_Distance,0.044082811654390194,0.04018307805316072,0.04788298234271979,512,trial
ft_released,synthetic,snrinf_refr0.5-1.0,Amplitude_R2,0.9955237780231982,0.9945343842089642,0.9963824782375014,512,trial
ft_released,synthetic,snrinf_refr0.5-1.0,Duration_R2,0.9939056094735861,0.992862453503767,0.9947758111724397,512,trial
ft_released,synthetic,snrinf_refr0.5-1.0,Number_of_submovements_per_second,2.233828211974469,2.217421960125648,2.2504688358167186,512,trial
ft_released,synthetic,snrinf_refr1-1.5,Reconstruction_R2,0.9999176770215854,0.9999107281822944,0.9999228787462926,512,trial
ft_released,synthetic,snrinf_refr1-1.5,Reconstruction_MASE,0.007645981168479921,0.007519271637397651,0.007765535578516847,512,trial
ft_released,synthetic,snrinf_refr1-1.5,Onset_Precision,0.9963508684759534,0.9952283878160451,0.9974526134920052,512,trial
ft_released,synthetic,snrinf_refr1-1.5,Onset_Recall,0.9997270453299443,0.9993512946072568,1.0,512,trial
ft_released,synthetic,snrinf_refr1-1.5,Onset_F1,0.997986804617199,0.9973305716134367,0.998595837257164,512,trial
ft_released,synthetic,snrinf_refr1-1.5,Onset_Distance,0.004919438954765041,0.003498114010225508,0.006473145281792105,512,trial
ft_released,synthetic,snrinf_refr1-1.5,Amplitude_R2,0.998653149115853,0.9978925433300901,0.9992439870839007,512,trial
ft_released,synthetic,snrinf_refr1-1.5,Duration_R2,0.9982847679639235,0.9971565871441271,0.9990829737274908,512,trial
ft_released,synthetic,snrinf_refr1-1.5,Number_of_submovements_per_second,1.340625065859058,1.3307813183819235,1.3502344385651668,512,trial
ft_released,organic,Fitts/snrinf,Reconstruction_R2,0.926976171836257,0.8971439599990845,0.9502545595169067,10,participant
ft_released,organic,Fitts/snrinf,Reconstruction_MASE,0.22967896397411824,0.206307877227664,0.26690787076950073,10,participant
ft_released,organic,Fitts/snrinf,Number_of_submovements_per_second,1.6437538989633322,1.3647650554776192,1.8421052768826485,10,participant
ft_released,organic,Fitts/snr20,Reconstruction_R2,0.9239985869973898,0.8959509320557117,0.9446714669466019,10,participant
ft_released,organic,Fitts/snr20,Reconstruction_MASE,0.2321432435065508,0.20817959122359753,0.26094645261764526,10,participant
ft_released,organic,Fitts/snr20,Number_of_submovements_per_second,1.543959577716887,1.3574660941958427,1.8390804156661034,10,participant
ft_released,organic,Fitts/snr10,Reconstruction_R2,0.9112676505595446,0.8726161122322083,0.9319001920521259,10,participant
ft_released,organic,Fitts/snr10,Reconstruction_MASE,0.256803910151124,0.24335114173591138,0.2791077636182307,10,participant
ft_released,organic,Fitts/snr10,Number_of_submovements_per_second,1.3758156186249106,1.0958903655409813,1.7025150801055118,10,participant
ft_released,organic,crank/snrinf,Reconstruction_R2,0.9172092300504446,0.8936524718999863,0.9348113439977169,5,participant
ft_released,organic,crank/snrinf,Reconstruction_MASE,0.06153831768594682,0.05291406437754631,0.06688003242015839,5,participant
ft_released,organic,crank/snrinf,Number_of_submovements_per_second,5.877661936730147,5.679254159331322,6.030769050121307,5,participant
ft_released,organic,crank/snr20,Reconstruction_R2,0.9484031317681074,0.9371704943478107,0.9589148759841919,5,participant
ft_released,organic,crank/snr20,Reconstruction_MASE,0.04458982061967254,0.03788313269615173,0.04917483404278755,5,participant
ft_released,organic,crank/snr20,Number_of_submovements_per_second,5.573359485603869,5.454545617103577,5.647059381008148,5,participant
ft_released,organic,crank/snr10,Reconstruction_R2,0.9084220948964358,0.894126957654953,0.919311124831438,5,participant
ft_released,organic,crank/snr10,Reconstruction_MASE,0.06591542890481651,0.05745449662208557,0.07394525408744812,5,participant
ft_released,organic,crank/snr10,Number_of_submovements_per_second,5.305760262385011,5.169230550527573,5.414874628186226,5,participant
ft_released,organic,object_moving/snrinf,Reconstruction_R2,0.9804616516679525,0.9767567351460457,0.9838818311691284,5,participant
ft_released,organic,object_moving/snrinf,Reconstruction_MASE,0.08793058139458299,0.07758164405822754,0.09643308818340302,5,participant
ft_released,organic,object_moving/snrinf,Number_of_submovements_per_second,3.9762511415407062,3.769737035036087,4.235294312238693,5,participant
ft_released,organic,object_moving/snr20,Reconstruction_R2,0.9824594562202692,0.9783103168010712,0.9853131301701069,5,participant
ft_released,organic,object_moving/snr20,Reconstruction_MASE,0.08431619313731789,0.07724793255329132,0.09121856093406677,5,participant
ft_released,organic,object_moving/snr20,Number_of_submovements_per_second,3.1728114605136217,2.9629629850387573,3.5999999195337296,5,participant
ft_released,organic,object_moving/snr10,Reconstruction_R2,0.9546198553293943,0.9481310844421387,0.9602564796805382,5,participant
ft_released,organic,object_moving/snr10,Reconstruction_MASE,0.1387046662196517,0.12748488783836365,0.15034380555152893,5,participant
ft_released,organic,object_moving/snr10,Number_of_submovements_per_second,2.2667424957454205,2.057734178379178,2.432432547211647,5,participant
ft_released,organic,pointing/snrinf,Reconstruction_R2,0.9892077530473471,0.9869920015335083,0.9910547733306885,2,participant
ft_released,organic,pointing/snrinf,Reconstruction_MASE,0.12781906689703465,0.11867415904998779,0.13314619660377502,2,participant
ft_released,organic,pointing/snrinf,Number_of_submovements_per_second,2.719264825768769,2.3255813866853714,3.1343282014131546,2,participant
ft_released,organic,pointing/snr20,Reconstruction_R2,0.9868105429410935,0.9844207689166069,0.988916277885437,2,participant
ft_released,organic,pointing/snr20,Reconstruction_MASE,0.14615295634418726,0.13146314024925232,0.152775377035141,2,participant
ft_released,organic,pointing/snr20,Number_of_submovements_per_second,1.5000955259241164,1.304347850382328,1.846153847873211,2,participant
ft_released,organic,pointing/snr10,Reconstruction_R2,0.9762742485105992,0.9713939428329468,0.9813753068447113,2,participant
ft_released,organic,pointing/snr10,Reconstruction_MASE,0.18938261058181524,0.18312783353030682,0.19655223190784454,2,participant
ft_released,organic,pointing/snr10,Number_of_submovements_per_second,0.5850858566444367,0.4878048598766327,0.9160305373370647,2,participant
ft_released,organic,steering/snrinf,Reconstruction_R2,0.9730139669179917,0.9691406190395355,0.9792980551719666,9,participant
ft_released,organic,steering/snrinf,Reconstruction_MASE,0.13440535364672543,0.11908744275569916,0.14148162305355072,9,participant
ft_released,organic,steering/snrinf,Number_of_submovements_per_second,5.533681018017233,5.225959941744804,5.771189756691456,9,participant
ft_released,organic,steering/snr20,Reconstruction_R2,0.9710959673672914,0.9668428599834442,0.9758787155151367,9,participant
ft_released,organic,steering/snr20,Reconstruction_MASE,0.1482213733792305,0.13585777580738068,0.1556064933538437,9,participant
ft_released,organic,steering/snr20,Number_of_submovements_per_second,4.022900010310114,3.8312047719955444,4.221913665533066,9,participant
ft_released,organic,steering/snr10,Reconstruction_R2,0.9445518400222063,0.9408085346221924,0.9507096409797668,9,participant
ft_released,organic,steering/snr10,Reconstruction_MASE,0.23794358506798743,0.22530540823936462,0.24863329268991943,9,participant
ft_released,organic,steering/snr10,Number_of_submovements_per_second,2.8461103809066115,2.71515816450119,3.040147125720978,9,participant
ft_released,organic,tablet_writing/snrinf,Reconstruction_R2,0.8675993590950966,0.8485068678855896,0.8881570100784302,41,participant
ft_released,organic,tablet_writing/snrinf,Reconstruction_MASE,0.2927508573681116,0.260618656873703,0.3204175643622875,41,participant
ft_released,organic,tablet_writing/snrinf,Number_of_submovements_per_second,9.235305698812008,8.66666704416275,9.68648448586464,41,participant
ft_released,organic,tablet_writing/snr20,Reconstruction_R2,0.8656786534339189,0.8470444954931736,0.8838539719581604,41,participant
ft_released,organic,tablet_writing/snr20,Reconstruction_MASE,0.31276336528360843,0.28587421774864197,0.33876940608024597,41,participant
ft_released,organic,tablet_writing/snr20,Number_of_submovements_per_second,8.74733035326004,8.167080134153366,9.263158142566681,41,participant
ft_released,organic,tablet_writing/snr10,Reconstruction_R2,0.8132147993296385,0.7823362648487091,0.8338018953800201,41,participant
ft_released,organic,tablet_writing/snr10,Reconstruction_MASE,0.37892925952374934,0.3559036493301392,0.4114348582923412,41,participant
ft_released,organic,tablet_writing/snr10,Number_of_submovements_per_second,7.298186099231243,6.666666716337204,7.988830380141725,41,participant
ft_released,organic,whacamole/snrinf,Reconstruction_R2,0.9603166021555662,0.9486682415008545,0.9659208089113236,176,participant
ft_released,organic,whacamole/snrinf,Reconstruction_MASE,0.18854279986023903,0.17980485297739507,0.1995529681444168,176,participant
ft_released,organic,whacamole/snrinf,Number_of_submovements_per_second,5.606957595460117,5.159745812416077,5.9244254976511,176,participant
ft_released,organic,whacamole/snr20,Reconstruction_R2,0.9566297144591809,0.9467759132385254,0.9626049399375916,176,participant
ft_released,organic,whacamole/snr20,Reconstruction_MASE,0.2097395814806223,0.19994156062602997,0.22305507957935333,176,participant
ft_released,organic,whacamole/snr20,Number_of_submovements_per_second,4.879986158721149,4.502745643258095,5.160995498299599,176,participant
ft_released,organic,whacamole/snr10,Reconstruction_R2,0.9274336912631989,0.9173308610916138,0.9342928528785706,176,participant
ft_released,organic,whacamole/snr10,Reconstruction_MASE,0.30988672603666784,0.29620060324668884,0.32243552803993225,176,participant
ft_released,organic,whacamole/snr10,Number_of_submovements_per_second,3.516706421747804,3.239270970225334,3.736922716721892,176,participant
ft_A,synthetic,all,Reconstruction_R2,0.9846625628415495,0.9841308077826397,0.9852053858630825,4608,trial
ft_A,synthetic,all,Reconstruction_MASE,0.08767505677193792,0.08587941216820177,0.08960256264896695,4608,trial
ft_A,synthetic,all,Onset_Precision,0.8046715634412455,0.80039547020755,0.8087256195181433,4608,trial
ft_A,synthetic,all,Onset_Recall,0.8810966887680018,0.8773052801423639,0.8849431202605984,4608,trial
ft_A,synthetic,all,Onset_F1,0.8387687258576694,0.8347513121527991,0.8425156681133126,4608,trial
ft_A,synthetic,all,Onset_Distance,0.8160986308545977,0.7978353629270323,0.8336541661658909,4608,trial
ft_A,synthetic,all,Amplitude_R2,0.8439020410102481,0.8378482377269797,0.8495889821209452,4608,trial
ft_A,synthetic,all,Duration_R2,0.8008840198162943,0.7930866879039159,0.8085783821714965,4608,trial
ft_A,synthetic,all,Number_of_submovements_per_second,2.9326563802169403,2.8899060534337577,2.976615366537468,4608,trial
ft_A,synthetic,snr10_refr0.0-0.5,Reconstruction_R2,0.9434833361301571,0.9419282323855441,0.9449576364771929,512,trial
ft_A,synthetic,snr10_refr0.0-0.5,Reconstruction_MASE,0.21476076770341024,0.21259781520202523,0.21683786404973943,512,trial
ft_A,synthetic,snr10_refr0.0-0.5,Onset_Precision,0.5815046819445551,0.5767170070283616,0.5864416383184363,512,trial
ft_A,synthetic,snr10_refr0.0-0.5,Onset_Recall,0.5919484643080584,0.586661896393684,0.5972613488432004,512,trial
ft_A,synthetic,snr10_refr0.0-0.5,Onset_F1,0.5846454601909437,0.5803815106622476,0.5890169516347282,512,trial
ft_A,synthetic,snr10_refr0.0-0.5,Onset_Distance,1.8042122431064447,1.7851076267842154,1.8247508490828,512,trial
ft_A,synthetic,snr10_refr0.0-0.5,Amplitude_R2,0.4548777309246361,0.4471069334220374,0.462110787970596,512,trial
ft_A,synthetic,snr10_refr0.0-0.5,Duration_R2,0.18409734417218715,0.16977462479262614,0.19936908805684653,512,trial
ft_A,synthetic,snr10_refr0.0-0.5,Number_of_submovements_per_second,4.557304890768137,4.516752147454099,4.600447479260765,512,trial
ft_A,synthetic,snr10_refr0.5-1.0,Reconstruction_R2,0.9702190088573843,0.9692721873259871,0.97114562880015,512,trial
ft_A,synthetic,snr10_refr0.5-1.0,Reconstruction_MASE,0.1527119612583192,0.15097859484631043,0.15445957391057163,512,trial
ft_A,synthetic,snr10_refr0.5-1.0,Onset_Precision,0.6868236005341151,0.6804380684000739,0.692996981716926,512,trial
ft_A,synthetic,snr10_refr0.5-1.0,Onset_Recall,0.8606726924416821,0.8552159680196657,0.8663936109712423,512,trial
ft_A,synthetic,snr10_refr0.5-1.0,Onset_F1,0.761608374258259,0.7562437165371677,0.7668784362198273,512,trial
ft_A,synthetic,snr10_refr0.5-1.0,Onset_Distance,1.3488336161237093,1.3292130335688404,1.3683764367957845,512,trial
ft_A,synthetic,snr10_refr0.5-1.0,Amplitude_R2,0.9147369404090568,0.9106871161959134,0.9185361189418473,512,trial
ft_A,synthetic,snr10_refr0.5-1.0,Duration_R2,0.8619074859889224,0.8538143402402056,0.8701064944791141,512,trial
ft_A,synthetic,snr10_refr0.5-1.0,Number_of_submovements_per_second,2.7483985601429595,2.716403436548717,2.7808595025326213,512,trial
ft_A,synthetic,snr10_refr1-1.5,Reconstruction_R2,0.9892247094539925,0.988917269682861,0.9895039989467478,512,trial
ft_A,synthetic,snr10_refr1-1.5,Reconstruction_MASE,0.10050444035732653,0.09931687434764172,0.10169281501584919,512,trial
ft_A,synthetic,snr10_refr1-1.5,Onset_Precision,0.8744726035402226,0.8676313591483235,0.8816611041188229,512,trial
ft_A,synthetic,snr10_refr1-1.5,Onset_Recall,0.922872016690589,0.9167456858206678,0.9288994428541146,512,trial
ft_A,synthetic,snr10_refr1-1.5,Onset_F1,0.8964106689461926,0.8905167203337027,0.902172510227915,512,trial
ft_A,synthetic,snr10_refr1-1.5,Onset_Distance,0.9975342993592613,0.9788227464570126,1.0177235561048852,512,trial
ft_A,synthetic,snr10_refr1-1.5,Amplitude_R2,0.9815857606008649,0.9793977391556836,0.9836004112672526,512,trial
ft_A,synthetic,snr10_refr1-1.5,Duration_R2,0.9461376001127064,0.940545631662826,0.9511580105405301,512,trial
ft_A,synthetic,snr10_refr1-1.5,Number_of_submovements_per_second,1.4159766241209581,1.4021485014218342,1.4300420521794877,512,trial
ft_A,synthetic,snr20_refr0.0-0.5,Reconstruction_R2,0.9793566412990913,0.9784341972059337,0.9802314881817438,512,trial
ft_A,synthetic,snr20_refr0.0-0.5,Reconstruction_MASE,0.1152184479724383,0.11365625911748793,0.11672359090625832,512,trial
ft_A,synthetic,snr20_refr0.0-0.5,Onset_Precision,0.66188940261164,0.6578492296513987,0.6662058636656706,512,trial
ft_A,synthetic,snr20_refr0.0-0.5,Onset_Recall,0.7360634248120866,0.7309739116873132,0.7411859441357129,512,trial
ft_A,synthetic,snr20_refr0.0-0.5,Onset_F1,0.6956141670061192,0.6917036377832133,0.6994214911304717,512,trial
ft_A,synthetic,snr20_refr0.0-0.5,Onset_Distance,1.4505076038324556,1.4331434066695101,1.467968661758536,512,trial
ft_A,synthetic,snr20_refr0.0-0.5,Amplitude_R2,0.5584339447086677,0.5511528836010257,0.5658884385164129,512,trial
ft_A,synthetic,snr20_refr0.0-0.5,Duration_R2,0.5250700751785189,0.515342386183329,0.5348556034005014,512,trial
ft_A,synthetic,snr20_refr0.0-0.5,Number_of_submovements_per_second,4.972500220901566,4.932767794587562,5.011640841883491,512,trial
ft_A,synthetic,snr20_refr0.5-1.0,Reconstruction_R2,0.9947213473496959,0.9943420394294662,0.9950648682162864,512,trial
ft_A,synthetic,snr20_refr0.5-1.0,Reconstruction_MASE,0.05690286269236822,0.05606458634247247,0.05774505633235094,512,trial
ft_A,synthetic,snr20_refr0.5-1.0,Onset_Precision,0.788041284319815,0.7828947083464987,0.7935235377788202,512,trial
ft_A,synthetic,snr20_refr0.5-1.0,Onset_Recall,0.967224377337364,0.9644706188396995,0.9700058969496693,512,trial
ft_A,synthetic,snr20_refr0.5-1.0,Onset_F1,0.8671481785736126,0.8635693166069585,0.8711756985124169,512,trial
ft_A,synthetic,snr20_refr0.5-1.0,Onset_Distance,0.6722823967062749,0.6588186151955433,0.6861191091078211,512,trial
ft_A,synthetic,snr20_refr0.5-1.0,Amplitude_R2,0.9617512366967276,0.9588731855445076,0.9644585220172303,512,trial
ft_A,synthetic,snr20_refr0.5-1.0,Duration_R2,0.9507040610769764,0.9473195624130313,0.9540376860037213,512,trial
ft_A,synthetic,snr20_refr0.5-1.0,Number_of_submovements_per_second,2.681367309851339,2.65675793464834,2.704696412623889,512,trial
ft_A,synthetic,snr20_refr1-1.5,Reconstruction_R2,0.9985250234603882,0.9983437268820126,0.998645400168607,512,trial
ft_A,synthetic,snr20_refr1-1.5,Reconstruction_MASE,0.03413033741162508,0.0336111280368641,0.03468279127928327,512,trial
ft_A,synthetic,snr20_refr1-1.5,Onset_Precision,0.9035236979806784,0.8982616872163243,0.9089415652050395,512,trial
ft_A,synthetic,snr20_refr1-1.5,Onset_Recall,0.9896575875031164,0.9877492923669748,0.9915515017123775,512,trial
ft_A,synthetic,snr20_refr1-1.5,Onset_F1,0.9435012942500545,0.9403329978267229,0.9468451082109687,512,trial
ft_A,synthetic,snr20_refr1-1.5,Onset_Distance,0.34835200403063804,0.3367212531482612,0.36009906835250605,512,trial
ft_A,synthetic,snr20_refr1-1.5,Amplitude_R2,0.9908798577962443,0.9889739814709173,0.9925089133001166,512,trial
ft_A,synthetic,snr20_refr1-1.5,Duration_R2,0.9801296863006428,0.9770392907317728,0.9829038481897442,512,trial
ft_A,synthetic,snr20_refr1-1.5,Number_of_submovements_per_second,1.470937556005083,1.4564004456606199,1.4859404835788155,512,trial
ft_A,synthetic,snrinf_refr0.0-0.5,Reconstruction_R2,0.9874313662294298,0.9869657442846801,0.9879016406921437,512,trial
ft_A,synthetic,snrinf_refr0.0-0.5,Reconstruction_MASE,0.08736358667374589,0.08623332615134131,0.08855257592331327,512,trial
ft_A,synthetic,snrinf_refr0.0-0.5,Onset_Precision,0.7805287484318976,0.7766840594903021,0.7843608220729112,512,trial
ft_A,synthetic,snrinf_refr0.0-0.5,Onset_Recall,0.8658316404658357,0.862062912968958,0.8694877726271562,512,trial
ft_A,synthetic,snrinf_refr0.0-0.5,Onset_F1,0.820069636524656,0.8170251324691822,0.8230306272453216,512,trial
ft_A,synthetic,snrinf_refr0.0-0.5,Onset_Distance,0.6769839944949383,0.6653678169893308,0.6885110784688949,512,trial
ft_A,synthetic,snrinf_refr0.0-0.5,Amplitude_R2,0.7386538840364665,0.7319391359080327,0.7453818401729222,512,trial
ft_A,synthetic,snrinf_refr0.0-0.5,Duration_R2,0.767853606492281,0.7614621785527561,0.7746027689776384,512,trial
ft_A,synthetic,snrinf_refr0.0-0.5,Number_of_submovements_per_second,4.969570541434223,4.924336160678649,5.017388905493135,512,trial
ft_A,synthetic,snrinf_refr0.5-1.0,Reconstruction_R2,0.9990776068298146,0.9990011057205266,0.9991521130810724,512,trial
ft_A,synthetic,snrinf_refr0.5-1.0,Reconstruction_MASE,0.0201193151078769,0.019743451750173335,0.020473670648016196,512,trial
ft_A,synthetic,snrinf_refr0.5-1.0,Onset_Precision,0.9688197807717858,0.9663598137413193,0.9712957023305236,512,trial
ft_A,synthetic,snrinf_refr0.5-1.0,Onset_Recall,0.9961566181781025,0.9952602467685935,0.9969943088007507,512,trial
ft_A,synthetic,snrinf_refr0.5-1.0,Onset_F1,0.9820321388006592,0.980487975111044,0.9835054254892777,512,trial
ft_A,synthetic,snrinf_refr0.5-1.0,Onset_Distance,0.04154516105771806,0.03787040225608417,0.04494537652708232,512,trial
ft_A,synthetic,snrinf_refr0.5-1.0,Amplitude_R2,0.995623909169808,0.9947320650040637,0.9964249421027489,512,trial
ft_A,synthetic,snrinf_refr0.5-1.0,Duration_R2,0.993806448765099,0.9927821092336672,0.9946662871341687,512,trial
ft_A,synthetic,snrinf_refr0.5-1.0,Number_of_submovements_per_second,2.237695402945974,2.2211690336607717,2.254338961251051,512,trial
ft_A,synthetic,snrinf_refr1-1.5,Reconstruction_R2,0.9999240259639919,0.9999193081952399,0.9999279985495377,512,trial
ft_A,synthetic,snrinf_refr1-1.5,Reconstruction_MASE,0.007363791770330863,0.00724190249457024,0.0074847813566975676,512,trial
ft_A,synthetic,snrinf_refr1-1.5,Onset_Precision,0.9964402708365006,0.9952760655932892,0.9975393680778574,512,trial
ft_A,synthetic,snrinf_refr1-1.5,Onset_Recall,0.9994433771751823,0.9989694361970266,0.9998209635416666,512,trial
ft_A,synthetic,snrinf_refr1-1.5,Onset_F1,0.9978886141685278,0.9972266864522077,0.9984817955213993,512,trial
ft_A,synthetic,snrinf_refr1-1.5,Onset_Distance,0.004636358979939142,0.003358331899644739,0.006027932282231281,512,trial
ft_A,synthetic,snrinf_refr1-1.5,Amplitude_R2,0.9985751047497615,0.9978093288460513,0.9991885148308939,512,trial
ft_A,synthetic,snrinf_refr1-1.5,Duration_R2,0.9982498702593148,0.9970952064497396,0.9990714961051708,512,trial
ft_A,synthetic,snrinf_refr1-1.5,Number_of_submovements_per_second,1.3401563157822238,1.3304297547329043,1.3500000628555426,512,trial
ft_A,organic,Fitts/snrinf,Reconstruction_R2,0.9253416609168053,0.8801426291465759,0.9529454439878464,10,participant
ft_A,organic,Fitts/snrinf,Reconstruction_MASE,0.23413481894135474,0.20746520161628723,0.271237850189209,10,participant
ft_A,organic,Fitts/snrinf,Number_of_submovements_per_second,1.6996068487968297,1.434262990951538,1.945945993065834,10,participant
ft_A,organic,Fitts/snr20,Reconstruction_R2,0.9204840899705887,0.8987860351800919,0.9445860266685486,10,participant
ft_A,organic,Fitts/snr20,Reconstruction_MASE,0.2379880410283804,0.2070118259638548,0.2706345319747925,10,participant
ft_A,organic,Fitts/snr20,Number_of_submovements_per_second,1.6303498911950738,1.2868725322186947,1.979017051868139,10,participant
ft_A,organic,Fitts/snr10,Reconstruction_R2,0.9150225408375263,0.8895171880722046,0.933671236038208,10,participant
ft_A,organic,Fitts/snr10,Reconstruction_MASE,0.25443024629354477,0.2381567656993866,0.2796609401702881,10,participant
ft_A,organic,Fitts/snr10,Number_of_submovements_per_second,1.3822769512468949,1.0868004220537844,1.7391304671764374,10,participant
ft_A,organic,crank/snrinf,Reconstruction_R2,0.9117596438080072,0.8839641809463501,0.9264620542526245,5,participant
ft_A,organic,crank/snrinf,Reconstruction_MASE,0.06354943667910994,0.056839440017938614,0.0689326673746109,5,participant
ft_A,organic,crank/snrinf,Number_of_submovements_per_second,5.706413263566792,5.572325544431806,5.869353711605072,5,participant
ft_A,organic,crank/snr20,Reconstruction_R2,0.9472235935628415,0.9340022802352905,0.9570987820625305,5,participant
ft_A,organic,crank/snr20,Reconstruction_MASE,0.046060230949893595,0.04056613892316818,0.051870252937078476,5,participant
ft_A,organic,crank/snr20,Number_of_submovements_per_second,5.57588178768754,5.513812378048897,5.635359138250351,5,participant
ft_A,organic,crank/snr10,Reconstruction_R2,0.848100848466158,0.8236676454544067,0.8709687732160091,5,participant
ft_A,organic,crank/snr10,Reconstruction_MASE,0.08116254866495728,0.07491060253232718,0.0930385252460837,5,participant
ft_A,organic,crank/snr10,Number_of_submovements_per_second,5.794247160516679,5.661538392305374,5.9116025269031525,5,participant
ft_A,organic,object_moving/snrinf,Reconstruction_R2,0.9797273575812578,0.975920993089676,0.9826983213424683,5,participant
ft_A,organic,object_moving/snrinf,Reconstruction_MASE,0.08919895689934493,0.08104392886161804,0.09838913381099701,5,participant
ft_A,organic,object_moving/snrinf,Number_of_submovements_per_second,4.02650848466903,3.8136278092861176,4.230323061347008,5,participant
ft_A,organic,object_moving/snr20,Reconstruction_R2,0.9833757739514113,0.9802290797233582,0.9859004616737366,5,participant
ft_A,organic,object_moving/snr20,Reconstruction_MASE,0.08291514261811972,0.0760028287768364,0.08746165037155151,5,participant
ft_A,organic,object_moving/snr20,Number_of_submovements_per_second,3.281080492157489,3.0000000447034836,3.6144576966762543,5,participant
ft_A,organic,object_moving/snr10,Reconstruction_R2,0.9510244484096766,0.9417824745178223,0.957561294734478,5,participant
ft_A,organic,object_moving/snr10,Reconstruction_MASE,0.14828283676505088,0.13165946602821357,0.158548966050148,5,participant
ft_A,organic,object_moving/snr10,Number_of_submovements_per_second,2.365176702719182,2.1689895540475845,2.7272728085517883,5,participant
ft_A,organic,pointing/snrinf,Reconstruction_R2,0.9891500564366579,0.9867145419120789,0.9913909435272217,2,participant
ft_A,organic,pointing/snrinf,Reconstruction_MASE,0.12978362622857093,0.12525524869561194,0.133915975689888,2,participant
ft_A,organic,pointing/snrinf,Number_of_submovements_per_second,2.4421595478616656,2.158273458480835,2.9754098877310753,2,participant
ft_A,organic,pointing/snr20,Reconstruction_R2,0.9874045405834914,0.984034725278616,0.99001145362854,2,participant
ft_A,organic,pointing/snr20,Reconstruction_MASE,0.14345376811921595,0.1349091086536646,0.1500740885734558,2,participant
ft_A,organic,pointing/snr20,Number_of_submovements_per_second,1.4851523512043059,1.304347850382328,1.6363636404275894,2,participant
ft_A,organic,pointing/snr10,Reconstruction_R2,0.9777439212352037,0.9739048182964325,0.9803355634212494,2,participant
ft_A,organic,pointing/snr10,Reconstruction_MASE,0.1857925041243434,0.17788834869861603,0.19439716637134552,2,participant
ft_A,organic,pointing/snr10,Number_of_submovements_per_second,0.5882491795811802,0.4878048598766327,0.9230769239366055,2,participant
ft_A,organic,steering/snrinf,Reconstruction_R2,0.972705506131053,0.9691504240036011,0.9782331869006157,9,participant
ft_A,organic,steering/snrinf,Reconstruction_MASE,0.13545891416817904,0.12067310512065887,0.14302298426628113,9,participant
ft_A,organic,steering/snrinf,Number_of_submovements_per_second,5.5681741464883086,5.2738335728645325,5.815164148807526,9,participant
ft_A,organic,steering/snr20,Reconstruction_R2,0.9707383036166429,0.9674708843231201,0.9760980308055878,9,participant
ft_A,organic,steering/snr20,Reconstruction_MASE,0.14839718540757896,0.13520807027816772,0.15711240470409393,9,participant
ft_A,organic,steering/snr20,Number_of_submovements_per_second,4.067564227469266,3.841025233268738,4.310569278895855,9,participant
ft_A,organic,steering/snr10,Reconstruction_R2,0.9429636606425047,0.9387577772140503,0.9476427435874939,9,participant
ft_A,organic,steering/snr10,Reconstruction_MASE,0.24218325246870517,0.23017540574073792,0.2521376609802246,9,participant
ft_A,organic,steering/snr10,Number_of_submovements_per_second,2.9012428805418313,2.752221484668553,3.0640335381031036,9,participant
ft_A,organic,tablet_writing/snrinf,Reconstruction_R2,0.8655948350280523,0.8474541515111923,0.8796416968107224,41,participant
ft_A,organic,tablet_writing/snrinf,Reconstruction_MASE,0.2984073578864336,0.2683280408382416,0.32355865836143494,41,participant
ft_A,organic,tablet_writing/snrinf,Number_of_submovements_per_second,9.30241747610271,8.78858269751072,10.000000298023224,41,participant
ft_A,organic,tablet_writing/snr20,Reconstruction_R2,0.8677563067823648,0.8414199352264404,0.8861855864524841,41,participant
ft_A,organic,tablet_writing/snr20,Reconstruction_MASE,0.310358056396246,0.2825067639350891,0.3362150192260742,41,participant
ft_A,organic,tablet_writing/snr20,Number_of_submovements_per_second,8.729983062967658,8.256775584071875,9.26978433877229,41,participant
ft_A,organic,tablet_writing/snr10,Reconstruction_R2,0.8087904174625874,0.7818605557084084,0.8333019018173218,41,participant
ft_A,organic,tablet_writing/snr10,Reconstruction_MASE,0.38556500914692876,0.36273476481437683,0.4137541949748993,41,participant
ft_A,organic,tablet_writing/snr10,Number_of_submovements_per_second,7.3183235992491245,6.674586055800319,8.034439533948898,41,participant
ft_A,organic,whacamole/snrinf,Reconstruction_R2,0.9600522826462984,0.9483566284179688,0.9651883244514465,176,participant
ft_A,organic,whacamole/snrinf,Reconstruction_MASE,0.18909586349874735,0.18062691390514374,0.19975128769874573,176,participant
ft_A,organic,whacamole/snrinf,Number_of_submovements_per_second,5.623823514617979,5.218353420495987,5.937137274071574,176,participant
ft_A,organic,whacamole/snr20,Reconstruction_R2,0.956126603230834,0.9463739991188049,0.9619777798652649,176,participant
ft_A,organic,whacamole/snr20,Reconstruction_MASE,0.21018358469754458,0.20013852417469025,0.22211983799934387,176,participant
ft_A,organic,whacamole/snr20,Number_of_submovements_per_second,4.912162532731891,4.529977440834045,5.207541536539793,176,participant
ft_A,organic,whacamole/snr10,Reconstruction_R2,0.927797922179103,0.9179079532623291,0.9347699880599976,176,participant
ft_A,organic,whacamole/snr10,Reconstruction_MASE,0.31003546524047854,0.2971671223640442,0.32377201318740845,176,participant
ft_A,organic,whacamole/snr10,Number_of_submovements_per_second,3.5854618440382184,3.2885845005512238,3.8023093342781067,176,participant
ft_B,synthetic,all,Reconstruction_R2,0.9855450982253792,0.9850388263772605,0.9860543139518186,4608,trial
ft_B,synthetic,all,Reconstruction_MASE,0.0853965669264451,0.08369565374512906,0.08719022398779543,4608,trial
ft_B,synthetic,all,Onset_Precision,0.8123955994063254,0.8083319751716683,0.8160584216928866,4608,trial
ft_B,synthetic,all,Onset_Recall,0.8801865464244699,0.8761270433803459,0.8841095098800472,4608,trial
ft_B,synthetic,all,Onset_F1,0.8429318282813425,0.8389147401288768,0.8466747049784272,4608,trial
ft_B,synthetic,all,Onset_Distance,0.8276294779631576,0.8093394499861645,0.8454221493516292,4608,trial
ft_B,synthetic,all,Amplitude_R2,0.8453319646521575,0.8393345172985897,0.8509033690953705,4608,trial
ft_B,synthetic,all,Duration_R2,0.8010712849597136,0.7932558873086236,0.8086776737447104,4608,trial
ft_B,synthetic,all,Number_of_submovements_per_second,2.8794662762084045,2.837743618373376,2.9219805989566034,4608,trial
ft_B,synthetic,snr10_refr0.0-0.5,Reconstruction_R2,0.9477796921273693,0.9462288300303043,0.9492610133689595,512,trial
ft_B,synthetic,snr10_refr0.0-0.5,Reconstruction_MASE,0.2058674076688476,0.20392146995509391,0.20791773051314522,512,trial
ft_B,synthetic,snr10_refr0.0-0.5,Onset_Precision,0.5949811296014709,0.5906090843711657,0.5996889148959685,512,trial
ft_B,synthetic,snr10_refr0.0-0.5,Onset_Recall,0.5884652045640331,0.5828070127093766,0.5937315009706823,512,trial
ft_B,synthetic,snr10_refr0.0-0.5,Onset_F1,0.5900937538540045,0.5857960725045005,0.5943568007845065,512,trial
ft_B,synthetic,snr10_refr0.0-0.5,Onset_Distance,1.8171255872836116,1.7987004583093265,1.8361561926026957,512,trial
ft_B,synthetic,snr10_refr0.0-0.5,Amplitude_R2,0.45318265119567513,0.44527134365052917,0.4607795514370082,512,trial
ft_B,synthetic,snr10_refr0.0-0.5,Duration_R2,0.18759214039891958,0.17269570991047659,0.20271949438902084,512,trial
ft_B,synthetic,snr10_refr0.0-0.5,Number_of_submovements_per_second,4.423476768715773,4.3850392632775765,4.463443573920813,512,trial
ft_B,synthetic,snr10_refr0.5-1.0,Reconstruction_R2,0.9708776053739712,0.9699191736784997,0.9717499523656443,512,trial
ft_B,synthetic,snr10_refr0.5-1.0,Reconstruction_MASE,0.1490946919802809,0.14739603597881795,0.1506992243346758,512,trial
ft_B,synthetic,snr10_refr0.5-1.0,Onset_Precision,0.7234959974732144,0.7179639892121629,0.7292507669613623,512,trial
ft_B,synthetic,snr10_refr0.5-1.0,Onset_Recall,0.8629061069304544,0.8571596051258267,0.8684640154194845,512,trial
ft_B,synthetic,snr10_refr0.5-1.0,Onset_F1,0.7854208351794799,0.7807203545313439,0.7902272393940909,512,trial
ft_B,synthetic,snr10_refr0.5-1.0,Onset_Distance,1.3734852320326767,1.3540232765495712,1.3953177310111602,512,trial
ft_B,synthetic,snr10_refr0.5-1.0,Amplitude_R2,0.9244617630029097,0.9210189520614221,0.9278632957779337,512,trial
ft_B,synthetic,snr10_refr0.5-1.0,Duration_R2,0.8648904410656542,0.8566153925552499,0.873212752272957,512,trial
ft_B,synthetic,snr10_refr0.5-1.0,Number_of_submovements_per_second,2.6082423107436625,2.579645626456113,2.6362530536425766,512,trial
ft_B,synthetic,snr10_refr1-1.5,Reconstruction_R2,0.9889751551672816,0.9886593403469306,0.989272620427073,512,trial
ft_B,synthetic,snr10_refr1-1.5,Reconstruction_MASE,0.10067366951261647,0.09947018489219772,0.10184234363150609,512,trial
ft_B,synthetic,snr10_refr1-1.5,Onset_Precision,0.8771729046488881,0.8705916280087375,0.8836536974883769,512,trial
ft_B,synthetic,snr10_refr1-1.5,Onset_Recall,0.9275961586237734,0.9218370665722101,0.9331429655358,512,trial
ft_B,synthetic,snr10_refr1-1.5,Onset_F1,0.9002000646673806,0.8947871277092733,0.9054939424954548,512,trial
ft_B,synthetic,snr10_refr1-1.5,Onset_Distance,1.0101781387893136,0.9908043632062634,1.0301059781473112,512,trial
ft_B,synthetic,snr10_refr1-1.5,Amplitude_R2,0.9814001468475908,0.9790553481812821,0.9835330225469079,512,trial
ft_B,synthetic,snr10_refr1-1.5,Duration_R2,0.9450236449483782,0.9388811412994983,0.9505800585378893,512,trial
ft_B,synthetic,snr10_refr1-1.5,Number_of_submovements_per_second,1.4194922507886076,1.4051953762609628,1.4346123694886046,512,trial
ft_B,synthetic,snr20_refr0.0-0.5,Reconstruction_R2,0.9826389765366912,0.9819468185742153,0.9833128221856896,512,trial
ft_B,synthetic,snr20_refr0.0-0.5,Reconstruction_MASE,0.10715574586356524,0.1057299578707898,0.10862732087516633,512,trial
ft_B,synthetic,snr20_refr0.0-0.5,Onset_Precision,0.6804666899721583,0.6760328986742122,0.6850630339622759,512,trial
ft_B,synthetic,snr20_refr0.0-0.5,Onset_Recall,0.7286745847615504,0.7233137505996954,0.7341673088867569,512,trial
ft_B,synthetic,snr20_refr0.0-0.5,Onset_F1,0.7023573573696174,0.698253815197924,0.7064390452570428,512,trial
ft_B,synthetic,snr20_refr0.0-0.5,Onset_Distance,1.4575064224807042,1.4397489604352598,1.4754859587789144,512,trial
ft_B,synthetic,snr20_refr0.0-0.5,Amplitude_R2,0.5750809115124866,0.5677130558353383,0.5826329012430506,512,trial
ft_B,synthetic,snr20_refr0.0-0.5,Duration_R2,0.529856143053621,0.5200563668564427,0.5393255902396049,512,trial
ft_B,synthetic,snr20_refr0.0-0.5,Number_of_submovements_per_second,4.786289276671596,4.7480832136643585,4.827076396715711,512,trial
ft_B,synthetic,snr20_refr0.5-1.0,Reconstruction_R2,0.9949804798234254,0.9945632777176797,0.9953281634952873,512,trial
ft_B,synthetic,snr20_refr0.5-1.0,Reconstruction_MASE,0.05621796670311596,0.05548365018948971,0.05698374053263251,512,trial
ft_B,synthetic,snr20_refr0.5-1.0,Onset_Precision,0.7995575537090327,0.7945085424972116,0.8046751910598048,512,trial
ft_B,synthetic,snr20_refr0.5-1.0,Onset_Recall,0.9675734100534014,0.9647873206520698,0.9704543116054283,512,trial
ft_B,synthetic,snr20_refr0.5-1.0,Onset_F1,0.8743372557057878,0.8708124088495894,0.877888388359421,512,trial
ft_B,synthetic,snr20_refr0.5-1.0,Onset_Distance,0.6787419478917511,0.6659050198111124,0.6920498005128776,512,trial
ft_B,synthetic,snr20_refr0.5-1.0,Amplitude_R2,0.9610381784150377,0.9579603400081396,0.9638900206598919,512,trial
ft_B,synthetic,snr20_refr0.5-1.0,Duration_R2,0.9492785757174715,0.9456978270580294,0.9526348792511271,512,trial
ft_B,synthetic,snr20_refr0.5-1.0,Number_of_submovements_per_second,2.6430469998012995,2.6192579402832052,2.6674249276184128,512,trial
ft_B,synthetic,snr20_refr1-1.5,Reconstruction_R2,0.9984793540788814,0.9983565114729572,0.9985768304672092,512,trial
ft_B,synthetic,snr20_refr1-1.5,Reconstruction_MASE,0.03419044567635865,0.033636536268659256,0.03477240807696944,512,trial
ft_B,synthetic,snr20_refr1-1.5,Onset_Precision,0.8981268641765219,0.8927881842076064,0.9035963827159803,512,trial
ft_B,synthetic,snr20_refr1-1.5,Onset_Recall,0.9897879061201877,0.987590761718621,0.9918186232151384,512,trial
ft_B,synthetic,snr20_refr1-1.5,Onset_F1,0.9405011225455013,0.9372407833541746,0.9438104644875039,512,trial
ft_B,synthetic,snr20_refr1-1.5,Onset_Distance,0.3535307387185965,0.34209246498546514,0.3652990376601662,512,trial
ft_B,synthetic,snr20_refr1-1.5,Amplitude_R2,0.990067154285498,0.9881794432294555,0.9917737144511193,512,trial
ft_B,synthetic,snr20_refr1-1.5,Duration_R2,0.9800720686325803,0.9770502081897575,0.982804511123686,512,trial
ft_B,synthetic,snr20_refr1-1.5,Number_of_submovements_per_second,1.480312556886929,1.4653125592194556,1.4951982969851088,512,trial
ft_B,synthetic,snrinf_refr0.0-0.5,Reconstruction_R2,0.9872225689468905,0.9866293909028172,0.9878377189888852,512,trial
ft_B,synthetic,snrinf_refr0.0-0.5,Reconstruction_MASE,0.08666662454197649,0.08537742905482446,0.0880089829184726,512,trial
ft_B,synthetic,snrinf_refr0.0-0.5,Onset_Precision,0.7766897627294747,0.7726443229206582,0.7806338255976197,512,trial
ft_B,synthetic,snrinf_refr0.0-0.5,Onset_Recall,0.8611186947822496,0.8575795169235666,0.8647270158802802,512,trial
ft_B,synthetic,snrinf_refr0.0-0.5,Onset_F1,0.8157618858201419,0.8127426404736292,0.8189132600066252,512,trial
ft_B,synthetic,snrinf_refr0.0-0.5,Onset_Distance,0.7045636319017965,0.6927704712275157,0.7171146344212868,512,trial
ft_B,synthetic,snrinf_refr0.0-0.5,Amplitude_R2,0.7292327951872721,0.7223371810570824,0.7361407405958744,512,trial
ft_B,synthetic,snrinf_refr0.0-0.5,Duration_R2,0.7612454022746533,0.7548780608776724,0.7679465477616759,512,trial
ft_B,synthetic,snrinf_refr0.0-0.5,Number_of_submovements_per_second,4.967812726245029,4.9229269730822125,5.013635974268254,512,trial
ft_B,synthetic,snrinf_refr0.5-1.0,Reconstruction_R2,0.9990423972485587,0.9989571653073653,0.9991201239492511,512,trial
ft_B,synthetic,snrinf_refr0.5-1.0,Reconstruction_MASE,0.020530729205347598,0.020116056539018247,0.02096385848508362,512,trial
ft_B,synthetic,snrinf_refr0.5-1.0,Onset_Precision,0.9662908203706777,0.9634251367226374,0.9691544058250393,512,trial
ft_B,synthetic,snrinf_refr0.5-1.0,Onset_Recall,0.9961003694251984,0.995213120379643,0.9969510740790785,512,trial
ft_B,synthetic,snrinf_refr0.5-1.0,Onset_F1,0.9806734938825583,0.9790508120751237,0.9822251874031465,512,trial
ft_B,synthetic,snrinf_refr0.5-1.0,Onset_Distance,0.04890504922792887,0.04541716748789274,0.05255770088351908,512,trial
ft_B,synthetic,snrinf_refr0.5-1.0,Amplitude_R2,0.995013314881362,0.9940464909130242,0.9958773640712024,512,trial
ft_B,synthetic,snrinf_refr0.5-1.0,Duration_R2,0.9932767160935327,0.9921254157292424,0.9942644130962435,512,trial
ft_B,synthetic,snrinf_refr0.5-1.0,Number_of_submovements_per_second,2.243906342337141,2.2265625894888217,2.261132903971884,512,trial
ft_B,synthetic,snrinf_refr1-1.5,Reconstruction_R2,0.999909654725343,0.999903024637024,0.9999143526307307,512,trial
ft_B,synthetic,snrinf_refr1-1.5,Reconstruction_MASE,0.008171821185896988,0.008035119169517203,0.008302216856577616,512,trial
ft_B,synthetic,snrinf_refr1-1.5,Onset_Precision,0.9947786719754907,0.9933799793803493,0.9961251568987095,512,trial
ft_B,synthetic,snrinf_refr1-1.5,Onset_Recall,0.9994564825593814,0.9989778898929675,0.999825719527868,512,trial
ft_B,synthetic,snrinf_refr1-1.5,Onset_F1,0.9970406855076104,0.9962200674983775,0.9977827726795414,512,trial
ft_B,synthetic,snrinf_refr1-1.5,Onset_Distance,0.004628553342038396,0.0032965442100547403,0.006110684757243433,512,trial
ft_B,synthetic,snrinf_refr1-1.5,Amplitude_R2,0.9985107665415853,0.9976901349902618,0.9991738475160673,512,trial
ft_B,synthetic,snrinf_refr1-1.5,Duration_R2,0.9984064324526116,0.997499677434098,0.9990950425708434,512,trial
ft_B,synthetic,snrinf_refr1-1.5,Number_of_submovements_per_second,1.342617253685603,1.3324190120965795,1.3524610028980533,512,trial
ft_B,organic,Fitts/snrinf,Reconstruction_R2,0.9277135250270366,0.8851795792579651,0.950428307056427,10,participant
ft_B,organic,Fitts/snrinf,Reconstruction_MASE,0.2305372576341033,0.20806537568569183,0.2597117185592651,10,participant
ft_B,organic,Fitts/snrinf,Number_of_submovements_per_second,1.9114957871753722,1.6759776324033737,2.142857238650322,10,participant
ft_B,organic,Fitts/snr20,Reconstruction_R2,0.9276998384594918,0.9040819704532623,0.94826340675354,10,participant
ft_B,organic,Fitts/snr20,Reconstruction_MASE,0.22617660377919674,0.20726805925369263,0.2612258493900299,10,participant
ft_B,organic,Fitts/snr20,Number_of_submovements_per_second,1.5925726512540133,1.3636363483965397,1.8238911121152335,10,participant
ft_B,organic,Fitts/snr10,Reconstruction_R2,0.9135121756196022,0.8770626783370972,0.9371750399470329,10,participant
ft_B,organic,Fitts/snr10,Reconstruction_MASE,0.2546835517212748,0.23697905689477922,0.27823469042778015,10,participant
ft_B,organic,Fitts/snr10,Number_of_submovements_per_second,1.412516088495031,1.1363636702299118,1.7969540487974873,10,participant
ft_B,organic,crank/snrinf,Reconstruction_R2,0.9167437579035759,0.894843578338623,0.93508180975914,5,participant
ft_B,organic,crank/snrinf,Reconstruction_MASE,0.05735802384093404,0.05181054398417473,0.06340527534484863,5,participant
ft_B,organic,crank/snrinf,Number_of_submovements_per_second,5.648947998359799,5.454545617103577,5.846153497695923,5,participant
ft_B,organic,crank/snr20,Reconstruction_R2,0.9490136463046074,0.9352188110351562,0.9599469304084778,5,participant
ft_B,organic,crank/snr20,Reconstruction_MASE,0.0450996545702219,0.04088548198342323,0.05016836151480675,5,participant
ft_B,organic,crank/snr20,Number_of_submovements_per_second,5.458030786290765,5.303867608308792,5.647059381008148,5,participant
ft_B,organic,crank/snr10,Reconstruction_R2,0.9043330389708281,0.8959697328507901,0.9164275527000427,5,participant
ft_B,organic,crank/snr10,Reconstruction_MASE,0.06607829113677144,0.059628114849329,0.07492699790745969,5,participant
ft_B,organic,crank/snr10,Number_of_submovements_per_second,4.870324073508382,4.705882519483566,5.04615381360054,5,participant
ft_B,organic,object_moving/snrinf,Reconstruction_R2,0.9781787757575512,0.9737715721130371,0.9823172986507416,5,participant
ft_B,organic,object_moving/snrinf,Reconstruction_MASE,0.09288774777948856,0.08499536663293839,0.09941911697387695,5,participant
ft_B,organic,object_moving/snrinf,Number_of_submovements_per_second,3.734094294682145,3.4090910106897354,3.913043439388275,5,participant
ft_B,organic,object_moving/snr20,Reconstruction_R2,0.981519782692194,0.9792819023132324,0.9845665097236633,5,participant
ft_B,organic,object_moving/snr20,Reconstruction_MASE,0.08510761036723852,0.07786556333303452,0.09469905495643616,5,participant
ft_B,organic,object_moving/snr20,Number_of_submovements_per_second,3.0395050871931018,2.8915661573410034,3.2984152436256404,5,participant
ft_B,organic,object_moving/snr10,Reconstruction_R2,0.9536829487681389,0.9440954029560089,0.9641095995903015,5,participant
ft_B,organic,object_moving/snr10,Reconstruction_MASE,0.14393441688641906,0.121213898062706,0.15863440930843353,5,participant
ft_B,organic,object_moving/snr10,Number_of_submovements_per_second,2.181336626736447,1.894737035036087,2.3076923936605453,5,participant
ft_B,organic,pointing/snrinf,Reconstruction_R2,0.9882469228804112,0.9834522604942322,0.9921049475669861,2,participant
ft_B,organic,pointing/snrinf,Reconstruction_MASE,0.13209811033308505,0.12168996557593346,0.14342403411865234,2,participant
ft_B,organic,pointing/snrinf,Number_of_submovements_per_second,2.557541719637811,2.380952462553978,2.7718551456928253,2,participant
ft_B,organic,pointing/snr20,Reconstruction_R2,0.9864581497907638,0.9847181230783463,0.9879234135150909,2,participant
ft_B,organic,pointing/snr20,Reconstruction_MASE,0.1476667637825012,0.13605041541159152,0.16159342229366302,2,participant
ft_B,organic,pointing/snr20,Number_of_submovements_per_second,1.6091948713827877,1.3846154138445854,1.9354838132858276,2,participant
ft_B,organic,pointing/snr10,Reconstruction_R2,0.9770601893216372,0.9726682603359222,0.979576975107193,2,participant
ft_B,organic,pointing/snr10,Reconstruction_MASE,0.18774575336277485,0.17691245675086975,0.20069932416081426,2,participant
ft_B,organic,pointing/snr10,Number_of_submovements_per_second,0.6979877051291987,0.49590163864195347,0.9756097197532654,2,participant
ft_B,organic,steering/snrinf,Reconstruction_R2,0.9746741720587015,0.9701321125030518,0.9803274571895599,9,participant
ft_B,organic,steering/snrinf,Reconstruction_MASE,0.1301564217954874,0.11555472761392593,0.13958601653575897,9,participant
ft_B,organic,steering/snrinf,Number_of_submovements_per_second,5.186836405657232,4.930225610733032,5.371740013360977,9,participant
ft_B,organic,steering/snr20,Reconstruction_R2,0.9702577584981918,0.9660819172859192,0.977302074432373,9,participant
ft_B,organic,steering/snr20,Reconstruction_MASE,0.1498978119120002,0.13478413224220276,0.15749602317810057,9,participant
ft_B,organic,steering/snr20,Number_of_submovements_per_second,4.0127942278236155,3.8172832131385803,4.2193541675806046,9,participant
ft_B,organic,steering/snr10,Reconstruction_R2,0.9415782714188099,0.9376404881477356,0.9469684958457947,9,participant
ft_B,organic,steering/snr10,Reconstruction_MASE,0.2457121774479747,0.2312411367893219,0.25511511266231535,9,participant
ft_B,organic,steering/snr10,Number_of_submovements_per_second,2.9900434343889355,2.832687646150589,3.198011132888496,9,participant
ft_B,organic,tablet_writing/snrinf,Reconstruction_R2,0.8674004967808724,0.8499826192855835,0.8886733651161194,41,participant
ft_B,organic,tablet_writing/snrinf,Reconstruction_MASE,0.2921613799929619,0.26462219208478927,0.3112623989582062,41,participant
ft_B,organic,tablet_writing/snrinf,Number_of_submovements_per_second,9.412232653722167,8.91881861910224,10.014925450086594,41,participant
ft_B,organic,tablet_writing/snr20,Reconstruction_R2,0.8633468885272741,0.8441851139068604,0.882004976272583,41,participant
ft_B,organic,tablet_writing/snr20,Reconstruction_MASE,0.3116773366034031,0.28487712144851685,0.3377176821231842,41,participant
ft_B,organic,tablet_writing/snr20,Number_of_submovements_per_second,8.950022898316384,7.9528892040252686,9.78432297706604,41,participant
ft_B,organic,tablet_writing/snr10,Reconstruction_R2,0.8138449746668339,0.7959562540054321,0.8357924222946167,41,participant
ft_B,organic,tablet_writing/snr10,Reconstruction_MASE,0.37508852635324,0.35632285475730896,0.4059384763240814,41,participant
ft_B,organic,tablet_writing/snr10,Number_of_submovements_per_second,8.01676536977291,7.190082371234894,8.786610960960388,41,participant
ft_B,organic,whacamole/snrinf,Reconstruction_R2,0.9585623714327812,0.9450953006744385,0.9648333787918091,176,participant
ft_B,organic,whacamole/snrinf,Reconstruction_MASE,0.19088961745798588,0.1815590262413025,0.20348745584487915,176,participant
ft_B,organic,whacamole/snrinf,Number_of_submovements_per_second,5.677276264205575,5.2857910841703415,5.949888372793794,176,participant
ft_B,organic,whacamole/snr20,Reconstruction_R2,0.9553920894414186,0.9437370300292969,0.9625043869018555,176,participant
ft_B,organic,whacamole/snr20,Reconstruction_MASE,0.21174657171964645,0.20126663818955423,0.2235286831855774,176,participant
ft_B,organic,whacamole/snr20,Number_of_submovements_per_second,5.077944674268365,4.69685822725296,5.339006781578064,176,participant
ft_B,organic,whacamole/snr10,Reconstruction_R2,0.925046078145504,0.912953794002533,0.9328335225582123,176,participant
ft_B,organic,whacamole/snr10,Reconstruction_MASE,0.3133060878813267,0.3001449704170227,0.3271523118019104,176,participant
ft_B,organic,whacamole/snr10,Number_of_submovements_per_second,3.7478337188065054,3.431602419354022,3.945540636777878,176,participant
ft_A2,synthetic,all,Reconstruction_R2,0.9832006994531386,0.9826221833176937,0.9837850456064592,4608,trial
ft_A2,synthetic,all,Reconstruction_MASE,0.09081058886173803,0.08891995048181041,0.09282441065321716,4608,trial
ft_A2,synthetic,all,Onset_Precision,0.7994642608917784,0.7949520352771693,0.8037480771294403,4608,trial
ft_A2,synthetic,all,Onset_Recall,0.8833595929988136,0.8796696603203362,0.8869765179336248,4608,trial
ft_A2,synthetic,all,Onset_F1,0.8367635212045554,0.8327248811729759,0.8406997973021306,4608,trial
ft_A2,synthetic,all,Onset_Distance,0.8115470968034878,0.7933335099701885,0.829076556867061,4608,trial
ft_A2,synthetic,all,Amplitude_R2,0.8361164907692,0.8299446758073625,0.8419621015375015,4608,trial
ft_A2,synthetic,all,Duration_R2,0.8001823244590519,0.7923045120625627,0.8078478382848616,4608,trial
ft_A2,synthetic,all,Number_of_submovements_per_second,2.9853256559484485,2.941723440986607,3.0322830162137207,4608,trial
ft_A2,synthetic,snr10_refr0.0-0.5,Reconstruction_R2,0.9401164246955886,0.9384995464701206,0.9417492670967477,512,trial
ft_A2,synthetic,snr10_refr0.0-0.5,Reconstruction_MASE,0.22089083614991978,0.21875284031339107,0.22313887436757796,512,trial
ft_A2,synthetic,snr10_refr0.0-0.5,Onset_Precision,0.5527258893316658,0.5481705076757227,0.5578019811268302,512,trial
ft_A2,synthetic,snr10_refr0.0-0.5,Onset_Recall,0.6079855112103721,0.6027247040227284,0.6134976580379073,512,trial
ft_A2,synthetic,snr10_refr0.0-0.5,Onset_F1,0.5769086655930347,0.5726584358640265,0.5811016726812066,512,trial
ft_A2,synthetic,snr10_refr0.0-0.5,Onset_Distance,1.755392916782439,1.7365763140975092,1.772646547332289,512,trial
ft_A2,synthetic,snr10_refr0.0-0.5,Amplitude_R2,0.4343106276355684,0.4269082606275333,0.44159945284191054,512,trial
ft_A2,synthetic,snr10_refr0.0-0.5,Duration_R2,0.17964198568370193,0.1655625750980107,0.1943201997084543,512,trial
ft_A2,synthetic,snr10_refr0.0-0.5,Number_of_submovements_per_second,4.929258042684523,4.88507541738727,4.975904532009736,512,trial
ft_A2,synthetic,snr10_refr0.5-1.0,Reconstruction_R2,0.9628446538699791,0.9613788457674672,0.9642150412139017,512,trial
ft_A2,synthetic,snr10_refr0.5-1.0,Reconstruction_MASE,0.16749634257575963,0.1652927661765716,0.16969178247236413,512,trial
ft_A2,synthetic,snr10_refr0.5-1.0,Onset_Precision,0.6682138234526735,0.6608949496895833,0.6754213843076834,512,trial
ft_A2,synthetic,snr10_refr0.5-1.0,Onset_Recall,0.8641076493984003,0.8586651361789381,0.8697388781169355,512,trial
ft_A2,synthetic,snr10_refr0.5-1.0,Onset_F1,0.7506683024756831,0.7451462855356985,0.7564816398666937,512,trial
ft_A2,synthetic,snr10_refr0.5-1.0,Onset_Distance,1.3453104332844366,1.3251543030501327,1.3661949931993986,512,trial
ft_A2,synthetic,snr10_refr0.5-1.0,Amplitude_R2,0.8796806338941678,0.8743911584053421,0.8847604581853374,512,trial
ft_A2,synthetic,snr10_refr0.5-1.0,Duration_R2,0.8584684892557561,0.8501350392791209,0.866649160918314,512,trial
ft_A2,synthetic,snr10_refr0.5-1.0,Number_of_submovements_per_second,2.8463673179066973,2.8110909545030154,2.881297982756223,512,trial
ft_A2,synthetic,snr10_refr1-1.5,Reconstruction_R2,0.9863461925415322,0.9853796672803583,0.9871703284006799,512,trial
ft_A2,synthetic,snr10_refr1-1.5,Reconstruction_MASE,0.10752286663046107,0.10580176977346127,0.10928597564015945,512,trial
ft_A2,synthetic,snr10_refr1-1.5,Onset_Precision,0.8705155662261801,0.8634019245245868,0.8772259958861192,512,trial
ft_A2,synthetic,snr10_refr1-1.5,Onset_Recall,0.9256736870304819,0.9196134950579022,0.9317573070914331,512,trial
ft_A2,synthetic,snr10_refr1-1.5,Onset_F1,0.8954505535590586,0.8896753251347874,0.9014452353472118,512,trial
ft_A2,synthetic,snr10_refr1-1.5,Onset_Distance,1.006110058796296,0.9866079217193263,1.0257569265475002,512,trial
ft_A2,synthetic,snr10_refr1-1.5,Amplitude_R2,0.9726394545286894,0.9696481836523162,0.9753087310964474,512,trial
ft_A2,synthetic,snr10_refr1-1.5,Duration_R2,0.9441536705708131,0.9380849732580827,0.9498678745731013,512,trial
ft_A2,synthetic,snr10_refr1-1.5,Number_of_submovements_per_second,1.4279297504253918,1.4132813155392796,1.4431641220999154,512,trial
ft_A2,synthetic,snr20_refr0.0-0.5,Reconstruction_R2,0.9795753418002278,0.9787253137910739,0.9803658689983422,512,trial
ft_A2,synthetic,snr20_refr0.0-0.5,Reconstruction_MASE,0.11557573569007218,0.11409073002214427,0.11711491601527087,512,trial
ft_A2,synthetic,snr20_refr0.0-0.5,Onset_Precision,0.6585357886857817,0.6543612157941512,0.6629837025788077,512,trial
ft_A2,synthetic,snr20_refr0.0-0.5,Onset_Recall,0.7354469495337626,0.7304196922959951,0.7401436223916457,512,trial
ft_A2,synthetic,snr20_refr0.0-0.5,Onset_F1,0.6933574216635733,0.6896725093307106,0.6972575194420816,512,trial
ft_A2,synthetic,snr20_refr0.0-0.5,Onset_Distance,1.4359745093009604,1.4199228862489255,1.4523598779849016,512,trial
ft_A2,synthetic,snr20_refr0.0-0.5,Amplitude_R2,0.555430700071156,0.5479576451820322,0.5626701758563286,512,trial
ft_A2,synthetic,snr20_refr0.0-0.5,Duration_R2,0.5279036599677056,0.5178833984624361,0.5380282999278279,512,trial
ft_A2,synthetic,snr20_refr0.0-0.5,Number_of_submovements_per_second,4.997343981085578,4.9555080437567085,5.038837153046188,512,trial
ft_A2,synthetic,snr20_refr0.5-1.0,Reconstruction_R2,0.9949493445456028,0.9946761897910619,0.99520550838497,512,trial
ft_A2,synthetic,snr20_refr0.5-1.0,Reconstruction_MASE,0.057073074189247563,0.05626245903313247,0.05791220470746339,512,trial
ft_A2,synthetic,snr20_refr0.5-1.0,Onset_Precision,0.7912171183161445,0.7855412854770087,0.7966614835619988,512,trial
ft_A2,synthetic,snr20_refr0.5-1.0,Onset_Recall,0.9675863502674211,0.964867417750384,0.9701846608433656,512,trial
ft_A2,synthetic,snr20_refr0.5-1.0,Onset_F1,0.8690778585134549,0.8652330545997801,0.873207833475469,512,trial
ft_A2,synthetic,snr20_refr0.5-1.0,Onset_Distance,0.6759476197720446,0.6629428063093756,0.6893362449452536,512,trial
ft_A2,synthetic,snr20_refr0.5-1.0,Amplitude_R2,0.9624751389492303,0.9596740371052874,0.9652097645797767,512,trial
ft_A2,synthetic,snr20_refr0.5-1.0,Duration_R2,0.9517865121597424,0.9483763307187474,0.9550228482257808,512,trial
ft_A2,synthetic,snr20_refr0.5-1.0,Number_of_submovements_per_second,2.67398449985194,2.6480831282497093,2.698831175792293,512,trial
ft_A2,synthetic,snr20_refr1-1.5,Reconstruction_R2,0.9985433673718944,0.9984255401912379,0.9986301129829371,512,trial
ft_A2,synthetic,snr20_refr1-1.5,Reconstruction_MASE,0.03407296640943969,0.03356217376922359,0.034606835515842246,512,trial
ft_A2,synthetic,snr20_refr1-1.5,Onset_Precision,0.9077636802867759,0.9026982290706189,0.9130879123712704,512,trial
ft_A2,synthetic,snr20_refr1-1.5,Onset_Recall,0.9896240888176986,0.9875610816358473,0.9915896808178697,512,trial
ft_A2,synthetic,snr20_refr1-1.5,Onset_F1,0.9458198755267693,0.942598026600271,0.9490959460230602,512,trial
ft_A2,synthetic,snr20_refr1-1.5,Onset_Distance,0.3510218705934306,0.3393682011064263,0.362407573937306,512,trial
ft_A2,synthetic,snr20_refr1-1.5,Amplitude_R2,0.9906247375765815,0.9887647663446841,0.9922927944891853,512,trial
ft_A2,synthetic,snr20_refr1-1.5,Duration_R2,0.9797733392333612,0.9765556355385343,0.9827830559690482,512,trial
ft_A2,synthetic,snr20_refr1-1.5,Number_of_submovements_per_second,1.463203182356665,1.4484346319331962,1.4779746658405202,512,trial
ft_A2,synthetic,snrinf_refr0.0-0.5,Reconstruction_R2,0.9875773648964241,0.9869987876358209,0.9881486147089162,512,trial
ft_A2,synthetic,snrinf_refr0.0-0.5,Reconstruction_MASE,0.0859639466216322,0.08481390458237001,0.08713478175523051,512,trial
ft_A2,synthetic,snrinf_refr0.0-0.5,Onset_Precision,0.7819103061352018,0.7777545443499359,0.7857655454107989,512,trial
ft_A2,synthetic,snrinf_refr0.0-0.5,Onset_Recall,0.8640034667817733,0.8605469573026739,0.8675270557901202,512,trial
ft_A2,synthetic,snrinf_refr0.0-0.5,Onset_F1,0.8200631923046652,0.8170359052462509,0.8231498428706334,512,trial
ft_A2,synthetic,snrinf_refr0.0-0.5,Onset_Distance,0.6839775228033267,0.6722658407575401,0.6961757900143172,512,trial
ft_A2,synthetic,snrinf_refr0.0-0.5,Amplitude_R2,0.7356962430058047,0.7289588484651176,0.7427167029702104,512,trial
ft_A2,synthetic,snrinf_refr0.0-0.5,Duration_R2,0.7680305382236838,0.7619101607298944,0.7747051723155891,512,trial
ft_A2,synthetic,snrinf_refr0.0-0.5,Number_of_submovements_per_second,4.949883035587845,4.907578350539552,4.996646717583644,512,trial
ft_A2,synthetic,snrinf_refr0.5-1.0,Reconstruction_R2,0.9989361893385649,0.9988027371640783,0.9990605157072423,512,trial
ft_A2,synthetic,snrinf_refr0.5-1.0,Reconstruction_MASE,0.02085972789063817,0.020405838864962788,0.02129854758959482,512,trial
ft_A2,synthetic,snrinf_refr0.5-1.0,Onset_Precision,0.9682089403913194,0.9656057716386635,0.97075834097475,512,trial
ft_A2,synthetic,snrinf_refr0.5-1.0,Onset_Recall,0.9962722508218491,0.9953607769003375,0.9971235674243653,512,trial
ft_A2,synthetic,snrinf_refr0.5-1.0,Onset_F1,0.9817752345349121,0.9803244218936644,0.9831617969437086,512,trial
ft_A2,synthetic,snrinf_refr0.5-1.0,Onset_Distance,0.046084718334994716,0.04218031291495663,0.04965508499098093,512,trial
ft_A2,synthetic,snrinf_refr0.5-1.0,Amplitude_R2,0.9955932893790305,0.9947383612889098,0.9963708657043753,512,trial
ft_A2,synthetic,snrinf_refr0.5-1.0,Duration_R2,0.9937778578605503,0.992775409630849,0.9946381173795089,512,trial
ft_A2,synthetic,snrinf_refr0.5-1.0,Number_of_submovements_per_second,2.239218840477406,2.222458095389811,2.255628026172417,512,trial
ft_A2,synthetic,snrinf_refr1-1.5,Reconstruction_R2,0.9999174160184339,0.9999139898020075,0.9999205555708613,512,trial
ft_A2,synthetic,snrinf_refr1-1.5,Reconstruction_MASE,0.007839803598471917,0.007721429264802282,0.007946744627088265,512,trial
ft_A2,synthetic,snrinf_refr1-1.5,Onset_Precision,0.9960872352002617,0.9948847084471235,0.9972626906254412,512,trial
ft_A2,synthetic,snrinf_refr1-1.5,Onset_Recall,0.9995363831275632,0.9991079499841579,0.99990234375,512,trial
ft_A2,synthetic,snrinf_refr1-1.5,Onset_F1,0.9977505866698477,0.9970539115517034,0.998377127069035,512,trial
ft_A2,synthetic,snrinf_refr1-1.5,Onset_Distance,0.004104221563460694,0.002831663407782209,0.00541714632434104,512,trial
ft_A2,synthetic,snrinf_refr1-1.5,Amplitude_R2,0.9985975918825716,0.9977537307160673,0.9992335766728502,512,trial
ft_A2,synthetic,snrinf_refr1-1.5,Duration_R2,0.9981048671761528,0.9968334236880765,0.9990339620795566,512,trial
ft_A2,synthetic,snrinf_refr1-1.5,Number_of_submovements_per_second,1.3407422531599877,1.3310156948227814,1.3504717432260804,512,trial
ft_A2,organic,Fitts/snrinf,Reconstruction_R2,0.9241800658553839,0.8813879422843457,0.9529324471950531,10,participant
ft_A2,organic,Fitts/snrinf,Reconstruction_MASE,0.23091776361316443,0.2107102870941162,0.2687032222747803,10,participant
ft_A2,organic,Fitts/snrinf,Number_of_submovements_per_second,1.81619475225918,1.587301567196846,2.0454546064138412,10,participant
ft_A2,organic,Fitts/snr20,Reconstruction_R2,0.9224509490281343,0.9023446440696716,0.9450512230396271,10,participant
ft_A2,organic,Fitts/snr20,Reconstruction_MASE,0.23012975307554007,0.20795300602912903,0.2593139708042145,10,participant
ft_A2,organic,Fitts/snr20,Number_of_submovements_per_second,1.76205994091928,1.4085709825158121,2.171945795416832,10,participant
ft_A2,organic,Fitts/snr10,Reconstruction_R2,0.9125128981471061,0.8774110652506352,0.9330093078315258,10,participant
ft_A2,organic,Fitts/snr10,Reconstruction_MASE,0.2582988503053784,0.2398030012845993,0.28088697865605355,10,participant
ft_A2,organic,Fitts/snr10,Number_of_submovements_per_second,1.4934970042202622,1.1280088126659393,1.866703536361456,10,participant
ft_A2,organic,crank/snrinf,Reconstruction_R2,0.9268504028767347,0.9118214845657349,0.9435144066810608,5,participant
ft_A2,organic,crank/snrinf,Reconstruction_MASE,0.05656738094240427,0.04931572079658508,0.06631860136985779,5,participant
ft_A2,organic,crank/snrinf,Number_of_submovements_per_second,5.763782566711306,5.538461208343506,5.882353484630585,5,participant
ft_A2,organic,crank/snr20,Reconstruction_R2,0.9463056305199862,0.9356787800788879,0.9579043611884117,5,participant
ft_A2,organic,crank/snr20,Reconstruction_MASE,0.04304823246970773,0.040606611035764226,0.04689429197460405,5,participant
ft_A2,organic,crank/snr20,Number_of_submovements_per_second,5.5325680126994845,5.458563566207886,5.635359138250351,5,participant
ft_A2,organic,crank/snr10,Reconstruction_R2,0.908197927981615,0.8977478437125683,0.9171975255012512,5,participant
ft_A2,organic,crank/snr10,Reconstruction_MASE,0.06322253314219416,0.05744906887412071,0.0700005292892456,5,participant
ft_A2,organic,crank/snr10,Number_of_submovements_per_second,5.4054128930345176,5.33333346247673,5.43646439909935,5,participant
ft_A2,organic,object_moving/snrinf,Reconstruction_R2,0.980428447291255,0.9758355788886547,0.9838855266571045,5,participant
ft_A2,organic,object_moving/snrinf,Reconstruction_MASE,0.0891734598390758,0.08181547373533249,0.09767229855060577,5,participant
ft_A2,organic,object_moving/snrinf,Number_of_submovements_per_second,3.914230353310704,3.711339980363846,4.166666865348816,5,participant
ft_A2,organic,object_moving/snr20,Reconstruction_R2,0.9818349011093378,0.9785826206207275,0.9853242933750153,5,participant
ft_A2,organic,object_moving/snr20,Reconstruction_MASE,0.0866837419718504,0.07916361838579178,0.09276255965232849,5,participant
ft_A2,organic,object_moving/snr20,Number_of_submovements_per_second,3.367842618841678,3.0969031155109406,3.658536449074745,5,participant
ft_A2,organic,object_moving/snr10,Reconstruction_R2,0.950592898786068,0.9421090573072434,0.9592686593532562,5,participant
ft_A2,organic,object_moving/snr10,Reconstruction_MASE,0.1465840087905526,0.13163845241069794,0.16040369868278503,5,participant
ft_A2,organic,object_moving/snr10,Number_of_submovements_per_second,2.428049537055194,2.278481125831604,2.7272728085517883,5,participant
ft_A2,organic,pointing/snrinf,Reconstruction_R2,0.9874518831223249,0.9841434955596924,0.9892182648181915,2,participant
ft_A2,organic,pointing/snrinf,Reconstruction_MASE,0.13721291817724704,0.12823902070522308,0.1432730108499527,2,participant
ft_A2,organic,pointing/snrinf,Number_of_submovements_per_second,2.619952231887728,2.222222238779068,3.1034481525421143,2,participant
ft_A2,organic,pointing/snr20,Reconstruction_R2,0.9867701071798801,0.983161598443985,0.9896785020828247,2,participant
ft_A2,organic,pointing/snr20,Reconstruction_MASE,0.14582588748633862,0.13492733240127563,0.15300966911017894,2,participant
ft_A2,organic,pointing/snr20,Number_of_submovements_per_second,1.57600424378179,1.3899821229279041,1.8826135620474815,2,participant
ft_A2,organic,pointing/snr10,Reconstruction_R2,0.9776227413564921,0.9742114245891571,0.9817131459712982,2,participant
ft_A2,organic,pointing/snr10,Reconstruction_MASE,0.18443563232570886,0.17912590503692627,0.19574186205863953,2,participant
ft_A2,organic,pointing/snr10,Number_of_submovements_per_second,0.735764232496731,0.5263157933950424,0.9375922735780472,2,participant
ft_A2,organic,steering/snrinf,Reconstruction_R2,0.9734951467216015,0.9696528911590576,0.9792022407054901,9,participant
ft_A2,organic,steering/snrinf,Reconstruction_MASE,0.13367677995190025,0.11899033188819885,0.1419824868440628,9,participant
ft_A2,organic,steering/snrinf,Number_of_submovements_per_second,5.513684452325106,5.2230969071388245,5.741758346557617,9,participant
ft_A2,organic,steering/snr20,Reconstruction_R2,0.9710870172083378,0.9664508104324341,0.9760686755180359,9,participant
ft_A2,organic,steering/snr20,Reconstruction_MASE,0.1480681105479598,0.13502988293766977,0.15507160127162933,9,participant
ft_A2,organic,steering/snr20,Number_of_submovements_per_second,4.052972929067909,3.8405350483953953,4.268644452095032,9,participant
ft_A2,organic,steering/snr10,Reconstruction_R2,0.9447192866057158,0.94045090675354,0.9497289061546326,9,participant
ft_A2,organic,steering/snr10,Reconstruction_MASE,0.23917869422584773,0.22546520829200745,0.24836028181016442,9,participant
ft_A2,organic,steering/snr10,Number_of_submovements_per_second,2.9388616793230176,2.813288695178926,3.073048247024417,9,participant
ft_A2,organic,tablet_writing/snrinf,Reconstruction_R2,0.8656847183704376,0.8502206206321716,0.8853539228439331,41,participant
ft_A2,organic,tablet_writing/snrinf,Reconstruction_MASE,0.29549682838469743,0.2678397297859192,0.3194233477115631,41,participant
ft_A2,organic,tablet_writing/snrinf,Number_of_submovements_per_second,8.954862328246236,8.347825706005096,9.406779706478119,41,participant
ft_A2,organic,tablet_writing/snr20,Reconstruction_R2,0.8628305140286684,0.8411083817481995,0.8826063573360443,41,participant
ft_A2,organic,tablet_writing/snr20,Reconstruction_MASE,0.307854040697217,0.28421929478645325,0.33847633898258206,41,participant
ft_A2,organic,tablet_writing/snr20,Number_of_submovements_per_second,8.532382018044592,7.85714328289032,9.041696324944496,41,participant
ft_A2,organic,tablet_writing/snr10,Reconstruction_R2,0.8106189784407616,0.7851446866989136,0.8293966054916382,41,participant
ft_A2,organic,tablet_writing/snr10,Reconstruction_MASE,0.3824498314112425,0.36264920234680176,0.4075853228569031,41,participant
ft_A2,organic,tablet_writing/snr10,Number_of_submovements_per_second,7.176912396848202,6.666666716337204,7.605633437633514,41,participant
ft_A2,organic,whacamole/snrinf,Reconstruction_R2,0.960466642215848,0.9499220252037048,0.965502318739891,176,participant
ft_A2,organic,whacamole/snrinf,Reconstruction_MASE,0.18969870690256357,0.18130481243133545,0.20094840712845324,176,participant
ft_A2,organic,whacamole/snrinf,Number_of_submovements_per_second,5.546534655690193,5.115551054477692,5.864127701148391,176,participant
ft_A2,organic,whacamole/snr20,Reconstruction_R2,0.9561753174364567,0.945597767829895,0.9621914036571979,176,participant
ft_A2,organic,whacamole/snr20,Reconstruction_MASE,0.2101924302652478,0.20030027627944946,0.22329680621623993,176,participant
ft_A2,organic,whacamole/snr20,Number_of_submovements_per_second,4.849233919456601,4.472445264458656,5.1470571756362915,176,participant
ft_A2,organic,whacamole/snr10,Reconstruction_R2,0.9271114119589329,0.9178684651851654,0.93476203083992,176,participant
ft_A2,organic,whacamole/snr10,Reconstruction_MASE,0.309429766356945,0.29465529322624207,0.3231024146080017,176,participant
ft_A2,organic,whacamole/snr10,Number_of_submovements_per_second,3.5301712210290135,3.2321499288082123,3.75,176,participant
ft_B2,synthetic,all,Reconstruction_R2,0.9846189357210986,0.9840760785701503,0.9851606391357361,4608,trial
ft_B2,synthetic,all,Reconstruction_MASE,0.08755080572922856,0.08583584732316973,0.08940900088633345,4608,trial
ft_B2,synthetic,all,Onset_Precision,0.8098602788897918,0.8058435517551675,0.8137190036152055,4608,trial
ft_B2,synthetic,all,Onset_Recall,0.8818657834965311,0.8781163846093095,0.8856410250085821,4608,trial
ft_B2,synthetic,all,Onset_F1,0.8422979900156613,0.8382420834736822,0.8460107426027589,4608,trial
ft_B2,synthetic,all,Onset_Distance,0.8316899800257027,0.8131526266691477,0.8484664206489638,4608,trial
ft_B2,synthetic,all,Amplitude_R2,0.8442149560432881,0.8381397520188734,0.8498911279525297,4608,trial
ft_B2,synthetic,all,Duration_R2,0.8001300197922521,0.7922851272884549,0.8078330972665247,4608,trial
ft_B2,synthetic,all,Number_of_submovements_per_second,2.9077475245382325,2.864866988697031,2.951448372029214,4608,trial
ft_B2,synthetic,snr10_refr0.0-0.5,Reconstruction_R2,0.9443609433947131,0.9426903155457694,0.9459002296702238,512,trial
ft_B2,synthetic,snr10_refr0.0-0.5,Reconstruction_MASE,0.2118775894632563,0.2096243388565199,0.21401354173358414,512,trial
ft_B2,synthetic,snr10_refr0.0-0.5,Onset_Precision,0.582387030990777,0.5779600272066577,0.5866209356343675,512,trial
ft_B2,synthetic,snr10_refr0.0-0.5,Onset_Recall,0.6006603363855232,0.5949779263112682,0.6061230913770813,512,trial
ft_B2,synthetic,snr10_refr0.0-0.5,Onset_F1,0.5896904153859763,0.585805838598057,0.5937822463731905,512,trial
ft_B2,synthetic,snr10_refr0.0-0.5,Onset_Distance,1.795339674394274,1.7758050217672066,1.813951552669409,512,trial
ft_B2,synthetic,snr10_refr0.0-0.5,Amplitude_R2,0.4496224138420075,0.44205865706608166,0.45685499655082823,512,trial
ft_B2,synthetic,snr10_refr0.0-0.5,Duration_R2,0.18383718247059733,0.1690414480806794,0.19910809679422525,512,trial
ft_B2,synthetic,snr10_refr0.0-0.5,Number_of_submovements_per_second,4.613437698717462,4.571601767664106,4.6552853643697745,512,trial
ft_B2,synthetic,snr10_refr0.5-1.0,Reconstruction_R2,0.9692878758069128,0.9680303980683675,0.9704274817631813,512,trial
ft_B2,synthetic,snr10_refr0.5-1.0,Reconstruction_MASE,0.15261892066337168,0.1507532903306128,0.15444399785883434,512,trial
ft_B2,synthetic,snr10_refr0.5-1.0,Onset_Precision,0.7170848387977948,0.7110179278053719,0.7230947549557791,512,trial
ft_B2,synthetic,snr10_refr0.5-1.0,Onset_Recall,0.8667514064295809,0.8615346313357568,0.8718817231466923,512,trial
ft_B2,synthetic,snr10_refr0.5-1.0,Onset_F1,0.7830578366296324,0.7780392502789338,0.7880224460217841,512,trial
ft_B2,synthetic,snr10_refr0.5-1.0,Onset_Distance,1.3964172776029038,1.3759625018390815,1.4182386755517262,512,trial
ft_B2,synthetic,snr10_refr0.5-1.0,Amplitude_R2,0.9224365644622594,0.9190185889281566,0.9258633564342744,512,trial
ft_B2,synthetic,snr10_refr0.5-1.0,Duration_R2,0.8657529300544411,0.8577950666571269,0.8738649739534594,512,trial
ft_B2,synthetic,snr10_refr0.5-1.0,Number_of_submovements_per_second,2.6482032451895066,2.618083125242265,2.6771544183066,512,trial
ft_B2,synthetic,snr10_refr1-1.5,Reconstruction_R2,0.9876354414736852,0.9870796307746786,0.9881437669275328,512,trial
ft_B2,synthetic,snr10_refr1-1.5,Reconstruction_MASE,0.10378622244752478,0.10232985251350328,0.10515252000805049,512,trial
ft_B2,synthetic,snr10_refr1-1.5,Onset_Precision,0.8801333993500873,0.8737917119192129,0.8864502779371044,512,trial
ft_B2,synthetic,snr10_refr1-1.5,Onset_Recall,0.9299171672880675,0.9245700224254583,0.935272634304475,512,trial
ft_B2,synthetic,snr10_refr1-1.5,Onset_F1,0.9027715102057272,0.8976220905526116,0.9076527384304242,512,trial
ft_B2,synthetic,snr10_refr1-1.5,Onset_Distance,1.0134206608194245,0.992996469600474,1.0337825980334683,512,trial
ft_B2,synthetic,snr10_refr1-1.5,Amplitude_R2,0.9811413864372298,0.978811206240789,0.9833090479456587,512,trial
ft_B2,synthetic,snr10_refr1-1.5,Duration_R2,0.9477200794499367,0.9416130073659588,0.9530296963057481,512,trial
ft_B2,synthetic,snr10_refr1-1.5,Number_of_submovements_per_second,1.4192578750953544,1.404137759380319,1.4344951792027132,512,trial
ft_B2,synthetic,snr20_refr0.0-0.5,Reconstruction_R2,0.9813905998598784,0.9806447891140124,0.9820723170763813,512,trial
ft_B2,synthetic,snr20_refr0.0-0.5,Reconstruction_MASE,0.10926844837376848,0.10782263926994347,0.1107258722451661,512,trial
ft_B2,synthetic,snr20_refr0.0-0.5,Onset_Precision,0.676930670149656,0.672637320646903,0.6812738111872243,512,trial
ft_B2,synthetic,snr20_refr0.0-0.5,Onset_Recall,0.7303171186103234,0.724727496905477,0.7358861425461796,512,trial
ft_B2,synthetic,snr20_refr0.0-0.5,Onset_F1,0.7013087321779445,0.6972335252414488,0.7053274801325385,512,trial
ft_B2,synthetic,snr20_refr0.0-0.5,Onset_Distance,1.447013095648007,1.4299603287320632,1.4655640185908292,512,trial
ft_B2,synthetic,snr20_refr0.0-0.5,Amplitude_R2,0.574550625984557,0.5672832512500463,0.5821917931229109,512,trial
ft_B2,synthetic,snr20_refr0.0-0.5,Duration_R2,0.5261974644381553,0.516354218829656,0.535493692237651,512,trial
ft_B2,synthetic,snr20_refr0.0-0.5,Number_of_submovements_per_second,4.823437722661765,4.785351784212253,4.864925034864427,512,trial
ft_B2,synthetic,snr20_refr0.5-1.0,Reconstruction_R2,0.9947952451184392,0.9943233487050748,0.9952047368773492,512,trial
ft_B2,synthetic,snr20_refr0.5-1.0,Reconstruction_MASE,0.056787465437082574,0.0559837744323886,0.057619711263942004,512,trial
ft_B2,synthetic,snr20_refr0.5-1.0,Onset_Precision,0.7954493454225313,0.7900574717488972,0.800582534434178,512,trial
ft_B2,synthetic,snr20_refr0.5-1.0,Onset_Recall,0.9683804949700867,0.9655703158023069,0.9712660212820532,512,trial
ft_B2,synthetic,snr20_refr0.5-1.0,Onset_F1,0.8722099665921249,0.8685113915337727,0.8756828730011367,512,trial
ft_B2,synthetic,snr20_refr0.5-1.0,Onset_Distance,0.6931296741758335,0.6793477531195979,0.707024625262426,512,trial
ft_B2,synthetic,snr20_refr0.5-1.0,Amplitude_R2,0.960141496383585,0.9571995286620222,0.9629139765485888,512,trial
ft_B2,synthetic,snr20_refr0.5-1.0,Duration_R2,0.9481045164866373,0.9445595955505268,0.9515413971792441,512,trial
ft_B2,synthetic,snr20_refr0.5-1.0,Number_of_submovements_per_second,2.6598048137384467,2.636127076431876,2.6851202432153514,512,trial
ft_B2,synthetic,snr20_refr1-1.5,Reconstruction_R2,0.9984653309220448,0.9983583099761745,0.9985523872077465,512,trial
ft_B2,synthetic,snr20_refr1-1.5,Reconstruction_MASE,0.03492462489521131,0.03442559383038315,0.03543832480909259,512,trial
ft_B2,synthetic,snr20_refr1-1.5,Onset_Precision,0.8951099555426133,0.88967116277641,0.9006673319257067,512,trial
ft_B2,synthetic,snr20_refr1-1.5,Onset_Recall,0.9886104624363528,0.9861710956898007,0.9908712472701228,512,trial
ft_B2,synthetic,snr20_refr1-1.5,Onset_F1,0.9382435471797732,0.9348262223364471,0.9416209289302071,512,trial
ft_B2,synthetic,snr20_refr1-1.5,Onset_Distance,0.3503143900383011,0.3387631452465825,0.36221505776172047,512,trial
ft_B2,synthetic,snr20_refr1-1.5,Amplitude_R2,0.990012547117658,0.988017281255452,0.991749713732861,512,trial
ft_B2,synthetic,snr20_refr1-1.5,Duration_R2,0.9794339062646031,0.9763987410580739,0.9822501514921896,512,trial
ft_B2,synthetic,snr20_refr1-1.5,Number_of_submovements_per_second,1.4841797452390892,1.4684736908475315,1.4996484934199543,512,trial
ft_B2,synthetic,snrinf_refr0.0-0.5,Reconstruction_R2,0.986796650569886,0.9861417739622993,0.9874180516751949,512,trial
ft_B2,synthetic,snrinf_refr0.0-0.5,Reconstruction_MASE,0.08802633285813499,0.08676934226295999,0.08929098116095702,512,trial
ft_B2,synthetic,snrinf_refr0.0-0.5,Onset_Precision,0.7774451488708484,0.7729080988846458,0.7813167280590857,512,trial
ft_B2,synthetic,snrinf_refr0.0-0.5,Onset_Recall,0.8572123354006014,0.8534334412209084,0.8610520062793047,512,trial
ft_B2,synthetic,snrinf_refr0.0-0.5,Onset_F1,0.814332846514974,0.8110989226625829,0.8174941943289404,512,trial
ft_B2,synthetic,snrinf_refr0.0-0.5,Onset_Distance,0.7245096927526258,0.7127793557440782,0.7362518697815512,512,trial
ft_B2,synthetic,snrinf_refr0.0-0.5,Amplitude_R2,0.7267361688427627,0.7199253660830436,0.7339985034865094,512,trial
ft_B2,synthetic,snrinf_refr0.0-0.5,Duration_R2,0.7590493167517707,0.7528816399455536,0.7657626544270897,512,trial
ft_B2,synthetic,snrinf_refr0.0-0.5,Number_of_submovements_per_second,4.9429689660610165,4.897145719358377,4.98786643621861,512,trial
ft_B2,synthetic,snrinf_refr0.5-1.0,Reconstruction_R2,0.9989530926104635,0.9988298809505067,0.9990529353410238,512,trial
ft_B2,synthetic,snrinf_refr0.5-1.0,Reconstruction_MASE,0.021519021182029974,0.02107861444142145,0.021988896998527706,512,trial
ft_B2,synthetic,snrinf_refr0.5-1.0,Onset_Precision,0.9685388787251619,0.9658458459488264,0.9711756622428298,512,trial
ft_B2,synthetic,snrinf_refr0.5-1.0,Onset_Recall,0.9953160887714378,0.9943272674410172,0.9962498447371121,512,trial
ft_B2,synthetic,snrinf_refr0.5-1.0,Onset_F1,0.9814851914341994,0.9799578465989924,0.9830097735686807,512,trial
ft_B2,synthetic,snrinf_refr0.5-1.0,Onset_Distance,0.060008817841668,0.05558795016358535,0.0639696175633771,512,trial
ft_B2,synthetic,snrinf_refr0.5-1.0,Amplitude_R2,0.9949180057737976,0.9939671263069613,0.9957602797279833,512,trial
ft_B2,synthetic,snrinf_refr0.5-1.0,Duration_R2,0.9928420769283548,0.9916383790783584,0.9939044449565699,512,trial
ft_B2,synthetic,snrinf_refr0.5-1.0,Number_of_submovements_per_second,2.236875088128727,2.220586029719925,2.2537500889302464,512,trial
ft_B2,synthetic,snrinf_refr1-1.5,Reconstruction_R2,0.999885241733864,0.9998791144404094,0.999890193057945,512,trial
ft_B2,synthetic,snrinf_refr1-1.5,Reconstruction_MASE,0.009148626242676983,0.009009761658944626,0.009274041663775278,512,trial
ft_B2,synthetic,snrinf_refr1-1.5,Onset_Precision,0.9956632421586566,0.9944679194362025,0.9968643189316062,512,trial
ft_B2,synthetic,snrinf_refr1-1.5,Onset_Recall,0.9996266411768057,0.9992251413779477,0.9999112215909091,512,trial
ft_B2,synthetic,snrinf_refr1-1.5,Onset_F1,0.9975818640205991,0.9968526527825462,0.9982149286241059,512,trial
ft_B2,synthetic,snrinf_refr1-1.5,Onset_Distance,0.005056536958286279,0.0037184124398586013,0.006542493381137656,512,trial
ft_B2,synthetic,snrinf_refr1-1.5,Amplitude_R2,0.998375395545736,0.9975473433005391,0.9990683323616395,512,trial
ft_B2,synthetic,snrinf_refr1-1.5,Duration_R2,0.9982327052857727,0.9973279629950411,0.99896737987292,512,trial
ft_B2,synthetic,snrinf_refr1-1.5,Number_of_submovements_per_second,1.3415625660127262,1.3316016310218401,1.3515235012382618,512,trial
ft_B2,organic,Fitts/snrinf,Reconstruction_R2,0.9235347694456577,0.8924261927604675,0.9489283263683319,10,participant
ft_B2,organic,Fitts/snrinf,Reconstruction_MASE,0.23265711694955826,0.20695929303765298,0.27410396933555603,10,participant
ft_B2,organic,Fitts/snrinf,Number_of_submovements_per_second,1.9399527546577156,1.6623414494097233,2.247190922498703,10,participant
ft_B2,organic,Fitts/snr20,Reconstruction_R2,0.9258238592743874,0.8926719427108765,0.9443975985050201,10,participant
ft_B2,organic,Fitts/snr20,Reconstruction_MASE,0.23234501124173404,0.21078313067555426,0.2630745768547058,10,participant
ft_B2,organic,Fitts/snr20,Number_of_submovements_per_second,1.5817963893804698,1.3698915392160416,1.9147100793197747,10,participant
ft_B2,organic,Fitts/snr10,Reconstruction_R2,0.9097413454204798,0.8769005537033081,0.9385297894477844,10,participant
ft_B2,organic,Fitts/snr10,Reconstruction_MASE,0.25641365339607003,0.23902394101023677,0.28238293528556824,10,participant
ft_B2,organic,Fitts/snr10,Number_of_submovements_per_second,1.422007626760751,1.1998799764551225,1.8103447929024696,10,participant
ft_B2,organic,crank/snrinf,Reconstruction_R2,0.9230273285955191,0.9126655824482441,0.9429129347205161,5,participant
ft_B2,organic,crank/snrinf,Reconstruction_MASE,0.05466084703989327,0.05086696632206441,0.060027021914720535,5,participant
ft_B2,organic,crank/snrinf,Number_of_submovements_per_second,5.267543917447329,5.099300667643547,5.411764830350876,5,participant
ft_B2,organic,crank/snr20,Reconstruction_R2,0.9490989377051592,0.9381154179573059,0.9589025251567364,5,participant
ft_B2,organic,crank/snr20,Reconstruction_MASE,0.0436929191313684,0.039347030222415924,0.048577628005295956,5,participant
ft_B2,organic,crank/snr20,Number_of_submovements_per_second,5.140881318077445,4.984614998102188,5.237569212913513,5,participant
ft_B2,organic,crank/snr10,Reconstruction_R2,0.9019265916347504,0.8911067843437195,0.9112777560949326,5,participant
ft_B2,organic,crank/snr10,Reconstruction_MASE,0.06612145234458149,0.062049947679042816,0.07501694560050964,5,participant
ft_B2,organic,crank/snr10,Number_of_submovements_per_second,4.711184148341418,4.606060981750488,4.861538261175156,5,participant
ft_B2,organic,object_moving/snrinf,Reconstruction_R2,0.9789293739050626,0.973923921585083,0.9830515436828137,5,participant
ft_B2,organic,object_moving/snrinf,Reconstruction_MASE,0.0907919873483479,0.08223383873701096,0.1015070680528879,5,participant
ft_B2,organic,object_moving/snrinf,Number_of_submovements_per_second,3.809852066226304,3.607228808104992,3.947368562221527,5,participant
ft_B2,organic,object_moving/snr20,Reconstruction_R2,0.9821474188864231,0.9795465469360352,0.9847266674041748,5,participant
ft_B2,organic,object_moving/snr20,Reconstruction_MASE,0.08508715902268886,0.07788999378681183,0.09253601394593715,5,participant
ft_B2,organic,object_moving/snr20,Number_of_submovements_per_second,2.988062260709703,2.823529466986656,3.1578947603702545,5,participant
ft_B2,organic,object_moving/snr10,Reconstruction_R2,0.9527018236368895,0.9351263642311096,0.9600135684013367,5,participant
ft_B2,organic,object_moving/snr10,Reconstruction_MASE,0.14588664701581,0.13556808903813364,0.16539281606674194,5,participant
ft_B2,organic,object_moving/snr10,Number_of_submovements_per_second,2.1461701647844165,1.9151104241609573,2.278481125831604,5,participant
ft_B2,organic,pointing/snrinf,Reconstruction_R2,0.9889633424580098,0.9846475280821323,0.991540253162384,2,participant
ft_B2,organic,pointing/snrinf,Reconstruction_MASE,0.130151324365288,0.12345252837985755,0.1384881630539894,2,participant
ft_B2,organic,pointing/snrinf,Number_of_submovements_per_second,2.527791737560183,2.2900763154029846,2.8480299934744835,2,participant
ft_B2,organic,pointing/snr20,Reconstruction_R2,0.9861422469466925,0.9840194582939148,0.9888147115707397,2,participant
ft_B2,organic,pointing/snr20,Reconstruction_MASE,0.14932408908009528,0.13348129391670227,0.1619081348180771,2,participant
ft_B2,organic,pointing/snr20,Number_of_submovements_per_second,1.6056628035195173,1.3793306238949299,1.904762014746666,2,participant
ft_B2,organic,pointing/snr10,Reconstruction_R2,0.9753778162151575,0.9714608192443848,0.9773069024085999,2,participant
ft_B2,organic,pointing/snr10,Reconstruction_MASE,0.1927913781106472,0.1836860477924347,0.20344260334968567,2,participant
ft_B2,organic,pointing/snr10,Number_of_submovements_per_second,0.7547649585083127,0.49590163864195347,0.9836065024137497,2,participant
ft_B2,organic,steering/snrinf,Reconstruction_R2,0.9744200246334076,0.9699636101722717,0.9801632761955261,9,participant
ft_B2,organic,steering/snrinf,Reconstruction_MASE,0.1310351335480809,0.11543169617652893,0.14098909497261047,9,participant
ft_B2,organic,steering/snrinf,Number_of_submovements_per_second,5.259164859429002,4.992125630378723,5.402462929487228,9,participant
ft_B2,organic,steering/snr20,Reconstruction_R2,0.970034516364336,0.9658768959343433,0.975784907490015,9,participant
ft_B2,organic,steering/snr20,Reconstruction_MASE,0.15075820053368807,0.13649263493716718,0.15846821665763855,9,participant
ft_B2,organic,steering/snr20,Number_of_submovements_per_second,4.049602183029055,3.8372641056776047,4.275402724742889,9,participant
ft_B2,organic,steering/snr10,Reconstruction_R2,0.9386464385688305,0.934085488319397,0.9447875022888184,9,participant
ft_B2,organic,steering/snr10,Reconstruction_MASE,0.24870862568169833,0.23516952991485596,0.2595983430743217,9,participant
ft_B2,organic,steering/snr10,Number_of_submovements_per_second,2.997331861909479,2.827652469277382,3.2131050154566765,9,participant
ft_B2,organic,tablet_writing/snrinf,Reconstruction_R2,0.8694128933250904,0.8504601716995239,0.8889665007591248,41,participant
ft_B2,organic,tablet_writing/snrinf,Reconstruction_MASE,0.2958392320200801,0.2634436160326004,0.3178785741329193,41,participant
ft_B2,organic,tablet_writing/snrinf,Number_of_submovements_per_second,9.389536649510264,8.888888955116272,10.000000298023224,41,participant
ft_B2,organic,tablet_writing/snr20,Reconstruction_R2,0.8657429336309433,0.8471547961235046,0.8867982015013693,41,participant
ft_B2,organic,tablet_writing/snr20,Reconstruction_MASE,0.3115322728008032,0.288346741348505,0.33615556359291077,41,participant
ft_B2,organic,tablet_writing/snr20,Number_of_submovements_per_second,9.193905782662332,8.295802149921656,10.000000298023224,41,participant
ft_B2,organic,tablet_writing/snr10,Reconstruction_R2,0.8155215975493193,0.7927113771438599,0.8369668938219547,41,participant
ft_B2,organic,tablet_writing/snr10,Reconstruction_MASE,0.3760797601938248,0.35375139117240906,0.4061067998409271,41,participant
ft_B2,organic,tablet_writing/snr10,Number_of_submovements_per_second,8.039107654429973,7.2727270424366,8.85245829820633,41,participant
ft_B2,organic,whacamole/snrinf,Reconstruction_R2,0.958583669513464,0.944977343082428,0.9647723354399205,176,participant
ft_B2,organic,whacamole/snrinf,Reconstruction_MASE,0.19292349459975958,0.18290212750434875,0.2051110863685608,176,participant
ft_B2,organic,whacamole/snrinf,Number_of_submovements_per_second,5.648550670780241,5.249416993930936,5.983286798000336,176,participant
ft_B2,organic,whacamole/snr20,Reconstruction_R2,0.9549310900121927,0.9429906904697418,0.9622981406748294,176,participant
ft_B2,organic,whacamole/snr20,Reconstruction_MASE,0.21270556825399398,0.20170475542545319,0.22567357122898102,176,participant
ft_B2,organic,whacamole/snr20,Number_of_submovements_per_second,5.07134283285588,4.672415032982826,5.3516122698783875,176,participant
ft_B2,organic,whacamole/snr10,Reconstruction_R2,0.92458071783185,0.9135794043540955,0.9320167005062103,176,participant
ft_B2,organic,whacamole/snr10,Reconstruction_MASE,0.3149616406410933,0.30058223009109497,0.33203004077076903,176,participant
ft_B2,organic,whacamole/snr10,Number_of_submovements_per_second,3.6304850840382277,3.318837493658066,3.8229981064796448,176,participant
